{"shapeUIx": [164.09513051764264, 276.76512910809504, 389.5607953589495, 499.14438781595, 546.2742525268884], "shapeUIy": [174.04275184545412, 130.84287470435234, 138.06788004756794, 194.97558926920766, 259.44867700409594], "shapeUOx": [177.72387918123576, 278.5125634569519, 399.20952755057243, 513.9601979259824, 580.8128550092281], "shapeUOy": [155.86182173718507, 99.69794248199875, 103.16744674671952, 164.64193193894215, 247.36471024084062], "shapeLIx": [164.09513051764264, 267.1549109643032, 359.811281710475, 501.5614722613788, 546.2742525268885], "shapeLIy": [174.04275184545412, 350.86456349835214, 377.856278030372, 322.20438713669967, 259.44867700409594], "shapeLOx": [187.3532802905765, 263.65541072444177, 379.95235314095646, 505.71993259579057, 552.8921036605059], "shapeLOy": [262.001638550604, 341.68003246764107, 354.5180778984075, 314.87395408520786, 258.8717550371088], "pplXY": [[330.07378004763274, 94.6471135632693], [446.72916066729306, 219.73083290300778], [324.81064319546283, 391.4282569691653], [212.79583570648902, 216.88825321014596]]}