{"shapeUIx": [164.14560172665216, 276.6840856361724, 389.4825786461289, 499.05116842208207, 546.2691235922578], "shapeUIy": [174.10564718237143, 130.85708911999797, 137.91796053461982, 194.6069602497568, 259.06390591483], "shapeUOx": [177.77535476832628, 278.47803516241123, 398.9795883972389, 513.8981985995779, 580.9945686799028], "shapeUOy": [155.91969189378193, 99.70636083145351, 102.98401748919169, 164.34533130451638, 247.00883826774415], "shapeLIx": [164.14560172665216, 267.02832653273146, 359.81614917555487, 501.63713335755966, 546.2691235922578], "shapeLIy": [174.10564718237143, 350.7480359228825, 377.8143580519094, 322.00281160682516, 259.06390591483], "shapeLOx": [187.6668876393027, 264.5094878919969, 380.66692254975044, 506.109834937912, 553.0331705839305], "shapeLOy": [262.13503444051514, 341.7611315182528, 354.1914100338003, 314.42883141744596, 258.4891710284018], "pplXY": [[330.0821431480218, 94.36972509918068], [446.752863973488, 219.591759909453], [324.7720199592166, 391.2762732254418], [212.78024380902193, 216.72928548765125]]}