{"shapeUIx": [151.7188609756732, 222.71602112847532, 327.9009766490746, 407.96378173045184, 492.06176594291475], "shapeUIy": [252.11352783764386, 181.1808099682891, 137.7385977488227, 137.9767216689661, 186.9676075016575], "shapeUOx": [158.84931091270823, 241.2756073976587, 332.6798631326195, 477.6053175316645, 547.6984120958091], "shapeUOy": [225.35204328515653, 133.82133895330426, 100.78163083214336, 127.78116455420425, 173.93428044244874], "shapeLIx": [151.7188609756732, 256.3161746485597, 396.45257491076916, 461.06158916423476, 492.06176594291475], "shapeLIy": [252.11352783764386, 357.1099280227272, 357.52987637336184, 281.7377888285305, 186.96760750165748], "shapeLOx": [182.78051836387573, 317.16783611709883, 465.9186795780248, 504.8936310654841, 541.2178773727536], "shapeLOy": [271.91067585501133, 354.72598934610795, 304.81042595469995, 247.47232452783118, 169.80808289225584], "pplXY": [[317.8193677805743, 104.89376688517339], [417.17496680521043, 224.2712598512177], [318.46969423388043, 354.883191501751], [220.27035867026675, 229.59718876837482]]}