{"shapeUIx": [157.96409132083585, 252.15192552563016, 361.75931624415676, 457.80621136387737, 508.3534838890423], "shapeUIy": [196.7546362472351, 128.32912527108516, 108.4651299101192, 156.18679074193196, 229.0319541665204], "shapeUOx": [180.1679730278078, 286.8456317139056, 405.3251975845256, 516.6529436010443, 554.8852465775261], "shapeUOy": [157.4509181462282, 75.97622332870101, 82.58827351741311, 140.625163071375, 207.41034372671933], "shapeLIx": [157.96409132083585, 275.099920703563, 390.6905549985345, 476.95607078826197, 508.3534838890423], "shapeLIy": [196.7546362472351, 377.8678131445691, 383.0263420881428, 311.28888543055416, 229.0319541665204], "shapeLOx": [182.46943194252577, 313.63636417599383, 462.5498699952926, 509.61774298349036, 544.5257870375156], "shapeLOy": [248.48847051778134, 367.29309611411463, 323.9755741094401, 270.16650564347117, 205.7632620011475], "pplXY": [[321.1329681604699, 71.54849831776103], [445.25896211554317, 218.6003133810491], [319.2068420477538, 397.2077000780263], [200.58382905694285, 220.30623296760555]]}