{"shapeUIx": [168.11172968379645, 253.72441702611854, 344.1241983731037, 422.4290560661376, 500.48253595896597], "shapeUIy": [219.9998611483367, 172.04876975564818, 152.64403761327713, 155.95614763368044, 195.63474989820034], "shapeUOx": [210.53276919026757, 296.5261868025437, 381.7105445249441, 474.77943875095104, 558.8001410845188], "shapeUOy": [157.5036208994114, 112.44825924692645, 110.83814568693458, 132.91305717891066, 169.2986655136169], "shapeLIx": [168.11172968379645, 273.0492889066227, 393.52322964998547, 465.8342269777032, 500.48253595896597], "shapeLIy": [219.9998611483367, 337.4555219390794, 341.2898659532998, 277.72763541752624, 195.63474989820034], "shapeLOx": [185.3958989389618, 292.4681322036736, 431.2376675645875, 503.00009370053715, 547.6663909671618], "shapeLOy": [254.82299961358012, 323.6662870157727, 296.733125520852, 243.02891879559837, 171.49335302243975], "pplXY": [[325.1556981799012, 95.78860723160855], [427.52308962247014, 218.20882012573398], [325.388238248432, 351.49262208400216], [225.26373949922976, 222.7082933408477]]}