{"shapeUIx": [158.7916821898128, 240.5130710466482, 344.6797654930284, 436.97830252236037, 502.49507642475567], "shapeUIy": [218.00405968887497, 150.0982736015967, 116.68128952684133, 140.4126133907726, 202.2932602364712], "shapeUOx": [183.34304635339072, 282.0185057452155, 384.11951374089034, 508.0177153909893, 562.4051040150094], "shapeUOy": [173.52716409711152, 92.52822594843283, 83.23287762808971, 126.61986126119965, 174.91254695033814], "shapeLIx": [158.7916821898128, 269.67781548995293, 394.54239353807475, 477.6588115370631, 502.49507642475567], "shapeLIy": [218.00405968887497, 368.50328996567043, 373.0279473909176, 292.1450644878832, 202.2932602364712], "shapeLOx": [187.97115537506266, 330.6012089212627, 487.15298390382884, 521.7364603610105, 549.0506700205584], "shapeLOy": [256.92124332694556, 363.7235870834935, 306.25835607386546, 245.4105514879464, 174.76191146059534], "pplXY": [[322.7811092889673, 69.58517873768731], [439.74424180089363, 214.49187469629322], [320.022267459682, 380.9277636431953], [207.0676588722934, 218.17870984409313]]}