{"shapeUIx": [168.07910234962213, 253.77693519122164, 344.33002798236976, 422.6595223408832, 500.51225238981306], "shapeUIy": [220.2556243127944, 172.25320912907358, 152.97386930784708, 156.61394097341912, 196.31379495053895], "shapeUOx": [210.00863202588053, 296.02204887582064, 381.42567222159215, 474.7413652826708, 558.4301465342502], "shapeUOy": [158.39154385040996, 112.98715414238438, 111.28937053477266, 133.5227887020828, 170.2950253124099], "shapeLIx": [168.07910234962213, 272.87826237792444, 393.49781069801304, 465.71115647553114, 500.51225238981306], "shapeLIy": [220.2556243127944, 337.51039049842535, 341.35706416828623, 278.12610783624325, 196.31379495053895], "shapeLOx": [185.24736519912784, 291.6671271176458, 430.23787198588906, 502.4027202633059, 547.3541765153001], "shapeLOy": [254.80190536826763, 323.7198736933031, 297.32238823143877, 243.91304255986643, 172.43657923498736], "pplXY": [[325.0933116370351, 96.51799263105825], [427.4085355694483, 218.5093741448721], [325.406472818346, 351.5714642707921], [225.30678673497817, 222.99455985304115]]}