{"shapeUIx": [151.7663835821194, 222.58679255385567, 327.7852008512328, 407.8263793637324, 492.0551087268348], "shapeUIy": [252.22103202779172, 181.2121872504017, 137.53932980517905, 137.47684409460504, 186.4448748793098], "shapeUOx": [158.8889812935222, 241.19505662377432, 332.34872282411027, 477.5232680109095, 547.9370927242632], "shapeUOy": [225.4609895133686, 133.8464012875205, 100.53322988669034, 127.3801458006147, 173.45654776046212], "shapeLIx": [151.7663835821194, 256.14169451647086, 396.46727111560847, 461.15629407022215, 492.0551087268348], "shapeLIy": [252.22103202779172, 356.9699481551768, 357.4780490860822, 281.4708275320828, 186.4448748793098], "shapeLOx": [183.17458044903174, 318.27741691832694, 466.85385549529485, 505.40284516833754, 541.4057676687221], "shapeLOy": [272.0969858241293, 354.84409682668513, 304.3894738049616, 246.88888392299228, 169.29214690269345], "pplXY": [[317.82558570675894, 104.54002756858645], [417.19912726338026, 224.09487330855987], [318.41708361065525, 354.6834060551647], [220.2480622291245, 229.3984047418283]]}