{"shapeUIx": [158.79168217833342, 240.5130710632281, 344.6797655131699, 436.9783025452354, 502.49507642575855], "shapeUIy": [218.00405968504705, 150.09827360576816, 116.68128956627488, 140.4126134809327, 202.29326032964835], "shapeUOx": [183.3430463286052, 282.018505737631, 384.1195137773225, 508.01771540118, 562.4051039682281], "shapeUOy": [173.5271641111889, 92.52822596255868, 83.2328776771697, 126.61986133600651, 174.91254704637313], "shapeLIx": [158.79168217833342, 269.677815510116, 394.54239353699165, 477.6588115178353, 502.49507642575855], "shapeLIy": [218.00405968504705, 368.50328999013027, 373.02794740030686, 292.14506453778176, 202.29326032964835], "shapeLOx": [187.9711553079277, 330.6012087293174, 487.1529837349202, 521.7364602670191, 549.0506699838805], "shapeLOy": [256.9212433001483, 363.72358706847984, 306.2583561540901, 245.41055159942243, 174.7619115603067], "pplXY": [[322.7811092853643, 69.58517881352097], [439.7442417922488, 214.49187473228298], [320.02226746782134, 380.927763674407], [207.06765887690204, 218.17870988387995]]}