{"shapeUIx": [165.6440972628306, 254.64579095576306, 354.8114832199802, 461.39906891297994, 524.4030556063525], "shapeUIy": [170.03984492485876, 124.35312621815137, 117.26297510302302, 164.6232000765063, 237.61793869635395], "shapeUOx": [188.8303930816706, 302.4429274833723, 399.1300208517608, 508.0272274306558, 577.3631554917731], "shapeUOy": [140.44376174516225, 72.56250165709093, 84.5712850448296, 147.92116739513426, 218.68887293881107], "shapeLIx": [165.6440972628306, 274.55860426327274, 360.4278427034937, 508.0710644329448, 524.4030556063525], "shapeLIy": [170.03984492485876, 371.38134535156416, 402.859541070713, 313.36457893007184, 237.61793869635395], "shapeLOx": [204.45709794270556, 312.71535266010153, 455.8188006763695, 527.2993214475853, 546.92842378869], "shapeLOy": [300.3902994169437, 364.8740878895988, 334.6745242650138, 288.096961072927, 236.16233643103357], "pplXY": [[327.0728370853113, 82.33771211041574], [440.52274408201947, 215.49628394874748], [319.6818126396299, 398.3282584441426], [207.66394208603228, 212.28839259702826]]}