{"shapeUIx": [157.96180135319167, 252.1479295507561, 361.7988587726023, 457.8425914602846, 508.35819901194157], "shapeUIy": [196.8509274482886, 128.4003032628463, 108.53558531801703, 156.29165284016045, 229.1290477271606], "shapeUOx": [180.03087801179979, 286.69449101764405, 405.19304950987447, 516.6224308028075, 554.8152900321542], "shapeUOy": [157.7216329862859, 76.13816800378547, 82.68188775603066, 140.7293172424947, 207.60174130171973], "shapeLIx": [157.96180135319167, 275.02184672755016, 390.6869110319944, 476.93048152028507, 508.35819901194157], "shapeLIy": [196.8509274482886, 377.85302449074277, 383.0272829873685, 311.3508165325052, 229.1290477271606], "shapeLOx": [182.48222555453154, 313.5670593921001, 462.4014815187737, 509.52387094758814, 544.4672834467605], "shapeLOy": [248.5094948137612, 367.31680910058003, 324.07208387839694, 270.3175157974946, 205.93256497137168], "pplXY": [[321.116368495127, 71.7070115200938], [445.22565197800384, 218.6588035653064], [319.20559653205066, 397.189547146222], [200.59752468267294, 220.35887029536602]]}