{"shapeUIx": [157.96409132049953, 252.15192552611575, 361.75931624474725, 457.80621136454795, 508.35348388907175], "shapeUIy": [196.75463624712424, 128.32912527120828, 108.46512991127523, 156.18679074457447, 229.03195416925124], "shapeUOx": [180.16797302707982, 286.8456317136813, 405.32519758559096, 516.6529436013424, 554.8852465761549], "shapeUOy": [157.45091814664426, 75.97622332911698, 82.58827351885205, 140.62516307356776, 207.4103437295352], "shapeLIx": [157.96409132049953, 275.09992070415257, 390.6905549985027, 476.95607078769837, 508.35348388907175], "shapeLIy": [196.75463624712424, 377.8678131452854, 383.02634208841795, 311.28888543201674, 229.03195416925124], "shapeLOx": [182.46943194055942, 313.63636417037037, 462.5498699903429, 509.6177429807358, 544.5257870364404], "shapeLOy": [248.48847051699667, 367.29309611367523, 323.97557411179145, 270.16650564673876, 205.76326200407075], "pplXY": [[321.13296816036416, 71.5484983199845], [445.25896211528953, 218.6003133821041], [319.2068420479922, 397.2077000789404], [200.583829057078, 220.3062329687717]]}