{"shapeUIx": [164.22054025722053, 276.54214505384545, 389.36080891090086, 498.89154603183323, 546.2472207182565], "shapeUIy": [174.26710027571667, 130.92912088981424, 137.72077951458016, 194.06044883583655, 258.4821797571397], "shapeUOx": [177.79801278508734, 278.3535470291866, 398.539022905329, 513.7699755838722, 581.2399515932179], "shapeUOy": [156.14390108834385, 99.80465381947086, 102.74315124384398, 163.91879758322526, 246.5126940387592], "shapeLIx": [164.22054025722053, 266.7929813095267, 359.8302824103643, 501.7341550162183, 546.2472207182565], "shapeLIy": [174.2671002757167, 350.55581702214556, 377.73952003118586, 321.6999667540654, 258.4821797571397], "shapeLOx": [188.16510772472986, 265.83935402768714, 381.7495380281988, 506.6841466626871, 553.225031595158], "shapeLOy": [262.3583717088355, 341.8958539792742, 353.70253579876555, 313.7773091548226, 257.93963233671377], "pplXY": [[330.08467197865906, 94.00924684651496], [446.76543708314387, 219.39801306996765], [324.70885170910424, 391.01223116299406], [212.76476784062385, 216.50335188576483]]}