{"shapeUIx": [151.7876139794957, 222.55221175536104, 327.7490501382289, 407.7846214595894, 492.0536904010137], "shapeUIy": [252.24043820355746, 181.2122818053317, 137.46896058423297, 137.3099903743786, 186.27155871632746], "shapeUOx": [158.92081308765574, 241.19105090656004, 332.2605851977261, 477.50003033720077, 548.0215740970168], "shapeUOy": [225.46498905353056, 133.8370648185964, 100.44626289008485, 127.24385521769523, 173.2885077213469], "shapeLIx": [151.7876139794957, 256.09301322706324, 396.4694879571779, 461.191254279713, 492.0536904010137], "shapeLIy": [252.24043820355746, 356.92131521513124, 357.460262557065, 281.37960358985265, 186.27155871632743], "shapeLOx": [183.3074146069037, 318.64783290661615, 467.1705772059022, 505.57762930348736, 541.4716606086656], "shapeLOy": [272.15284811702224, 354.8773955311783, 304.2427191202434, 246.6863394094083, 169.11429191013048], "pplXY": [[317.8305462190301, 104.40847911559767], [417.21222585137855, 224.03076935061404], [318.4007140819068, 354.6202718994056], [220.2401728392383, 229.3263358655553]]}