{"shapeUIx": [151.78622109701467, 222.55425340770836, 327.7514202112154, 407.78732520735906, 492.05379969455726], "shapeUIy": [252.23974737227437, 181.2126315498666, 137.47362175204165, 137.3207538087432, 186.28269557108075], "shapeUOx": [158.9181217000862, 241.1904937736142, 332.26535332865603, 477.5013388886091, 548.0160241027719], "shapeUOy": [225.46606696023946, 133.83841294895993, 100.45204403577603, 127.25274055259004, 173.2997672310427], "shapeLIx": [151.78622109701467, 256.095657173484, 396.4693636431049, 461.1889610521901, 492.05379969455726], "shapeLIy": [252.23974737227437, 356.9243223159175, 357.46139292260415, 281.3855402757732, 186.28269557108075], "shapeLOx": [183.29918180800325, 318.6245380157224, 467.15028436221866, 505.56636783793266, 541.4673201655279], "shapeLOy": [272.1495212448642, 354.8754905837611, 304.25228163412135, 246.69958683927956, 169.12605160618423], "pplXY": [[317.8301467037378, 104.41737405801521], [417.2112447651433, 224.03502650390834], [318.4017139227914, 354.62411437327336], [220.24071010189263, 229.3310717614322]]}