{"shapeUIx": [158.7915143948653, 240.51331196927532, 344.6800650181557, 436.97864195477615, 502.4950918334578], "shapeUIy": [218.0040177875187, 150.09834443362695, 116.68187444346017, 140.41394420693064, 202.29463484521062], "shapeUOx": [183.3426638066888, 282.01837199963694, 384.1200250427728, 508.0178599438861, 562.4044113222869], "shapeUOy": [173.52740982765854, 92.52845576354066, 83.23360701732038, 126.62096836750098, 174.91397756208144], "shapeLIx": [158.7915143948653, 269.6780981432636, 394.54237716623913, 477.65852766877515, 502.4950918334578], "shapeLIy": [218.0040177875187, 368.5036453783667, 373.02808540400855, 292.1458022915879, 202.29463484521062], "shapeLOx": [187.97017865145136, 330.5984005283045, 487.1504993979055, 521.7350758019052, 549.050126200231], "shapeLOy": [256.9208558571902, 363.723372618016, 306.259540934357, 245.41220061810958, 174.76339247520218], "pplXY": [[322.7810542046258, 69.5863078445166], [439.74411104931943, 214.49240828829284], [320.0223857917735, 380.9282169289212], [207.06772769751984, 218.17929780826057]]}