{"shapeUIx": [178.7867224275238, 271.238570389728, 358.390279727185, 454.673654556975, 512.3780311683516], "shapeUIy": [169.07837780891902, 137.67895775952218, 143.1558307795975, 194.20546520407714, 263.64681628110645], "shapeUOx": [218.27709198093467, 316.1443767847839, 407.8754385067343, 488.10758189758883, 558.8032255935592], "shapeUOy": [111.26690053720367, 84.791168337772, 113.18887420279535, 171.54708212934534, 236.95252798012422], "shapeLIx": [178.7867224275238, 294.05771926677096, 379.0023611373049, 487.2063080784677, 512.3780311683516], "shapeLIy": [169.07837780891902, 355.5550409193947, 371.42327927959946, 312.759391334023, 263.64681628110645], "shapeLOx": [199.2014472700436, 294.6206706574416, 420.40689289040165, 497.9263177240421, 537.1220509380819], "shapeLOy": [255.85550825854585, 333.9787566715341, 322.17463157745885, 292.6026917167377, 251.25464484203758], "pplXY": [[328.696734302209, 85.20356910813173], [441.3504295711, 216.44158974457542], [323.9653989877866, 382.0800079797276], [215.2661405427291, 213.657163194445]]}