{"shapeUIx": [168.10952173134416, 253.8292449495256, 344.7876893327606, 423.2301847169485, 500.6468212625756], "shapeUIy": [220.88283472926668, 172.6932971721448, 153.50215677940594, 157.7160826663604, 197.4986083703651], "shapeUOx": [208.80564587232578, 294.75630058210123, 380.4501811464898, 474.6376436815073, 557.8813996135942], "shapeUOy": [160.60724928763648, 114.2753150127293, 112.09040485434836, 134.60982230114058, 172.32909009453928], "shapeLIx": [168.10952173134416, 272.2563786790681, 393.4065546362036, 465.60181635687286, 500.6468212625756], "shapeLIy": [220.88283472926668, 337.4674221870944, 341.50478659483304, 278.8606442347273, 197.4986083703651], "shapeLOx": [185.46830657594046, 291.17863578791355, 428.95777331626124, 501.6115321435639, 546.8344733158649], "shapeLOy": [254.9685496465639, 324.01973814355887, 298.2857147727557, 245.44366773381995, 174.30791603326315], "pplXY": [[324.9680427607301, 97.81098371889294], [427.232005893928, 219.0084160107233], [325.3867478033476, 351.5938414085393], [225.3499573516968, 223.40687821883725]]}