{"shapeUIx": [157.96409132078188, 252.15192552570812, 361.7593162442514, 457.80621136398486, 508.353483889047], "shapeUIy": [196.75463624721718, 128.32912527110483, 108.46512991030457, 156.18679074235573, 229.03195416695834], "shapeUOx": [180.16797302769123, 286.84563171386986, 405.32519758469675, 516.6529436010921, 554.8852465773064], "shapeUOy": [157.4509181462945, 75.97622332876749, 82.5882735176438, 140.6251630717266, 207.41034372717075], "shapeLIx": [157.96409132078188, 275.09992070365763, 390.69055499852936, 476.9560707881716, 508.353483889047], "shapeLIy": [196.75463624721718, 377.86781314468396, 383.02634208818694, 311.2888854307887, 229.03195416695834], "shapeLOx": [182.4694319422103, 313.6363641750917, 462.54986999449875, 509.6177429830485, 544.5257870373432], "shapeLOy": [248.48847051765543, 367.2930961140441, 323.97557410981716, 270.16650564399515, 205.76326200161617], "pplXY": [[321.132968160453, 71.54849831811747], [445.2589621155025, 218.60031338121826], [319.20684204779207, 397.20770007817293], [200.5838290569645, 220.30623296779254]]}