{"shapeUIx": [151.7550222162684, 222.6090490483357, 327.8064964895625, 407.85131002345156, 492.0559671099492], "shapeUIy": [252.20487863711833, 181.20905830930036, 137.57918426458463, 137.57400076443355, 186.54619188417206], "shapeUOx": [158.87592546822486, 241.20424351656393, 332.4071613736186, 477.5381817199785, 547.8890395890525], "shapeUOy": [225.44827472403608, 133.84609153985883, 100.58255184264644, 127.45877677188221, 173.5514403756501], "shapeLIx": [151.7550222162684, 256.1735090827832, 396.4654645813399, 461.1366337074352, 492.0559671099492], "shapeLIy": [252.20487863711833, 356.99846305246336, 357.4884205786126, 281.52341723816835, 186.54619188417206], "shapeLOx": [183.0962330244951, 318.0595896583957, 466.66976493501835, 505.30182575679663, 541.3682343203025], "shapeLOy": [272.06236913735773, 354.8228105786787, 304.4735165623653, 247.00485497965377, 169.39374392454533], "pplXY": [[317.82347019034677, 104.61282731915938], [417.1928427455215, 224.1308678831405], [318.4270125553661, 354.7216286588721], [220.25246896920595, 229.43907920252423]]}