{"shapeUIx": [157.96409131260233, 252.1519255375061, 361.7593162586596, 457.8062113803403, 508.3534838897699], "shapeUIy": [196.75463624464533, 128.32912527418634, 108.46512993849679, 156.1867908067416, 229.0319542334906], "shapeUOx": [180.1679730098062, 286.8456317082121, 405.3251976104208, 516.6529436083046, 554.8852465438744], "shapeUOy": [157.45091815676784, 75.9762233390912, 82.58827355274796, 140.62516312518062, 207.410343795897], "shapeLIx": [157.96409131260233, 275.09992071789094, 390.6905549977517, 476.9560707744398, 508.3534838897699], "shapeLIy": [196.7546362446453, 377.8678131620892, 383.02634209488576, 311.28888546643674, 229.0319542334906], "shapeLOx": [182.46943189442484, 313.6363640382932, 462.5498698739725, 509.61774291595776, 544.5257870111235], "shapeLOy": [248.4884704986082, 367.2930961034016, 323.97557416711567, 270.16650572364415, 205.763262072925], "pplXY": [[321.13296815785895, 71.54849837238055], [445.25896210929415, 218.60031340694573], [319.2068420535846, 397.20770010037995], [200.5838290602645, 220.30623299621305]]}