{"shapeUIx": [158.79141766095378, 240.5134503793709, 344.6802394623836, 436.97883938854284, 502.4951009752102], "shapeUIy": [218.00399846090667, 150.09838865952702, 116.6822145890173, 140.4147158990117, 202.29543167608924], "shapeUOx": [183.34243630017448, 282.01828702871745, 384.12031252128634, 508.01794176516876, 562.4040089156994], "shapeUOy": [173.52756523570582, 92.52859628151616, 83.23403164679843, 126.62161132879177, 174.9148115723079], "shapeLIx": [158.79141766095378, 269.67825694634666, 394.5423675403078, 477.65836304563, 502.4951009752102], "shapeLIy": [218.00399846090673, 368.503849547288, 373.0281652326514, 292.14623054752235, 202.29543167608924], "shapeLOx": [187.96961713345394, 330.59678050153775, 487.1490616803341, 521.7342739040224, 549.0498100307911], "shapeLOy": [256.9206339254937, 363.7232506868375, 306.26022822639754, 245.41315813745905, 174.7642543968748], "pplXY": [[322.78102161604187, 69.58696589458849], [439.7440341592495, 214.49271850203831], [320.0224537926564, 380.9284772441156], [207.0677678803982, 218.17963897985584]]}