{"shapeUIx": [168.11172453036178, 253.72442443394476, 344.12420754132427, 422.42906646032316, 500.4825364276423], "shapeUIy": [219.9998597767545, 172.04877187163407, 152.64405552610364, 155.95618842825743, 195.6347920397015], "shapeUOx": [210.53275756336046, 296.5261828327531, 381.7105603561573, 474.7794432170934, 558.8001198637903], "shapeUOy": [157.503628205519, 112.44826616441158, 110.83816801598134, 132.91309109859765, 169.29870928933866], "shapeLIx": [168.11172453036178, 273.04929766040357, 393.5232291504572, 465.83421827638324, 500.4825364276423], "shapeLIy": [219.9998597767545, 337.4555328675598, 341.28987018746676, 277.7276580264937, 195.6347920397015], "shapeLOx": [185.3958689137167, 292.4680459676028, 431.2375913533166, 503.0000512417705, 547.6663743114888], "shapeLOy": [254.8229876879944, 323.66628039903554, 296.7331618371973, 243.02896932582433, 171.49339836626538], "pplXY": [[325.1556965026961, 95.78864178475712], [427.5230856332329, 218.20883646826786], [325.3882418865387, 351.49263602327414], [225.26374160416998, 222.70831136009005]]}