{"shapeUIx": [151.78761398398473, 222.5522117488763, 327.7490501303566, 407.78462145064816, 492.05369040062203], "shapeUIy": [252.24043820506563, 181.21228180370835, 137.46896056881923, 137.30999033913173, 186.27155867990055], "shapeUOx": [158.9208130973319, 241.19105090950762, 332.26058518346224, 477.50003033321207, 548.0215741153036], "shapeUOy": [225.46498904805762, 133.8370648130912, 100.44626287090163, 127.24385518845284, 173.2885076838138], "shapeLIx": [151.78761398398473, 256.09301321916877, 396.469487957601, 461.1912542872298, 492.05369040062203], "shapeLIy": [252.24043820506563, 356.92131520556455, 357.46026255339393, 281.37960357034655, 186.27155867990052], "shapeLOx": [183.30741463316062, 318.64783298167447, 467.1705772719417, 505.5776293402343, 541.4716606230024], "shapeLOy": [272.15284812750474, 354.8773955370535, 304.24271908888124, 246.68633936583123, 169.11429187115706], "pplXY": [[317.8305462204371, 104.40847908595936], [417.2122258547556, 224.0307693365462], [318.40071407872335, 354.6202718871979], [220.24017283743729, 229.32633585000175]]}