{"shapeUIx": [159.79201165017344, 266.6803186935837, 376.89550283425126, 469.8667256383493, 528.7453428282358], "shapeUIy": [186.99598029080897, 125.34216300930537, 121.27507758280865, 164.6757510601605, 230.85263664496588], "shapeUOx": [163.01702859147156, 244.24126380213534, 366.4916872063585, 488.5036216673235, 550.2262945560667], "shapeUOy": [157.89032923586024, 93.29105446794553, 85.24344827378796, 137.25768126037127, 224.02763427177393], "shapeLIx": [159.79201165017346, 271.89768597410045, 380.03102565606923, 466.05184887525513, 528.7453428282358], "shapeLIy": [186.99598029080897, 352.6824453814582, 362.1649081493896, 309.1728490462556, 230.85263664496583], "shapeLOx": [166.26590692644632, 250.17365405549708, 358.76819875094145, 474.15370954335424, 548.6256713113346], "shapeLOy": [228.1906751228671, 338.0601976916485, 346.91375507544484, 295.0578117990916, 218.62432266980386], "pplXY": [[323.54222513088985, 86.84628027009035], [432.35584340960895, 226.50061149281436], [322.38351107381516, 381.58314986799587], [222.05503454877584, 227.02463496331453]]}