{"shapeUIx": [157.96409132083508, 252.15192552563127, 361.759316244158, 457.8062113638788, 508.3534838890424], "shapeUIy": [196.75463624723486, 128.32912527108547, 108.46512991012177, 156.18679074193778, 229.03195416652642], "shapeUOx": [180.1679730278062, 286.8456317139051, 405.3251975845279, 516.6529436010449, 554.8852465775232], "shapeUOy": [157.4509181462291, 75.97622332870193, 82.5882735174163, 140.62516307137986, 207.41034372672553], "shapeLIx": [157.96409132083508, 275.09992070356424, 390.69055499853437, 476.9560707882607, 508.3534838890424], "shapeLIy": [196.75463624723486, 377.8678131445707, 383.02634208814345, 311.28888543055734, 229.03195416652642], "shapeLOx": [182.46943194252145, 313.6363641759814, 462.5498699952817, 509.6177429834843, 544.5257870375133], "shapeLOy": [248.4884705177796, 367.2930961141136, 323.9755741094453, 270.1665056434784, 205.76326200115392], "pplXY": [[321.13296816046966, 71.54849831776592], [445.25896211554266, 218.60031338105142], [319.2068420477543, 397.2077000780283], [200.58382905694313, 220.30623296760808]]}