{"shapeUIx": [151.78761398541346, 222.55221174681247, 327.74905012785086, 407.7846214478021, 492.05369040049743], "shapeUIy": [252.24043820554493, 181.21228180319116, 137.46896056391307, 137.309990327913, 186.27155866830623], "shapeUOx": [158.92081310041257, 241.1910509104469, 332.2605851789235, 477.50003033194287, 548.0215741211242], "shapeUOy": [225.46498904631375, 133.83706481133783, 100.44626286479556, 127.24385517914509, 173.28850767186668], "shapeLIx": [151.78761398541346, 256.0930132166568, 396.4694879577357, 461.1912542896224, 492.05369040049743], "shapeLIy": [252.24043820554493, 356.9213152025198, 357.4602625522255, 281.3796035641378, 186.27155866830623], "shapeLOx": [183.30741464151725, 318.64783300556354, 467.170577292961, 505.57762935193034, 541.4716606275658], "shapeLOy": [272.15284813084077, 354.87739553892305, 304.2427190788989, 246.68633935196084, 169.1142918587517], "pplXY": [[317.830546220885, 104.40847907652525], [417.21222585583064, 224.03076933206845], [318.4007140777102, 354.6202718833127], [220.240172836864, 229.32633584505115]]}