{"shapeUIx": [165.6440957148253, 254.6457931440763, 354.8114861043915, 461.3990721643674, 524.4030557663367], "shapeUIy": [170.03984487229718, 124.35312710577205, 117.26298070080175, 164.62321265992307, 237.61795167643157], "shapeUOx": [188.8303890714568, 302.44292570576204, 399.13002506380485, 508.02722865948664, 577.3631488909192], "shapeUOy": [140.44376496139643, 72.56250433144785, 84.57129205766066, 147.92117793180233, 218.6888867735519], "shapeLIx": [165.6440957148253, 274.55860658381704, 360.427842539703, 508.0710617475368, 524.4030557663367], "shapeLIy": [170.03984487229724, 371.3813485799219, 402.8595423621462, 313.3645859362988, 237.61795167643157], "shapeLOx": [204.45708904182237, 312.7153266893422, 455.8187773883622, 527.299308421925, 546.9284185893969], "shapeLOy": [300.3902959432291, 364.8740860299158, 334.67453548497764, 288.09697675283303, 236.16235065148993], "pplXY": [[327.0728365196559, 82.33772301628142], [440.5227427715937, 215.49628904974264], [319.6818137159348, 398.3282625557557], [207.66394275556928, 212.28839817278134]]}