{"shapeUIx": [178.76590341308943, 271.2745102581737, 358.41662741229385, 454.7056121335345, 512.3773891194568], "shapeUIy": [169.03569855153813, 137.66228385755517, 143.21062454558168, 194.3485428366451, 263.79771708189065], "shapeUOx": [218.27945126367922, 316.1864117525811, 407.9970766024522, 488.1375878432206, 558.73412430318], "shapeUOy": [111.19616038129486, 84.7612980359848, 113.25472280089761, 171.65948858260836, 237.0744891046517], "shapeLIx": [178.76590341308943, 294.12640911194825, 379.00130838345115, 487.17646791487834, 512.3773891194568], "shapeLIy": [169.03569855153813, 355.6073954661931, 371.44020967960785, 312.8357830590297, 263.79771708189065], "shapeLOx": [199.0634836980137, 294.2622093160367, 420.1228217118107, 497.77203808476304, 537.06932957709], "shapeLOy": [255.79352006933783, 333.9383412542509, 322.29859773781334, 292.76985166803115, 251.39196561113144], "pplXY": [[328.69572048309954, 85.29837761402429], [441.3448073172023, 216.49211442085806], [323.9823323807552, 382.1473963364989], [215.27113633860387, 213.71729311327445]]}