{"shapeUIx": [157.96407949610926, 252.1519420451115, 361.7593389684972, 457.80623688432536, 508.3534852135134], "shapeUIy": [196.75463775314194, 128.32913338839643, 108.46517381976507, 156.186888605281, 229.0320550166046], "shapeUOx": [180.1679396498986, 286.8456150313981, 405.3252268751826, 516.6529523894145, 554.8851949568996], "shapeUOy": [157.45094813282992, 75.97624692079181, 82.58832870455478, 140.62524539779815, 207.4104530347137], "shapeLIx": [157.96407949610926, 275.09993678923655, 390.69055367457594, 476.95604989580545, 508.3534852135134], "shapeLIy": [196.75463775314194, 377.86783751486735, 383.0263520556234, 311.2889400856854, 229.0320550166046], "shapeLOx": [182.46936458033701, 313.6361654449753, 462.54969001368016, 509.61764204706276, 544.5257462832807], "shapeLOy": [248.48844456010974, 367.2930825869357, 323.9756614622707, 270.1666280717469, 205.7633738026299], "pplXY": [[321.1329635117416, 71.5485844150808], [445.2589515110685, 218.6003533627981], [319.2068501815369, 397.20773108303973], [200.58383436902733, 220.3062764226657]]}