{"shapeUIx": [158.7916794260599, 240.513075034578, 344.6797703558063, 436.9783080431309, 502.495076668193], "shapeUIy": [218.0040588045885, 150.09827463207662, 116.681299043346, 140.41263513181158, 202.29328270307488], "shapeUOx": [183.34304033231248, 282.0185038584339, 384.1195224558136, 508.0177178327841, 562.4050927284873], "shapeUOy": [173.52716759243418, 92.52822941129175, 83.23288947626891, 126.61987930772935, 174.9125701427763], "shapeLIx": [158.7916794260599, 269.6778203123022, 394.5423932758822, 477.6588069003562, 502.495076668193], "shapeLIy": [218.0040588045885, 368.50329584892773, 373.02794965350654, 292.1450765237133, 202.29328270307488], "shapeLOx": [187.9711392240195, 330.60116270184824, 487.1529431965655, 521.7364377035658, 549.0506611696615], "shapeLOy": [256.9212368865459, 363.72358348210355, 306.2583754209503, 245.4105783788572, 174.76193552928572], "pplXY": [[322.7811084151113, 69.58519704998457], [439.7442397079344, 214.49188338107228], [320.0222694175867, 380.9277711498407], [207.06765998573073, 218.17871944004114]]}