{"shapeUIx": [165.64381854192757, 254.64606677323764, 354.81237105545256, 461.400014564408, 524.4031414669219], "shapeUIy": [170.0408906893153, 124.3540232393888, 117.26459913768888, 164.6263741841908, 237.62115169031426], "shapeUOx": [188.8281748031277, 302.4409051515338, 399.12917960241816, 508.0271145324159, 577.3613327224232], "shapeUOy": [140.4473105083157, 72.5647150423602, 84.57341187745865, 147.92403122144327, 218.69329554713954], "shapeLIx": [165.64381854192757, 274.5581103624382, 360.42777567392375, 508.07037863382504, 524.4031414669219], "shapeLIy": [170.0408906893153, 371.38175379385194, 402.8598200614108, 313.36643469418914, 237.62115169031426], "shapeLOx": [204.45586059589763, 312.71055548520724, 455.81352557306616, 527.2962281309093, 546.9269382301358], "shapeLOy": [300.39000327006335, 364.8741275114727, 334.6774114196945, 288.10118383709676, 236.16657736589485], "pplXY": [[327.07255673416824, 82.34117686374817], [440.5221831172977, 215.49774527525454], [319.6819558820212, 398.32875993209996], [207.664171383573, 212.28985580993358]]}