{"shapeUIx": [164.09513562714272, 276.76512171764364, 389.5607864319468, 499.1443776718696, 546.2742520860809], "shapeUIy": [174.04275365391055, 130.8428729210122, 138.06786255889114, 194.97554923485404, 259.448635624565], "shapeUOx": [177.72389006254974, 278.512566662431, 399.209511176387, 513.9601933572548, 580.8128757656135], "shapeUOy": [155.86181576882169, 99.6979363682537, 103.1674249901668, 164.64189874366696, 247.36466769519248], "shapeLIx": [164.09513562714272, 267.1549018997786, 359.8112821885576, 501.5614807988185, 546.2742520860809], "shapeLIy": [174.04275365391055, 350.8645525954679, 377.8562738569006, 322.2043649894117, 259.448635624565], "shapeLOx": [187.35331020684484, 263.65549613996563, 379.9524282071798, 505.71997435224176, 552.8921199286875], "shapeLOy": [262.0016505096662, 341.680039187476, 354.51804228096864, 314.87390461319103, 258.8717108302813], "pplXY": [[330.07378163328104, 94.64707996302916], [446.72916448246195, 219.73081693984477], [324.8106395678129, 391.42824305483947], [212.79583366602097, 216.88823554849313]]}