{"shapeUIx": [190.02185426306005, 292.8619987913339, 385.9636198089941, 477.27454267603133, 502.1407747527281], "shapeUIy": [162.96055064415637, 121.81898858360185, 140.3300733200303, 214.17046113499072, 282.2127788634508], "shapeUOx": [197.20254433624729, 320.2376582347942, 422.0560014727986, 492.63077547972006, 525.6193512069716], "shapeUOy": [152.61433856318868, 88.53275369533029, 128.38973418044154, 192.0410922834219, 260.1358550630459], "shapeLIx": [190.02185426306005, 278.51941923478864, 348.52464151210165, 476.10753615967417, 502.1407747527281], "shapeLIy": [162.96055064415637, 343.0499023565111, 378.7592010475149, 323.0585791895487, 282.2127788634508], "shapeLOx": [203.27122673192713, 271.97426475905206, 408.5933546747927, 481.3213077417454, 516.6959597439197], "shapeLOy": [248.63172898939882, 333.6162180203029, 337.0215507225693, 312.045781422027, 268.29236050563156], "pplXY": [[326.77151048298117, 108.85680222126794], [429.56139780741023, 221.90362129682845], [321.42304640639514, 382.99190093473936], [221.23029759256505, 214.66687940184426]]}