{"shapeUIx": [190.20694854885215, 292.39340916759204, 385.6085187674024, 476.830565917493, 502.1561346769316], "shapeUIy": [163.49608136265633, 122.0387515430328, 139.67539143535106, 212.3730716535646, 280.2689489555451], "shapeUOx": [197.20454432061655, 319.7623688923736, 420.6572116778251, 492.28465887724633, 526.4866410351975], "shapeUOy": [153.371111655584, 88.84209810726036, 127.55503101034965, 190.59308876302268, 258.48254703630647], "shapeLIx": [190.20694854885215, 277.72079062607406, 348.563823708137, 476.44583152409405, 502.1561346769316], "shapeLIy": [163.49608136265633, 342.435725556564, 378.51874422943985, 322.077750979004, 280.2689489555451], "shapeLOx": [204.79384021271798, 276.0920235075211, 411.92797198670587, 483.1680233783298, 517.376273954494], "shapeLOy": [249.36932695498703, 334.05727880840345, 335.51932591118907, 309.9600287290058, 266.45904660407393], "pplXY": [[326.78432162909803, 107.70985637231463], [429.61755895960584, 221.296525577546], [321.23196672324195, 382.17716346012577], [221.1782763915077, 213.96996194314426]]}