{"shapeUIx": [159.79198372839124, 266.6803591409175, 376.8955513989353, 469.86678085610845, 528.74534520553], "shapeUIy": [186.99596980793467, 125.34217233346449, 121.27517278856801, 164.67596928076705, 230.85286222925242], "shapeUOx": [163.01696999418922, 244.2412472628608, 366.4917775927947, 488.50364682227394, 550.2261815098591], "shapeUOy": [157.89036014361753, 93.29108688035915, 85.24356665351027, 137.25786207722294, 224.02786562055925], "shapeLIx": [159.79198372839124, 271.8977360240027, 380.0310230664992, 466.0518023414637, 528.74534520553], "shapeLIy": [186.99596980793467, 352.6825050520684, 362.16493092285714, 309.1729697128777, 230.85286222925242], "shapeLOx": [166.2657432479179, 250.1731874046377, 358.76778920403933, 474.15348181534966, 548.6255827406792], "shapeLOy": [228.1906095901802, 338.0601607566722, 346.91394919074986, 295.0580813054516, 218.62456323875443], "pplXY": [[323.5422165693545, 86.84646300182914], [432.35582274864436, 226.50069840434753], [322.38353092517536, 381.58322603040483], [222.05504563693745, 227.0247312048345]]}