{"shapeUIx": [158.79168218982005, 240.5130710466377, 344.6797654930157, 436.97830252234587, 502.495076424755], "shapeUIy": [218.0040596888774, 150.09827360159403, 116.68128952681641, 140.41261339071562, 202.29326023641232], "shapeUOx": [183.34304635340635, 282.0185057452203, 384.1195137408673, 508.0177153909828, 562.405104015039], "shapeUOy": [173.52716409710266, 92.5282259484239, 83.23287762805866, 126.61986126115237, 174.91254695027743], "shapeLIx": [158.79168218982005, 269.6778154899402, 394.54239353807543, 477.65881153707534, 502.495076424755], "shapeLIy": [218.0040596888774, 368.503289965655, 373.0279473909116, 292.14506448785164, 202.29326023641232], "shapeLOx": [187.97115537510513, 330.60120892138406, 487.15298390393565, 521.7364603610698, 549.0506700205816], "shapeLOy": [256.9212433269625, 363.72358708350305, 306.25835607381475, 245.41055148787592, 174.76191146053233], "pplXY": [[322.78110928896956, 69.58517873763938], [439.7442418008991, 214.49187469627046], [320.02226745967687, 380.9277636431756], [207.06765887229048, 218.178709844068]]}