{"shapeUIx": [159.79198370093073, 266.68035918059013, 376.89555144707833, 469.8667809107909, 528.7453452079235], "shapeUIy": [186.99596979867164, 125.34217234336889, 121.2751728828351, 164.67596949634677, 230.8528624520517], "shapeUOx": [163.01696993505124, 244.2412472448903, 366.49177768010645, 488.503646846685, 550.2261813980178], "shapeUOy": [157.89036017699112, 93.29108691397433, 85.24356677082714, 137.25786225606993, 224.0278658500876], "shapeLIx": [159.79198370093076, 271.897736072327, 380.0310230639123, 466.051802295489, 528.7453452079235], "shapeLIy": [186.9959697986716, 352.682505110596, 362.164930945312, 309.1729698321793, 230.85286245205165], "shapeLOx": [166.26574308728556, 250.1731869454943, 358.76778880010016, 474.15348159058794, 548.625582652998], "shapeLOy": [228.190609526045, 338.0601607207194, 346.9139493825679, 295.0580815719717, 218.6245634771024], "pplXY": [[323.542216560754, 86.84646318307959], [432.35582272799763, 226.50069849038397], [322.3835309446509, 381.5832261050904], [222.05504564795106, 227.0247312999626]]}