{"shapeUIx": [158.3384362210896, 252.23240799690967, 362.7103720759923, 458.0139702928739, 508.2108444843631], "shapeUIy": [199.87662936550925, 131.02145574037803, 110.7586316552391, 157.65543012573204, 229.21686875900906], "shapeUOx": [177.80110492713945, 283.81875714950854, 401.5892640247315, 514.9734139596775, 553.6241976655995], "shapeUOy": [164.54152615788746, 80.76133846435802, 85.15540014927146, 142.04813067095554, 209.87132114179508], "shapeLIx": [158.3384362210896, 272.39891053978323, 390.6239891658737, 476.1418723564716, 508.2108444843631], "shapeLIy": [199.87662936550925, 375.88044708681645, 381.7242300443329, 311.31136370197646, 229.21686875900906], "shapeLOx": [183.79572047154875, 314.1149064801911, 460.57232456176024, 508.4293120427384, 543.5650946165275], "shapeLOy": [249.25389471014688, 366.98826250180275, 324.52964928041007, 271.5998752913399, 207.49839435785944], "pplXY": [[320.81313931974057, 75.29882840546595], [444.1819821579752, 219.55798479557683], [319.22281572669965, 395.1253147058818], [201.34253184392733, 221.11682679362974]]}