{"shapeUIx": [159.86736900475108, 266.56817717613114, 376.78976590555055, 469.739416000545, 528.7353233072364], "shapeUIy": [187.09166951422083, 125.36868806589185, 121.0720177523119, 164.172481850363, 230.32896570059773], "shapeUOx": [163.07889405533493, 244.18132283766985, 366.1543689030915, 488.4110158617529, 550.4715991921564], "shapeUOy": [157.99848846991412, 93.32022007627336, 84.99882883629165, 136.85754977573575, 223.55492660804302], "shapeLIx": [159.8673690047511, 271.7129741902414, 380.03677431435966, 466.15588860316313, 528.7353233072364], "shapeLIy": [187.0916695142208, 352.5161087405161, 362.1070011900164, 308.8979927177898, 230.32896570059773], "shapeLOx": [166.71651209261668, 251.38181837617154, 359.7679038893046, 474.69396051150517, 548.814654877703], "shapeLOy": [228.37983726258784, 338.1773862783802, 346.4609087466126, 294.4485605180507, 218.11224205621056], "pplXY": [[323.5523305419945, 86.47102173636573], [432.38630732191933, 226.30976204966146], [322.32823050970126, 381.366543168983], [222.0339412075288, 226.80373162094665]]}