{"shapeUIx": [164.17493662127902, 276.6316040243868, 389.4366678947208, 498.9929955619156, 546.2630774322885], "shapeUIy": [174.1604798625561, 130.87880455852192, 137.83793202538666, 194.39472673573474, 258.83967162500875], "shapeUOx": [177.78914836503878, 278.4367717251695, 398.8189445935267, 513.8530615272977, 581.0932532071276], "shapeUOy": [155.9925206983015, 99.7351964056957, 102.88647565601589, 164.17817037625127, 246.81387411075244], "shapeLIx": [164.17493662127904, 266.9414719988658, 359.82046463437905, 501.67722182340697, 546.2630774322885], "shapeLIy": [174.16047986255612, 350.675442087437, 377.7872672216417, 321.8861617393345, 258.83967162500875], "shapeLOx": [187.85783429983402, 265.0206159218657, 381.0852272377623, 506.3339594807133, 553.1099465299169], "shapeLOy": [262.21935248459783, 341.81266381060647, 354.0025785853446, 314.1753526118563, 258.27487756952496], "pplXY": [[330.084298335407, 94.2236799123814], [446.76070021222966, 219.51506761733248], [324.7480626517797, 391.17848327070476], [212.77316172239617, 216.64019610172159]]}