{"shapeUIx": [164.0982795826312, 276.7604810014676, 389.55557120022837, 499.1384049581782, 546.2740184461506], "shapeUIy": [174.0446767982084, 130.8423428660538, 138.0575754216521, 194.95161449027086, 259.4238508909936], "shapeUOx": [177.7294397786009, 278.51323542951957, 399.1982072299356, 513.9571224442514, 580.8251550654176], "shapeUOy": [155.86041915119986, 99.69550302948936, 103.15470403492834, 164.62221970774098, 247.3399735342275], "shapeLIx": [164.0982795826312, 267.1486292751295, 359.8115496640172, 501.56657600819955, 546.2740184461506], "shapeLIy": [174.0446767982084, 350.857715112881, 377.8537426078027, 322.1911946262877, 259.4238508909936], "shapeLOx": [187.37199775797689, 263.7079637439086, 379.9977940113401, 505.74509164607144, 552.9017041395296], "shapeLOy": [262.0092608598874, 341.6844617910959, 354.4967891865433, 314.8445387515421, 258.845802661824], "pplXY": [[330.07461935753855, 94.6275575748692], [446.73126090242624, 219.7214112372613], [324.80836775614773, 391.4194976767823], [212.79466096188838, 216.8777205595947]]}