{"shapeUIx": [165.6440972637226, 254.64579095447584, 354.8114832184107, 461.39906891119807, 524.4030556062739], "shapeUIy": [170.03984492514428, 124.35312621781887, 117.26297509995145, 164.6232000694891, 237.61793868910257], "shapeUOx": [188.83039308361384, 302.44292748398107, 399.1300208489477, 508.0272274298676, 577.363155495416], "shapeUOy": [140.4437617440344, 72.56250165597342, 84.57128504100548, 147.92116738930955, 218.68887293132553], "shapeLIx": [165.6440972637226, 274.55860426171614, 360.42784270357834, 508.0710644344414, 524.4030556062739], "shapeLIy": [170.03984492514428, 371.3813453496652, 402.85954106998275, 313.36457892618716, 237.61793868910257], "shapeLOx": [204.45709794791864, 312.71535267501963, 455.8188006895084, 527.2993214548984, 546.9284237915467], "shapeLOy": [300.3902994190225, 364.87408789076125, 334.67452425876934, 288.09696106424764, 236.16233642326515], "pplXY": [[327.0728370855933, 82.33771210450526], [440.52274408269494, 215.49628394594438], [319.68181263899794, 398.3282584417197], [207.6639420856729, 212.28839259393104]]}