{"shapeUIx": [168.11172761325366, 253.72442000708224, 344.12420204008055, 422.4290602258392, 500.48253614484094], "shapeUIy": [219.9998605515672, 172.04877057375376, 152.64404478260377, 155.95616398202168, 195.6347667886934], "shapeUOx": [210.5327645846928, 296.5261852819879, 381.7105509546508, 474.77944055968226, 558.8001325873756], "shapeUOy": [157.50362370489773, 112.44826195034052, 110.83815461931972, 132.9130707627465, 169.29868301443008], "shapeLIx": [168.11172761325366, 273.04929246296166, 393.5232294510383, 465.8342234908415, 500.48253614484094], "shapeLIy": [219.9998605515672, 337.45552633678824, 341.28986765198675, 277.7276444739106, 195.6347667886934], "shapeLOx": [185.39588686048918, 292.468097564589, 431.2376369950222, 503.0000766762085, 547.6663843002935], "shapeLOy": [254.82299480837256, 323.6662843410594, 296.73314007230346, 243.02893903360905, 171.49337116412713], "pplXY": [[325.1556975139082, 95.78862104723555], [427.5230880339508, 218.20882666735065], [325.38823971223934, 351.4926276940622], [225.26374034020924, 222.7083005598066]]}