{"shapeUIx": [164.0951385953934, 276.7651174210049, 389.5607812577465, 499.1443717905178, 546.2742518317264], "shapeUIy": [174.04275473686067, 130.84287190771636, 138.0678524187856, 194.9755260074625, 259.4486116150116], "shapeUOx": [177.72389633718905, 278.51256847189137, 399.2095016152375, 513.9601906930006, 580.8128878031665], "shapeUOy": [155.86181239362972, 99.69793287032326, 103.16741237870622, 164.64187949094003, 247.36464304096626], "shapeLIx": [164.0951385953934, 267.1548966061298, 359.81128246505307, 501.56148575199524, 546.2742518317264], "shapeLIy": [174.0427547368607, 350.8645462567885, 377.85627143417867, 322.2043521427935, 259.4486116150116], "shapeLOx": [187.3533275966745, 263.6555457541782, 379.95247177961585, 505.71999858524003, 552.8921293616486], "shapeLOy": [262.0016574667872, 341.6800431027289, 354.5180216178337, 314.8738759186941, 258.8716852033481], "pplXY": [[330.0737825488572, 94.6470604911531], [446.72916668870005, 219.73080768369104], [324.81063745892243, 391.42823496482373], [212.7958324840106, 216.88822530303725]]}