{"shapeUIx": [178.7671713283296, 271.27260038349027, 358.4146467596705, 454.7033259065739, 512.377318184027], "shapeUIy": [169.03681738512847, 137.66230808712126, 143.20667291176102, 194.33918176012367, 263.78800245176836], "shapeUOx": [218.28119904005206, 316.1861230466072, 407.9919946820103, 488.13624349632903, 558.7388757325584], "shapeUOy": [111.19656758316201, 84.76088058422697, 113.24986927882665, 171.65186201481671, 237.0651572076823], "shapeLIx": [178.7671713283296, 294.12357843567827, 379.0014026141534, 487.1784603057069, 512.377318184027], "shapeLIy": [169.03681738512847, 355.6045799547445, 371.43920480945064, 312.83066423519523, 263.78800245176836], "shapeLOx": [199.07114304505282, 294.2833372499064, 420.1407682491851, 497.78192942997356, 537.0730199321292], "shapeLOy": [255.79669899501727, 333.9402493695712, 322.29030894935806, 292.7584615950597, 251.38206161131203], "pplXY": [[328.69600077176375, 85.29098969261943], [441.3455489253027, 216.48849679399092], [323.98139960433275, 382.1437923080245], [215.27069816600707, 213.7132005435648]]}