{"shapeUIx": [158.7916821898237, 240.51307104663246, 344.6797654930093, 436.9783025223387, 502.49507642475476], "shapeUIy": [218.0040596888786, 150.09827360159272, 116.68128952680395, 140.41261339068717, 202.2932602363829], "shapeUOx": [183.3430463534142, 282.0185057452227, 384.1195137408558, 508.0177153909796, 562.4051040150537], "shapeUOy": [173.52716409709825, 92.52822594841945, 83.23287762804318, 126.61986126112875, 174.9125469502471], "shapeLIx": [158.7916821898237, 269.6778154899338, 394.54239353807577, 477.6588115370813, 502.49507642475476], "shapeLIy": [218.0040596888786, 368.50328996564724, 373.02794739090865, 292.1450644878359, 202.2932602363829], "shapeLOx": [187.97115537512633, 330.60120892144465, 487.1529839039889, 521.7364603610996, 549.0506700205932], "shapeLOy": [256.92124332697097, 363.72358708350777, 306.2583560737894, 245.4105514878407, 174.76191146050084], "pplXY": [[322.7811092889707, 69.58517873761545], [439.7442418009018, 214.4918746962591], [320.02226745967425, 380.9277636431657], [207.06765887228903, 218.17870984405545]]}