{"shapeUIx": [178.76590340476147, 271.2745102702064, 358.4166274268897, 454.70561215011355, 512.377389120182], "shapeUIy": [169.03569854871665, 137.66228386055027, 143.2106245741626, 194.34854290201255, 263.7977171494478], "shapeUOx": [218.27945124576217, 316.18641174715117, 407.9970766289497, 488.13758785062765, 558.7341242692697], "shapeUOy": [111.19616039138123, 84.76129804615894, 113.25472283646579, 171.6594886368353, 237.07448917423721], "shapeLIx": [178.76590340476147, 294.1264091266141, 379.0013083826671, 487.17646790093806, 512.377389120182], "shapeLIy": [169.03569854871665, 355.6073954839446, 371.440209686417, 312.8357830952029, 263.7977171494478], "shapeLOx": [199.06348364929482, 294.26220917679495, 420.12282158932186, 497.772038016609, 537.0693295505058], "shapeLOy": [255.7935200498839, 333.93834124334313, 322.2985977959752, 292.76985174884135, 251.39196568339457], "pplXY": [[328.6957204804934, 85.29837766897403], [441.34480731094465, 216.49211444694373], [323.98233238666205, 382.14739635915123], [215.2711363419427, 213.7172931421183]]}