{"shapeUIx": [165.64409627799495, 254.64579235341404, 354.8114850357945, 461.39907096245497, 524.4030557052961], "shapeUIy": [170.0398448383656, 124.35312674565935, 117.26297863229635, 164.62320803347447, 237.61794690685542], "shapeUOx": [188.8303906067769, 302.44292643882045, 399.1300236116614, 508.0272282290731, 577.3631513257294], "shapeUOy": [140.44376364055583, 72.56250327048852, 84.57128946130479, 147.9211740472542, 218.6888816393633], "shapeLIx": [165.64409627799495, 274.5586057852035, 360.42784260131674, 508.07106273506605, 524.4030557052961], "shapeLIy": [170.0398448383656, 371.3813474134735, 402.8595418894406, 313.364583355731, 237.61794690685542], "shapeLOx": [204.45709226252532, 312.7153361473802, 455.81878591889756, 527.2993132007615, 546.9284205098486], "shapeLOy": [300.3902971909456, 364.8740866875979, 334.6745313572387, 288.0969709744868, 236.16234538957073], "pplXY": [[327.07283673456925, 82.3377189710006], [440.5227432648752, 215.49628716566986], [319.68181332681263, 398.3282610710988], [207.66394250649324, 212.2883961202545]]}