{"shapeUIx": [159.79308186090014, 266.67875279419246, 376.8936996408114, 469.8646666205197, 528.745259239918], "shapeUIy": [186.99654121637226, 125.34191777298406, 121.27152675706472, 164.66753757364614, 230.84413796363887], "shapeUOx": [163.01904457328538, 244.24163865109577, 366.48798322545144, 488.5026072453776, 550.2305239870482], "shapeUOy": [157.8895979093326, 93.290077401603, 85.23904936406038, 137.25090932251774, 224.01907591979707], "shapeLIx": [159.79308186090014, 271.8956320531069, 380.03111891202894, 466.0535994671615, 528.745259239918], "shapeLIy": [186.99654121637226, 352.68013537776153, 362.1640444119508, 309.16832172775037, 230.84413796363884], "shapeLOx": [166.27223069038874, 250.19150361639564, 358.78371490190455, 474.16231327304024, 548.628976687761], "shapeLOy": [228.1932336501293, 338.0616693672278, 346.9064557280359, 295.04770935742584, 218.61537335600642], "pplXY": [[323.54252560531535, 86.83951330782186], [432.3565850037893, 226.49736689514515], [322.3827430810585, 381.58019823293535], [222.0546262564655, 227.0210199764239]]}