{"shapeUIx": [164.0951305091374, 276.76512912038174, 389.56079537386404, 499.14438783288995, 546.2742525276302], "shapeUIy": [174.04275184259436, 130.8428747074265, 138.06788007677065, 194.97558933598708, 259.44867707311124], "shapeUOx": [177.72387916290575, 278.5125634513709, 399.20952757760125, 513.9601979335403, 580.8128549745819], "shapeUOy": [155.86182174754813, 99.69794249242567, 103.16744678306364, 164.6419319943449, 247.36471031194952], "shapeLIx": [164.0951305091374, 267.1549109792626, 359.8112817096734, 501.5614722471373, 546.2742525276302], "shapeLIy": [174.0427518425944, 350.86456351647837, 377.8562780373274, 322.20438717365624, 259.44867707311124], "shapeLOx": [187.35328024082733, 263.65541058223073, 379.9523530158353, 505.71993252616875, 552.8921036333436], "shapeLOy": [262.00163853074235, 341.68003245650874, 354.5180779578268, 314.87395416776934, 258.87175511094716], "pplXY": [[330.0737800449673, 94.64711361942109], [446.7291606608953, 219.73083292966058], [324.8106432014945, 391.42825699229553], [212.7958357099012, 216.88825323961396]]}