{"shapeUIx": [157.96409132075055, 252.15192552575337, 361.75931624430643, 457.80621136404733, 508.35348388904976], "shapeUIy": [196.75463624720678, 128.32912527111625, 108.46512991041223, 156.1867907426019, 229.03195416721275], "shapeUOx": [180.16797302762347, 286.845631713849, 405.325197584796, 516.6529436011199, 554.8852465771786], "shapeUOy": [157.45091814633315, 75.97622332880616, 82.58827351777784, 140.62516307193087, 207.41034372743303], "shapeLIx": [157.96409132075055, 275.09992070371266, 390.6905549985264, 476.95607078811906, 508.35348388904976], "shapeLIy": [196.75463624720678, 377.86781314475076, 383.0263420882126, 311.2888854309249, 229.03195416721275], "shapeLOx": [182.46943194202706, 313.6363641745678, 462.54986999403764, 509.617742982792, 544.5257870372432], "shapeLOy": [248.4884705175823, 367.2930961140031, 323.97557411003623, 270.1665056442995, 205.76326200188845], "pplXY": [[321.1329681604431, 71.54849831832458], [445.258962115479, 218.60031338131654], [319.2068420478143, 397.20770007825814], [200.5838290569771, 220.30623296790117]]}