{"shapeUIx": [157.96409132083573, 252.1519255256303, 361.7593162441569, 457.80621136387754, 508.3534838890423], "shapeUIy": [196.75463624723506, 128.3291252710852, 108.4651299101195, 156.1867907419326, 229.03195416652107], "shapeUOx": [180.16797302780762, 286.84563171390556, 405.3251975845259, 516.6529436010444, 554.8852465775259], "shapeUOy": [157.45091814622828, 75.9762233287011, 82.58827351741346, 140.62516307137554, 207.41034372672001], "shapeLIx": [157.96409132083573, 275.0999207035631, 390.6905549985345, 476.9560707882618, 508.3534838890423], "shapeLIy": [196.75463624723506, 377.86781314456925, 383.0263420881429, 311.2888854305545, 229.03195416652107], "shapeLOx": [182.4694319425253, 313.63636417599247, 462.5498699952914, 509.6177429834896, 544.5257870375154], "shapeLOy": [248.48847051778117, 367.2930961141145, 323.9755741094407, 270.16650564347196, 205.76326200114818], "pplXY": [[321.1329681604699, 71.54849831776156], [445.25896211554317, 218.60031338104932], [319.20684204775387, 397.2077000780265], [200.58382905694288, 220.3062329676058]]}