{"shapeUIx": [159.79198369903983, 266.6803591833216, 376.8955514503946, 469.8667809145574, 528.7453452080885], "shapeUIy": [186.99596979803692, 125.3421723440531, 121.27517288932809, 164.67596951119418, 230.8528624673962], "shapeUOx": [163.01696993097454, 244.24124724364773, 366.49177768611383, 488.50364684836495, 550.2261813903147], "shapeUOy": [157.89036017929809, 93.29108691629422, 85.2435667789081, 137.25786226838815, 224.02786586589863], "shapeLIx": [159.79198369903983, 271.89773607565184, 380.0310230637341, 466.05180229232263, 528.7453452080885], "shapeLIy": [186.99596979803692, 352.6825051146257, 362.16493094685836, 309.1729698403962, 230.85286246739616], "shapeLOx": [166.26574307622565, 250.17318691387763, 358.7677887722819, 474.1534815751087, 548.6255826469585], "shapeLOy": [228.19060952162968, 338.0601607182449, 346.913949395779, 295.0580815903283, 218.62456349351996], "pplXY": [[323.54221656016125, 86.84646319556487], [432.355822726575, 226.50069849631], [322.38353094599177, 381.58322611023243], [222.05504564870975, 227.02473130651447]]}