{"shapeUIx": [190.02185386752143, 292.86199936291837, 385.96362050192903, 477.27454346316483, 502.1407747871269], "shapeUIy": [162.9605505093204, 121.8189887252737, 140.33007467699085, 214.17046423888414, 282.21278207136487], "shapeUOx": [197.20254348646313, 320.23765797824734, 422.0560027325625, 492.63077583177756, 525.6193495969129], "shapeUOy": [152.6143390398857, 88.53275417717663, 128.3897358690609, 192.0410948581489, 260.13585836645626], "shapeLIx": [190.02185386752143, 278.51941993206066, 348.52464147489474, 476.1075354977396, 502.1407747871269], "shapeLIy": [162.9605505093204, 343.0499031997507, 378.7592013708755, 323.0585809071134, 282.21278207136487], "shapeLOx": [203.2712244177311, 271.97425814585984, 408.5933488580478, 481.32130450536897, 516.6959584817395], "shapeLOy": [248.6317280651756, 333.61621750194, 337.02155348427414, 312.04578525898467, 268.2923639364129], "pplXY": [[326.7715103593438, 108.85680482991181], [429.56139751045805, 221.90362253533445], [321.4230466869833, 382.9919020107985], [221.23029775105766, 214.6668807714194]]}