{"shapeUIx": [178.76590340560878, 271.2745102689824, 358.416627425404, 454.7056121484261, 512.3773891201081], "shapeUIy": [169.0356985490017, 137.66228386024412, 143.2106245712535, 194.34854289536014, 263.79771714257265], "shapeUOx": [218.27945124758799, 316.18641174770687, 407.99707662625684, 488.13758784987465, 558.734124272721], "shapeUOy": [111.19616039034932, 84.76129804512045, 113.25472283284532, 171.65948863131624, 237.07448916715367], "shapeLIx": [178.76590340560878, 294.1264091251237, 379.0013083827469, 487.17646790235665, 512.3773891201081], "shapeLIy": [169.0356985490017, 355.6073954821388, 371.44020968572414, 312.8357830915214, 263.79771714257265], "shapeLOx": [199.0634836542509, 294.2622091909619, 420.1228216017862, 497.7720380235446, 537.0693295532116], "shapeLOy": [255.79352005186257, 333.93834124445215, 322.298597790056, 292.76985174061684, 251.3919656760391], "pplXY": [[328.6957204807589, 85.29837766338042], [441.3448073115819, 216.4921144442887], [323.9823323860612, 382.147396356847], [215.27113634160278, 213.71729313918277]]}