{"shapeUIx": [151.77893353750332, 222.56543322072466, 327.7635816222602, 407.80129872801365, 492.05429435391324], "shapeUIy": [252.23436892056674, 181.21332606245358, 137.49753620130133, 137.3768423180424, 186.3408595870414], "shapeUOx": [158.906125251606, 241.19020308436228, 332.2932196220623, 477.5087982724211, 547.9873911587816], "shapeUOy": [225.46729869175988, 133.84298382422259, 100.4816064836414, 127.29873176724486, 173.3570189679902], "shapeLIx": [151.77893353750332, 256.1111110280832, 396.4687005696487, 461.17708552057377, 492.05429435391324], "shapeLIy": [252.23436892056674, 356.940518688436, 357.46735002904734, 281.41631925631157, 186.3408595870414], "shapeLOx": [183.2549672881038, 318.5008432878608, 467.04389132200515, 505.50752923078346, 541.4449834189164], "shapeLOy": [272.1312681437762, 354.86476237594763, 304.3018854625749, 246.76809286555482, 169.18635141277798], "pplXY": [[317.8283071043812, 104.46246511511092], [417.2065437288849, 224.05686008263427], [318.40711500907867, 354.64493431494225], [220.24341394589155, 229.35554537729882]]}