{"shapeUIx": [178.76590340477532, 271.27451027018645, 358.4166274268655, 454.7056121500861, 512.3773891201807], "shapeUIy": [169.03569854872129, 137.66228386054527, 143.2106245741152, 194.34854290190418, 263.7977171493358], "shapeUOx": [218.2794512457919, 316.1864117471602, 407.9970766289058, 488.1375878506154, 558.734124269326], "shapeUOy": [111.19616039136437, 84.76129804614197, 113.25472283640678, 171.65948863674538, 237.07448917412177], "shapeLIx": [178.76590340477532, 294.1264091265898, 379.00130838266836, 487.17646790096114, 512.3773891201807], "shapeLIy": [169.03569854872129, 355.6073954839152, 371.4402096864057, 312.8357830951429, 263.7977171493358], "shapeLOx": [199.06348364937554, 294.2622091770257, 420.12282158952485, 497.7720380167219, 537.0693295505498], "shapeLOy": [255.79352004991614, 333.93834124336115, 322.2985977958788, 292.76985174870737, 251.3919656832747], "pplXY": [[328.6957204804977, 85.29837766888286], [441.344807310955, 216.4921144469005], [323.9823323866523, 382.1473963591137], [215.27113634193717, 213.7172931420705]]}