{"shapeUIx": [165.64404366336225, 254.64585951680812, 354.81160751294095, 461.3992055994293, 524.4030648273099], "shapeUIy": [170.03991121553082, 124.35320463174381, 117.26320957283356, 164.6236969259537, 237.61844760018803], "shapeUOx": [188.8301565895431, 302.44275533159896, 399.1300635910558, 508.02724857272915, 577.3628847045844], "shapeUOy": [140.4440661121717, 72.56270687913147, 84.5715850310693, 147.92159695278156, 218.68948013644876], "shapeLIx": [165.64404366336225, 274.5586259389953, 360.4278344797691, 508.07095807034614, 524.4030648273099], "shapeLIy": [170.03991121553082, 371.3814465544426, 402.8595892847405, 313.3648614714807, 237.61844760018803], "shapeLOx": [204.45681258291484, 312.71444245394366, 455.8179211377628, 527.2988200417664, 546.9282071689513], "shapeLOy": [300.390199959803, 364.8740477518546, 334.67497073206204, 288.0975974665946, 236.16294079808273], "pplXY": [[327.0728058450891, 82.33818853914359], [440.5226775660006, 215.49649649975626], [319.68184672556976, 398.3283861496809], [207.66397230061747, 212.28861613081386]]}