{"shapeUIx": [164.12694897748847, 276.7154530363583, 389.5111310438545, 499.086060498321, 546.2716153380186], "shapeUIy": [174.07687116449324, 130.84784549742542, 137.97103751446235, 194.74169398392968, 259.2052260928465], "shapeUOx": [177.76196045997685, 278.4978752769181, 399.0728646527278, 513.9236005727885, 580.9297257167507], "shapeUOy": [155.88551816254753, 99.69557840763109, 103.04872490465473, 164.45261688172138, 247.13525333332692], "shapeLIx": [164.12694897748847, 267.0793558749143, 359.81406355178, 501.61027133781715, 546.2716153380186], "shapeLIy": [174.07687116449327, 350.7924394151711, 377.83039114090775, 322.0764678222676, 259.2052260928465], "shapeLOx": [187.54844576175165, 264.1903728155172, 380.40333060540206, 505.9671350457688, 552.982871820907], "shapeLOy": [262.083709436426, 341.72961232276, 354.3108530914609, 314.59045727375087, 258.6266573279887], "pplXY": [[330.0798962488667, 94.46695678456686], [446.7458540641417, 219.64155639810488], [324.7867182035795, 391.3349146649698], [212.78543371418328, 216.7867391403591]]}