{"shapeUIx": [166.2962962962963, 247.14814814814812, 348.77777777777777, 445.6666666666667, 509.48148148148147], "shapeUIy": [224.96296296296296, 175.44444444444443, 155.44444444444443, 177.7037037037037, 221.44444444444443], "shapeUOx": [181.1851851851852, 268.85185185185185, 375.4074074074074, 488.14814814814815, 568.2962962962963], "shapeUOy": [193.11111111111111, 132.51851851851853, 121.33333333333333, 153.74074074074073, 205.96296296296296], "shapeLIx": [166.2962962962963, 260.44444444444446, 381.7037037037037, 471.3333333333333, 509.48148148148147], "shapeLIy": [224.96296296296296, 330.3703703703704, 341.0740740740741, 288.5925925925926, 221.44444444444443], "shapeLOx": [197.2962962962963, 305.9259259259259, 433.14814814814815, 503.88888888888886, 547.4814814814815], "shapeLOy": [265.22222222222223, 328.18518518518516, 304.96296296296293, 260.9259259259259, 207.25925925925927], "pplXY": [[326.51851851851853, 109.59259259259258], [426.4074074074074, 221.11111111111114], [323.0, 352.81481481481484], [226.62962962962962, 221.88888888888886]]}