{"shapeUIx": [190.02185386491277, 292.86199936668663, 385.96362050650396, 477.274543468361, 502.1407747873544], "shapeUIy": [162.96055050844478, 121.8189887262176, 140.33007468594843, 214.1704642593673, 282.21278209253376], "shapeUOx": [197.20254348083904, 320.2376579765332, 422.0560027408502, 492.6307758340951, 525.6193495862857], "shapeUOy": [152.61433904306833, 88.5327541803771, 128.3897358802092, 192.04109487514285, 260.13585838826873], "shapeLIx": [190.02185386491277, 278.5194199366475, 348.5246414746488, 476.1075354933714, 502.1407747873544], "shapeLIy": [162.96055050844478, 343.0499032053099, 378.7592013730088, 323.05858091844914, 282.21278209253376], "shapeLOx": [203.27122440247314, 271.97425810224235, 408.59334881967055, 481.3213044840142, 516.6959584734078], "shapeLOy": [248.63172805908434, 333.61621749852617, 337.02155350249984, 312.045785284309, 268.2923639590623], "pplXY": [[326.771510358526, 108.85680484713619], [429.56139750849536, 221.90362254350984], [321.4230466888332, 382.9919020178924], [221.23029775210435, 214.66688078045814]]}