{"shapeUIx": [178.7987052949906, 271.21428958749385, 358.37707097738905, 454.65654087027053, 512.3795321395085], "shapeUIy": [169.11633185820824, 137.6971872437745, 143.1275835607403, 194.1230081848152, 263.5579397061939], "shapeUOx": [218.26083614802707, 316.1010118119133, 407.78376906422636, 488.0856986260219, 558.8412808582088], "shapeUOy": [111.34010738953096, 84.82668731481722, 113.1551849117678, 171.48398312960725, 236.8916737080786], "shapeLIx": [178.7987052949906, 294.0053884234761, 379.0029622301604, 487.22282648055807, 512.3795321395085], "shapeLIy": [169.11633185820824, 355.52027404339515, 371.41231944930666, 312.71604698134576, 263.5579397061939], "shapeLOx": [199.28962878697968, 294.841449223377, 420.57283798570995, 498.01583072634656, 537.1507779812163], "shapeLOy": [255.89777140771565, 334.00712677706406, 322.1052893517673, 292.51012861211535, 251.1815861684573], "pplXY": [[328.6956425001256, 85.15894039790312], [441.3505374298231, 216.41528158587806], [323.9545144842285, 382.0350404687236], [215.26433800351327, 213.62442462148223]]}