{"shapeUIx": [178.765903404796, 271.27451027015655, 358.41662742682917, 454.70561215004483, 512.3773891201789], "shapeUIy": [169.03569854872825, 137.66228386053777, 143.21062457404406, 194.34854290174155, 263.79771714916774], "shapeUOx": [218.27945124583658, 316.18641174717385, 407.99707662884003, 488.137587850597, 558.7341242694104], "shapeUOy": [111.19616039133908, 84.76129804611655, 113.25472283631828, 171.65948863661043, 237.0744891739486], "shapeLIx": [178.765903404796, 294.12640912655337, 379.00130838267035, 487.1764679009958, 512.3773891201789], "shapeLIy": [169.03569854872825, 355.607395483871, 371.4402096863888, 312.83578309505293, 263.79771714916774], "shapeLOx": [199.0634836494967, 294.26220917737203, 420.12282158982964, 497.77203801689154, 537.069329550616], "shapeLOy": [255.79352004996448, 333.93834124338827, 322.29859779573405, 292.7698517485063, 251.3919656830949], "pplXY": [[328.69572048050424, 85.29837766874611], [441.34480731097057, 216.49211444683556], [323.9823323866376, 382.1473963590574], [215.27113634192884, 213.7172931419987]]}