{"shapeUIx": [165.6440972638936, 254.645790954229, 354.81148321811037, 461.3990689108571, 524.4030556062589], "shapeUIy": [170.0398449252005, 124.35312621775616, 117.26297509936362, 164.6232000681455, 237.61793868771406], "shapeUOx": [188.83039308398415, 302.4429274840953, 399.13002084840633, 508.0272274297161, 577.3631554961132], "shapeUOy": [140.44376174382242, 72.5625016557617, 84.5712850402738, 147.92116738819456, 218.68887292989362], "shapeLIx": [165.6440972638936, 274.5586042614166, 360.4278427035945, 508.0710644347279, 524.4030556062589], "shapeLIy": [170.0398449252005, 371.381345349301, 402.8595410698428, 313.3645789254435, 237.61793868771406], "shapeLOx": [204.45709794891826, 312.7153526778786, 455.818800692025, 527.2993214562989, 546.9284237920936], "shapeLOy": [300.39029941942135, 364.8740878909845, 334.67452425757375, 288.09696106258616, 236.16233642177866], "pplXY": [[327.0728370856471, 82.33771210337461], [440.5227440828239, 215.49628394540792], [319.68181263887675, 398.328258441255], [207.6639420856042, 212.28839259333807]]}