{"shapeUIx": [158.79168218690762, 240.5130710508444, 344.6797654981251, 436.97830252814884, 502.4950764250094], "shapeUIy": [218.0040596879043, 150.09827360265103, 116.68128953681989, 140.41261341358836, 202.29326026005054], "shapeUOx": [183.3430463471208, 282.0185057432991, 384.11951375011336, 508.01771539356895, 562.4051040031713], "shapeUOy": [173.5271641006688, 92.52822595200459, 83.2328776405091, 126.61986128012975, 174.9125469746388], "shapeLIx": [158.79168218690762, 269.6778154950574, 394.5423935378007, 477.6588115321973, 502.4950764250094], "shapeLIy": [218.0040596879043, 368.50328997186097, 373.0279473932937, 292.1450645005103, 202.29326026005054], "shapeLOx": [187.9711553580717, 330.601208872686, 487.15298386108395, 521.7364603372248, 549.0506700112771], "shapeLOy": [256.92124332016317, 363.72358707969323, 306.25835609416686, 245.41055151615578, 174.76191148582686], "pplXY": [[322.78110928805575, 69.5851787568763], [439.7442417987064, 214.49187470540036], [320.022267461742, 380.92776365109466], [207.06765887345955, 218.17870985416144]]}