{"shapeUIx": [159.79198369903978, 266.6803591833217, 376.8955514503947, 469.8667809145576, 528.7453452080885], "shapeUIy": [186.99596979803687, 125.3421723440531, 121.27517288932836, 164.67596951119475, 230.8528624673968], "shapeUOx": [163.0169699309744, 244.2412472436477, 366.4917776861141, 488.50364684836507, 550.2261813903144], "shapeUOy": [157.89036017929817, 93.2910869162943, 85.2435667789084, 137.25786226838864, 224.0278658658993], "shapeLIx": [159.79198369903978, 271.897736075652, 380.0310230637341, 466.05180229232246, 528.7453452080885], "shapeLIy": [186.99596979803687, 352.6825051146258, 362.1649309468585, 309.17296984039655, 230.85286246739673], "shapeLOx": [166.26574307622522, 250.17318691387635, 358.7677887722808, 474.1534815751082, 548.6255826469584], "shapeLOy": [228.19060952162948, 338.06016071824473, 346.91394939577947, 295.05808159032904, 218.6245634935206], "pplXY": [[323.5422165601612, 86.84646319556535], [432.35582272657496, 226.50069849631026], [322.3835309459918, 381.58322611023266], [222.05504564870975, 227.0247313065147]]}