{"shapeUIx": [158.79167131492213, 240.513086725439, 344.6797846736083, 436.97832429158143, 502.495077389439], "shapeUIy": [218.00405633697642, 150.09827774586012, 116.68132704985806, 140.41269905531345, 202.29334875320308], "shapeUOx": [183.3430224775798, 282.0184981132471, 384.11954783973937, 508.01772495901395, 562.4050595238798], "shapeUOy": [173.52717821345362, 92.52823978605987, 83.23292435732627, 126.61993239496788, 174.91263845230893], "shapeLIx": [158.79167131492213, 269.67783435541975, 394.54239250150164, 477.6587932669089, 502.495077389439], "shapeLIy": [218.00405633697642, 368.5033130960345, 373.02795630080306, 292.1451119232853, 202.29334875320308], "shapeLOx": [187.97109186532344, 330.6010270315879, 487.15282358688245, 521.7363711110763, 549.0506351239825], "shapeLOy": [256.92121802353824, 363.72357295802055, 306.2584323120379, 245.4106574774994, 174.7620063801828], "pplXY": [[322.7811058285182, 69.58525098068822], [439.74423352561735, 214.49190893768179], [320.02227515785074, 380.92779315382757], [207.06766326671567, 218.17874766051182]]}