{"shapeUIx": [164.09513051050425, 276.76512911840723, 389.5607953714668, 499.1443878301672, 546.274252527511], "shapeUIy": [174.042751843053, 130.84287470693175, 138.0678800720769, 194.97558932525402, 259.44867706201893], "shapeUOx": [177.72387916585294, 278.5125634522694, 399.20952757325887, 513.9601979323259, 580.8128549801506], "shapeUOy": [155.86182174587995, 99.69794249074835, 103.16744677722193, 164.64193198544018, 247.36471030051976], "shapeLIx": [164.09513051050425, 267.15491097685924, 359.8112817098023, 501.56147224942623, 546.274252527511], "shapeLIy": [174.042751843053, 350.8645635135655, 377.8562780362096, 322.20438716771633, 259.44867706201893], "shapeLOx": [187.35328024882227, 263.65541060508576, 379.95235303594467, 505.71993253735843, 552.8921036377094], "shapeLOy": [262.00163853393406, 341.6800324582975, 354.5180779482767, 314.87395415449953, 258.871755099079], "pplXY": [[330.0737800453959, 94.6471136103955], [446.72916066192386, 219.73083292537666], [324.8106432005252, 391.4282569885785], [212.7958357093527, 216.8882532348777]]}