{"shapeUIx": [157.96409100447082, 252.15192597951355, 361.75931681008086, 457.80621200503185, 508.3534839182704], "shapeUIy": [196.754636171568, 128.329125406966, 108.46513101492239, 156.1867932540889, 229.0319567611747], "shapeUOx": [180.1679723017541, 286.845631456313, 405.325198543489, 516.6529438725408, 554.8852452694308], "shapeUOy": [157.45091861899402, 75.97622376751731, 82.5882748954237, 140.62516516192463, 207.41034643033194], "shapeLIx": [157.96409100447082, 275.0999212336147, 390.6905549675429, 476.95607025239514, 508.3534839182704], "shapeLIy": [196.754636171568, 377.86781381416677, 383.02634234853815, 311.28888682359616, 229.0319567611747], "shapeLOx": [182.4694301021104, 313.6363588804576, 462.5498653073708, 509.617740370538, 544.5257860103836], "shapeLOy": [248.4884697882581, 367.2930957109551, 323.9755763462506, 270.1665087573748, 205.76326479899907], "pplXY": [[321.1329680560398, 71.54850045144686], [445.25896186798616, 218.60031438885812], [319.2068422707015, 397.20770093195176], [200.58382918704734, 220.30623407766035]]}