{"shapeUIx": [164.09513050915143, 276.7651291203614, 389.56079537383937, 499.14438783286204, 546.2742525276291], "shapeUIy": [174.04275184259907, 130.84287470742137, 138.06788007672233, 194.97558933587663, 259.44867707299716], "shapeUOx": [177.72387916293607, 278.5125634513801, 399.20952757755657, 513.9601979335278, 580.8128549746393], "shapeUOy": [155.86182174753088, 99.69794249240837, 103.16744678300351, 164.64193199425327, 247.36471031183186], "shapeLIx": [164.09513050915143, 267.15491097923785, 359.81128170967474, 501.56147224716085, 546.2742525276291], "shapeLIy": [174.04275184259907, 350.86456351644836, 377.8562780373159, 322.20438717359514, 259.4486770729971], "shapeLOx": [187.35328024090958, 263.6554105824659, 379.95235301604225, 505.7199325262839, 552.8921036333885], "shapeLOy": [262.0016385307752, 341.68003245652716, 354.5180779577285, 314.87395416763286, 258.87175511082506], "pplXY": [[330.0737800449717, 94.64711361932821], [446.7291606609059, 219.73083292961647], [324.81064320148454, 391.4282569922573], [212.79583570989553, 216.88825323956522]]}