{"shapeUIx": [165.6440972638936, 254.64579095422897, 354.81148321811037, 461.399068910857, 524.4030556062589], "shapeUIy": [170.0398449252005, 124.35312621775616, 117.2629750993636, 164.62320006814542, 237.61793868771397], "shapeUOx": [188.83039308398418, 302.4429274840953, 399.1300208484063, 508.0272274297161, 577.3631554961132], "shapeUOy": [140.44376174382242, 72.56250165576168, 84.57128504027375, 147.9211673881945, 218.68887292989353], "shapeLIx": [165.6440972638936, 274.5586042614165, 360.4278427035945, 508.0710644347279, 524.4030556062589], "shapeLIy": [170.03984492520053, 371.381345349301, 402.8595410698428, 313.3645789254434, 237.61793868771397], "shapeLOx": [204.45709794891832, 312.71535267787874, 455.81880069202515, 527.2993214562989, 546.9284237920936], "shapeLOy": [300.3902994194214, 364.8740878909846, 334.67452425757364, 288.09696106258605, 236.16233642177858], "pplXY": [[327.0728370856471, 82.33771210337457], [440.52274408282403, 215.49628394540792], [319.68181263887675, 398.328258441255], [207.6639420856042, 212.28839259333807]]}