{"shapeUIx": [157.964091318744, 252.1519255286493, 361.75931624783453, 457.80621136805314, 508.3534838892262], "shapeUIy": [196.75463624655842, 128.32912527185994, 108.46512991731747, 156.18679075838023, 229.03195418351797], "shapeUOx": [180.1679730232613, 286.8456317124896, 405.32519759113285, 516.6529436028947, 554.8852465689885], "shapeUOy": [157.45091814885262, 75.97622333130964, 82.5882735263743, 140.62516308502663, 207.41034374425877], "shapeLIx": [157.964091318744, 275.0999207072192, 390.6905549983363, 476.95607078475405, 508.35348388922614], "shapeLIy": [196.7546362465584, 377.867813149023, 383.0263420898549, 311.2888854396592, 229.03195418351797], "shapeLOx": [182.46943193029915, 313.63636414101325, 462.54986996449077, 509.6177429663473, 544.5257870308208], "shapeLOy": [248.4884705129046, 367.29309611138626, 323.97557412407684, 270.16650566381367, 205.76326201935188], "pplXY": [[321.1329681598098, 71.54849833161013], [445.2589621139614, 218.6003133876183], [319.20684204923606, 397.20770008370937], [200.5838290577848, 220.306232974865]]}