{"shapeUIx": [168.0844648891722, 253.76203412838495, 344.24397750879, 422.5611764638892, 500.4966705267715], "shapeUIy": [220.13431507889828, 172.16180065062082, 152.84729351754424, 156.3641392110401, 196.05387417989272], "shapeUOx": [210.24041273632488, 296.2562385432725, 381.5863054128947, 474.76447460829786, 558.5701569680867], "shapeUOy": [157.97952902341694, 112.7418655640985, 111.11080337247074, 133.28480355387046, 169.88465049247267], "shapeLIx": [168.0844648891722, 272.9750118695648, 393.5106037786587, 465.75314556873684, 500.4966705267715], "shapeLIy": [220.13431507889828, 337.50228814390937, 341.3300070855072, 277.9701173216455, 196.05387417989272], "shapeLOx": [185.26453236503008, 291.90182705539075, 430.5879968043743, 502.6163319765086, 547.4756367428516], "shapeLOy": [254.79197094703264, 323.6815586737755, 297.09941433259075, 243.57116378201187, 172.05400496898017], "pplXY": [[325.1199049885182, 96.22813340130634], [427.4545785933739, 218.39322995862412], [325.403975580958, 351.5546518265974], [225.29081618221738, 222.88889844544164]]}