{"shapeUIx": [151.7854103237201, 222.55545724361727, 327.75278104161964, 407.7888819232354, 492.0538592322854], "shapeUIy": [252.23926770693106, 181.21278323358985, 137.4763024043448, 137.32698170984457, 186.28914482529234], "shapeUOx": [158.9166557915871, 241.19028977444995, 332.2682519570744, 477.5021261966166, 548.0128249825367], "shapeUOy": [225.46648852303693, 133.8390796990555, 100.45536305392417, 127.25786711775156, 173.30621492534738], "shapeLIx": [151.78541032372007, 256.09726562060456, 396.46929242662304, 461.1876360121929, 492.0538592322854], "shapeLIy": [252.23926770693106, 356.9260895067891, 357.4620502162537, 281.3889684167141, 186.28914482529234], "shapeLOx": [183.2943506285894, 318.6109414319741, 467.13850583327365, 505.55984099579007, 541.4648214495044], "shapeLOy": [272.14755369959323, 354.87435108184786, 304.2578071891803, 246.7072299667474, 169.13280920906718], "pplXY": [[317.8299261508135, 104.42246549368342], [417.2106949534226, 224.03747525334975], [318.4023015472839, 354.62637572238975], [220.24101654025213, 229.33380523360188]]}