{"shapeUIx": [159.79198369904276, 266.68035918331736, 376.8955514503894, 469.8667809145516, 528.7453452080882], "shapeUIy": [186.99596979803792, 125.34217234405203, 121.27517288931797, 164.67596951117108, 230.8528624673723], "shapeUOx": [163.0169699309809, 244.2412472436497, 366.4917776861045, 488.50364684836234, 550.2261813903267], "shapeUOy": [157.89036017929453, 93.2910869162906, 85.24356677889551, 137.257862268369, 224.02786586587405], "shapeLIx": [159.7919836990428, 271.89773607564666, 380.0310230637343, 466.0518022923276, 528.7453452080882], "shapeLIy": [186.9959697980379, 352.6825051146194, 362.164930946856, 309.1729698403834, 230.8528624673723], "shapeLOx": [166.26574307624287, 250.17318691392683, 358.7677887723252, 474.1534815751328, 548.625582646968], "shapeLOy": [228.19060952163653, 338.0601607182487, 346.9139493957584, 295.05808159029976, 218.6245634934944], "pplXY": [[323.54221656016216, 86.84646319554543], [432.35582272657723, 226.50069849630077], [322.3835309459897, 381.5832261102245], [222.05504564870859, 227.02473130650424]]}