{"shapeUIx": [158.79168218981724, 240.51307104664178, 344.6797654930207, 436.97830252235156, 502.49507642475527], "shapeUIy": [218.00405968887645, 150.09827360159505, 116.68128952682605, 140.4126133907377, 202.29326023643517], "shapeUOx": [183.34304635340033, 282.0185057452184, 384.11951374087624, 508.01771539098536, 562.4051040150275], "shapeUOy": [173.5271640971061, 92.52822594842735, 83.2328776280707, 126.6198612611707, 174.91254695030096], "shapeLIx": [158.79168218981724, 269.67781548994515, 394.5423935380752, 477.6588115370706, 502.49507642475527], "shapeLIy": [218.00405968887645, 368.503289965661, 373.02794739091394, 292.14506448786386, 202.29326023643517], "shapeLOx": [187.97115537508867, 330.601208921337, 487.15298390389427, 521.7364603610469, 549.0506700205726], "shapeLOy": [256.92124332695596, 363.72358708349935, 306.2583560738344, 245.41055148790323, 174.76191146055675], "pplXY": [[322.78110928896865, 69.58517873765797], [439.744241800897, 214.49187469627927], [320.02226745967886, 380.92776364318325], [207.06765887229162, 218.17870984407773]]}