{"shapeUIx": [151.78761398551086, 222.55221174667176, 327.74905012768005, 407.7846214476081, 492.0536904004889], "shapeUIy": [252.2404382055776, 181.21228180315592, 137.4689605635786, 137.30999032714826, 186.2715586675159], "shapeUOx": [158.9208131006226, 241.19105091051097, 332.2605851786142, 477.5000303318564, 548.0215741215209], "shapeUOy": [225.46498904619475, 133.83706481121826, 100.44626286437934, 127.24385517851063, 173.2885076710523], "shapeLIx": [151.78761398551086, 256.0930132164856, 396.46948795774483, 461.1912542897855, 492.0536904004889], "shapeLIy": [252.2404382055776, 356.92131520231226, 357.4602625521458, 281.37960356371457, 186.27155866751588], "shapeLOx": [183.30741464208683, 318.6478330071919, 467.17057729439375, 505.57762935272757, 541.4716606278769], "shapeLOy": [272.1528481310682, 354.8773955390505, 304.2427190782185, 246.6863393510154, 169.1142918579061], "pplXY": [[317.8305462209156, 104.40847907588216], [417.21222585590397, 224.03076933176322], [318.4007140776411, 354.62027188304785], [220.2401728368249, 229.32633584471373]]}