{"shapeUIx": [168.11172968381553, 253.72441702609103, 344.12419837307027, 422.42905606609963, 500.4825359589642], "shapeUIy": [219.9998611483431, 172.04876975564125, 152.64403761321168, 155.95614763353075, 195.63474989804564], "shapeUOx": [210.53276919030867, 296.52618680255625, 381.71054452488363, 474.77943875093416, 558.8001410845966], "shapeUOy": [157.50362089938807, 112.44825924690304, 110.83814568685311, 132.9130571787865, 169.29866551345748], "shapeLIx": [168.11172968381553, 273.04928890658914, 393.5232296499873, 465.8342269777351, 500.4825359589642], "shapeLIy": [219.9998611483431, 337.4555219390389, 341.2898659532842, 277.7276354174434, 195.63474989804564], "shapeLOx": [185.39589893907328, 292.46813220399224, 431.23766756486793, 503.0000937006931, 547.6663909672226], "shapeLOy": [254.8229996136246, 323.66628701579765, 296.73312552071883, 243.0289187954133, 171.49335302227425], "pplXY": [[325.1556981799072, 95.78860723148269], [427.5230896224845, 218.2088201256742], [325.3882382484185, 351.4926220839503], [225.26373949922214, 222.70829334078167]]}