{"shapeUIx": [190.02185387519293, 292.86199935183595, 385.963620488477, 477.27454344788595, 502.1407747864579], "shapeUIy": [162.96055051190115, 121.81898872250181, 140.33007465065165, 214.17046417865225, 282.21278200911627], "shapeUOx": [197.20254350299436, 320.2376579832791, 422.0560027081812, 492.63077582496015, 525.6193496281619], "shapeUOy": [152.61433903054225, 88.53275416777403, 128.3897358362807, 192.0410948081785, 260.13585830232057], "shapeLIx": [190.02185387519293, 278.51941991856654, 348.5246414756176, 476.1075355105848, 502.1407747864579], "shapeLIy": [162.96055051190115, 343.04990318340117, 378.75920136460195, 323.0585808737805, 282.21278200911627], "shapeLOx": [203.27122446260384, 271.97425827412974, 408.59334897090207, 481.32130456816486, 516.6959585062384], "shapeLOy": [248.63172808309065, 333.61621751198146, 337.0215534306808, 312.0457851845184, 268.2923638698152], "pplXY": [[326.77151036174763, 108.85680477926647], [429.5613975162282, 221.90362251129508], [321.42304668154287, 382.99190198993546], [221.2302977479801, 214.66688074484074]]}