{"shapeUIx": [190.080130909791, 292.7636758855563, 385.8713894828741, 477.16620377719545, 502.13979575547455], "shapeUIy": [163.03699623598266, 121.8349724650271, 140.14704706187754, 213.72168531121756, 281.74257233810454], "shapeUOx": [197.26118828797016, 320.1920213058658, 421.77909406013475, 492.55969643523395, 525.8441694592755], "shapeUOy": [152.68575948930308, 88.54202336727299, 128.16381698433872, 191.67725986614354, 259.70140667495116], "shapeLIx": [190.080130909791, 278.3637620987623, 348.52988428500765, 476.20093715316386, 502.13979575547455], "shapeLIy": [163.03699623598266, 342.90872855315126, 378.7085106828084, 322.81402030569967, 281.74257233810454], "shapeLOx": [203.64676253464407, 272.9995207288296, 409.4501161021561, 481.7936633201215, 516.8706269713848], "shapeLOy": [248.7941793264181, 333.7147739738919, 336.6299697066896, 311.50709781050955, 267.8251164181714], "pplXY": [[326.7820558619404, 108.52106793936692], [429.5912294200235, 221.73595282001733], [321.37702834171466, 382.80998895742977], [221.21135270198846, 214.47584017891836]]}