{"shapeUIx": [190.02185386491237, 292.8619993666872, 385.9636205065047, 477.27454346836174, 502.1407747873544], "shapeUIy": [162.96055050844467, 121.81898872621773, 140.3300746859498, 214.1704642593705, 282.21278209253705], "shapeUOx": [197.2025434808382, 320.23765797653294, 422.05600274085145, 492.6307758340955, 525.6193495862841], "shapeUOy": [152.6143390430688, 88.53275418037761, 128.38973588021094, 192.04109487514546, 260.1358583882721], "shapeLIx": [190.02185386491237, 278.5194199366482, 348.5246414746488, 476.1075354933707, 502.1407747873544], "shapeLIy": [162.96055050844467, 343.0499032053107, 378.75920137300915, 323.05858091845096, 282.21278209253705], "shapeLOx": [203.27122440247075, 271.9742581022356, 408.5933488196646, 481.32130448401097, 516.6959584734064], "shapeLOy": [248.6317280590834, 333.6162174985256, 337.0215535025026, 312.0457852843129, 268.29236395906577], "pplXY": [[326.77151035852586, 108.85680484713887], [429.5613975084951, 221.90362254351112], [321.4230466888335, 382.99190201789355], [221.2302977521045, 214.66688078045954]]}