{"shapeUIx": [158.7916821897772, 240.51307104669962, 344.67976549309094, 436.9783025224313, 502.49507642475874], "shapeUIy": [218.00405968886304, 150.0982736016096, 116.68128952696364, 140.41261339105225, 202.2932602367602], "shapeUOx": [183.34304635331392, 282.01850574519204, 384.11951374100346, 508.01771539102094, 562.4051040148643], "shapeUOy": [173.52716409715507, 92.52822594847655, 83.2328776282419, 126.61986126143165, 174.9125469506359], "shapeLIx": [158.7916821897772, 269.6778154900155, 394.54239353807145, 477.6588115370035, 502.49507642475874], "shapeLIy": [218.00405968886307, 368.5032899657464, 373.0279473909467, 292.145064488038, 202.2932602367602], "shapeLOx": [187.9711553748544, 330.6012089206673, 487.1529839033049, 521.736460360719, 549.0506700204447], "shapeLOy": [256.92124332686245, 363.7235870834469, 306.25835607411426, 245.4105514882921, 174.76191146090454], "pplXY": [[322.78110928895615, 69.58517873792248], [439.7442418008668, 214.49187469640484], [320.0222674597072, 380.9277636432921], [207.06765887230767, 218.17870984421657]]}