{"shapeUIx": [151.7875914412739, 222.55224437739966, 327.7490894402883, 407.7846661310943, 492.0536923339731], "shapeUIy": [252.24043001598847, 181.2122895245589, 137.46903760233394, 137.3101667792414, 186.27174105990042], "shapeUOx": [158.92076539139333, 241.19103710888393, 332.26065774373876, 477.5000505560971, 548.0214826698332], "shapeUOy": [225.46501478400788, 133.83709143880293, 100.4463586829709, 127.24400144392912, 173.28869499642735], "shapeLIx": [151.7875914412739, 256.0930533924487, 396.4694858562209, 461.19121666183855, 492.0536923339731], "shapeLIy": [252.24043001598847, 356.92136334087985, 357.46028095551077, 281.3797011592199, 186.27174105990042], "shapeLOx": [183.3072825740344, 318.6474561677788, 467.17024631066704, 505.5774452690853, 541.4715889618274], "shapeLOy": [272.1527953005494, 354.8773658145049, 304.24287605150465, 246.68655734431007, 169.11448656276434], "pplXY": [[317.8305392606597, 104.40862702294169], [417.212209087708, 224.03083965400702], [318.40073009352295, 354.6203333213911], [220.24018181821202, 229.32641367794417]]}