{"shapeUIx": [164.09513050913955, 276.7651291203786, 389.5607953738603, 499.1443878328857, 546.2742525276301], "shapeUIy": [174.0427518425951, 130.84287470742566, 138.06788007676315, 194.97558933596994, 259.44867707309356], "shapeUOx": [177.72387916291046, 278.51256345137233, 399.20952757759426, 513.9601979335382, 580.8128549745909], "shapeUOy": [155.86182174754543, 99.69794249242298, 103.16744678305432, 164.6419319943307, 247.36471031193122], "shapeLIx": [164.09513050913955, 267.1549109792588, 359.8112817096736, 501.56147224714096, 546.2742525276301], "shapeLIy": [174.04275184259512, 350.8645635164737, 377.85627803732564, 322.20438717364675, 259.44867707309356], "shapeLOx": [187.3532802408401, 263.6554105822672, 379.9523530158674, 505.7199325261866, 552.8921036333506], "shapeLOy": [262.00163853074747, 341.68003245651164, 354.51807795781156, 314.87395416774814, 258.8717551109282], "pplXY": [[330.073780044968, 94.64711361940668], [446.7291606608969, 219.7308329296537], [324.81064320149295, 391.4282569922896], [212.7958357099003, 216.8882532396064]]}