{"shapeUIx": [168.111679604156, 253.72448844114373, 344.12428953419146, 422.42915912230256, 500.4825408138312], "shapeUIy": [219.99985348498868, 172.04879429382632, 152.6442151260984, 155.95654930453856, 195.63516453856337], "shapeUOx": [210.5326480280788, 296.5261389938115, 381.7106898105574, 474.7794803760171, 558.7999312706086], "shapeUOy": [157.50370802025463, 112.44833588513934, 110.83836751919725, 132.9133923265243, 169.29910177607184], "shapeLIx": [168.111679604156, 273.04936910968394, 393.523224577366, 465.8341412824099, 500.4825408138312], "shapeLIy": [219.99985348498868, 337.45562729166943, 341.28990741467874, 277.7278585399595, 195.63516453856337], "shapeLOx": [185.39560900671583, 292.46729306262057, 431.23692066393943, 502.99967677168036, 547.6662259970337], "shapeLOy": [254.82288542408656, 323.6662247289242, 296.73348337389365, 243.0294177962689, 171.49380317942536], "pplXY": [[325.15568090402286, 95.78895134903664], [427.52304908444285, 218.2089819808138], [325.3882733444059, 351.4927563643241], [225.26376054318197, 222.70847103376764]]}