{"shapeUIx": [165.64409722294536, 254.6457910131136, 354.8114832908737, 461.3990689933624, 524.4030556099707], "shapeUIy": [170.039844914068, 124.35312623440498, 117.26297524155284, 164.62320039207373, 237.61793902234945], "shapeUOx": [188.83039299193717, 302.4429274529338, 399.1300209745517, 508.0272274652766, 577.3631553276467], "shapeUOy": [140.44376180120858, 72.56250171033719, 84.5712852174952, 147.92116765748446, 218.68887327727674], "shapeLIx": [165.64409722294533, 274.5586043311733, 360.42784269963437, 508.07106436563606, 524.4030556099707], "shapeLIy": [170.039844914068, 371.38134543617144, 402.8595411034736, 313.36457910494823, 237.61793902234945], "shapeLOx": [204.4570977102675, 312.715351992711, 455.8188000867266, 527.2993211191094, 546.92842365988], "shapeLOy": [300.39029932459295, 364.8740878383261, 334.67452454593155, 288.0969614637593, 236.1623367816772], "pplXY": [[327.0728370723608, 82.33771237758182], [440.5227440511996, 215.49628407513646], [319.6818126677951, 398.32825855206227], [207.66394210230527, 212.2883927364083]]}