{"shapeUIx": [157.96408937402134, 252.15192829611266, 361.75931980673926, 457.8062153886236, 508.353484080673], "shapeUIy": [196.75463600208633, 128.32912626185848, 108.46513684197994, 156.18680640325468, 229.0319703306606], "shapeUOx": [180.16796824227532, 286.845629769787, 405.3252031524097, 516.6529452026103, 554.8852383888516], "shapeUOy": [157.45092168223096, 75.97622639498204, 82.58828218482941, 140.6251761494917, 207.410360784528], "shapeLIx": [157.96408937402134, 275.09992377585434, 390.6905547993849, 476.9560674466951, 508.353484080673], "shapeLIy": [196.75463600208633, 377.86781723175477, 383.0263437025602, 311.28889413483466, 229.0319703306606], "shapeLOx": [182.4694206895897, 313.63633154753586, 462.54984090438865, 509.61772673728854, 544.5257805964063], "shapeLOy": [248.48846609504398, 367.29309371161634, 323.9755880651093, 270.1665251133451, 205.76327958654366], "pplXY": [[321.1329674798886, 71.54851177105266], [445.2589605233537, 218.60031970063142], [319.2068434095828, 397.2077052865581], [200.58382988042348, 220.30623989864998]]}