{"shapeUIx": [164.09521025322772, 276.765013439826, 389.56065723030105, 499.1442306814462, 546.2742458209725], "shapeUIy": [174.0427833315861, 130.8428491631783, 138.06760909771282, 194.97496749930605, 259.4480341693178], "shapeUOx": [177.724044291398, 278.5126081686693, 399.2092670890473, 513.9601256042804, 580.8131768677041], "shapeUOy": [155.86173787056546, 99.69785248795088, 103.16710999709001, 164.64141706369008, 247.36405250940396], "shapeLIx": [164.09521025322775, 267.1547667034515, 359.81128904739353, 501.5616048412965, 546.2742458209725], "shapeLIy": [174.04278333158612, 350.86439285967924, 377.85621307790365, 322.2040434650884, 259.4480341693178], "shapeLOx": [187.35374822190983, 263.65674307330346, 379.9535210029446, 505.72058176163375, 552.8923557535519], "shapeLOy": [262.00182616378174, 341.68013849473436, 354.5175248915709, 314.87318659707023, 258.87107060760593], "pplXY": [[330.07380423085414, 94.646593993753], [446.7292191865471, 219.73058553150355], [324.8105864339344, 391.4280391420314], [212.79580420211727, 216.88797907083412]]}