{"shapeUIx": [164.68491372187447, 274.5258439945781, 387.42454281675884, 495.45660916174654, 544.7468328337532], "shapeUIy": [177.90658867012934, 133.6671189224433, 137.48501361996074, 189.38284586820436, 252.6969938475413], "shapeUOx": [177.58277132354758, 276.42106791455615, 392.62314528221236, 510.97770674967023, 581.9812960787792], "shapeUOy": [160.83785337330852, 102.93738457360598, 102.18981190652536, 160.6974248089212, 241.87779902089392], "shapeLIx": [164.68491372187447, 264.1504255771188, 360.5643579974886, 501.41202410985136, 544.7468328337532], "shapeLIy": [177.90658867012934, 348.35030319164514, 376.08110010908393, 318.4057751771647, 252.6969938475413], "shapeLOx": [192.34635787225713, 277.52453320699965, 391.41626282136593, 510.922034357922, 554.0464638128766], "shapeLOy": [264.59037241090516, 342.56931309469593, 348.71627524700295, 307.82329877157804, 252.58266632503597], "pplXY": [[329.76186959610664, 92.76943633530682], [445.79925216370964, 218.12032044044773], [324.08809645517516, 387.09908545877704], [213.08258588737044, 215.06224259783215]]}