{"shapeUIx": [158.7916820769365, 240.51307120964984, 344.67976569117735, 436.97830274738726, 502.4950764346314], "shapeUIy": [218.00405965150694, 150.09827364280494, 116.68128991475385, 140.41261427756237, 202.29326115292156], "shapeUOx": [183.34304610928433, 282.01850567019534, 384.1195140987152, 508.017715491109, 562.4051035548398], "shapeUOy": [173.52716423630588, 92.52822608778277, 83.2328781109228, 126.61986199703578, 174.91254789516492], "shapeLIx": [158.7916820769365, 269.6778156879817, 394.54239352741433, 477.65881134794256, 502.4950764346314], "shapeLIy": [218.00405965150694, 368.50329020614134, 373.0279474832569, 292.14506497869627, 202.29326115292156], "shapeLOx": [187.97115471501633, 330.6012070338216, 487.1529822426578, 521.736459436592, 549.050669659758], "shapeLOy": [256.9212430635314, 363.7235869359614, 306.2583568629465, 245.4105525844655, 174.76191244150692], "pplXY": [[322.7811092534932, 69.5851794837549], [439.7442417158046, 214.49187505032424], [320.02226753970353, 380.9277639500416], [207.06765891763817, 218.1787102354386]]}