{"shapeUIx": [190.0218539288865, 292.8619992742606, 385.9636203943555, 477.27454334097774, 502.14077478177995], "shapeUIy": [162.96055053004787, 121.81898870316009, 140.33007446635216, 214.17046375716103, 282.21278157350787], "shapeUOx": [197.20254361857695, 320.23765801836043, 422.05600253740823, 492.63077577721833, 525.6193498468231], "shapeUOy": [152.61433896538534, 88.53275410210384, 128.3897356069205, 192.0410944585125, 260.13585785358987], "shapeLIx": [190.0218539288865, 278.5194198240482, 348.5246414806744, 476.10753560047243, 502.14077478177995], "shapeLIy": [162.96055053004787, 343.0499030689568, 378.75920132069785, 323.05858064053064, 282.21278157350787], "shapeLOx": [203.27122477669965, 271.9742591718865, 408.59334976068624, 481.32130500761514, 516.6959586776626], "shapeLOy": [248.63172820850468, 333.6162175822923, 337.021553055649, 312.04578466344003, 268.29236340383125], "pplXY": [[326.7715103785582, 108.85680442491824], [429.5613975565878, 221.90362234308654], [321.4230466434608, 382.99190184389556], [221.23029772644878, 214.66688055885243]]}