{"shapeUIx": [164.09513050913742, 276.76512912038163, 389.5607953738639, 499.1443878328899, 546.2742525276302], "shapeUIy": [174.04275184259438, 130.84287470742646, 138.06788007677045, 194.97558933598665, 259.44867707311084], "shapeUOx": [177.72387916290586, 278.51256345137097, 399.2095275776011, 513.9601979335401, 580.8128549745823], "shapeUOy": [155.86182174754805, 99.6979424924256, 103.16744678306341, 164.64193199434456, 247.36471031194907], "shapeLIx": [164.09513050913742, 267.1549109792625, 359.8112817096734, 501.56147224713743, 546.2742525276302], "shapeLIy": [174.0427518425944, 350.86456351647826, 377.85627803732734, 322.20438717365596, 259.44867707311084], "shapeLOx": [187.35328024082764, 263.65541058223164, 379.95235301583614, 505.71993252616915, 552.8921036333438], "shapeLOy": [262.0016385307425, 341.68003245650885, 354.51807795782645, 314.87395416776883, 258.8717551109467], "pplXY": [[330.07378004496735, 94.64711361942074], [446.7291606608954, 219.73083292966038], [324.81064320149443, 391.42825699229536], [212.79583570990116, 216.8882532396138]]}