{"shapeUIx": [164.09513050914626, 276.7651291203689, 389.5607953738485, 499.1443878328723, 546.2742525276295], "shapeUIy": [174.0427518425973, 130.84287470742328, 138.06788007674018, 194.97558933591742, 259.4486770730393], "shapeUOx": [177.72387916292487, 278.5125634513767, 399.2095275775731, 513.9601979335323, 580.8128549746182], "shapeUOy": [155.86182174753725, 99.69794249241477, 103.16744678302571, 164.64193199428712, 247.36471031187529], "shapeLIx": [164.09513050914626, 267.154910979247, 359.8112817096743, 501.56147224715215, 546.2742525276295], "shapeLIy": [174.04275184259737, 350.8645635164595, 377.8562780373201, 322.20438717361765, 259.4486770730393], "shapeLOx": [187.3532802408792, 263.65541058237903, 379.9523530159658, 505.71993252624134, 552.892103633372], "shapeLOy": [262.0016385307631, 341.6800324565204, 354.51807795776483, 314.8739541676832, 258.87175511087014], "pplXY": [[330.07378004497014, 94.6471136193625], [446.72916066090204, 219.73083292963275], [324.81064320148823, 391.42825699227143], [212.79583570989763, 216.8882532395832]]}