{"shapeUIx": [168.11125226797517, 253.7250836503374, 344.1251218479937, 422.4300926368789, 500.4825900053085], "shapeUIy": [219.9999349320051, 172.04910692745239, 152.64582034498747, 155.96011589805147, 195.6388390506962], "shapeUOx": [210.53140108637632, 296.5254910773736, 381.71170817947916, 474.779789687965, 558.7980459794918], "shapeUOy": [157.5048707952397, 112.44923494664212, 110.84038789435519, 132.91639832553065, 169.30311018737916], "shapeLIx": [168.11125226797517, 273.04992770369904, 393.52317546918323, 465.8333800200767, 500.4825900053085], "shapeLIy": [219.9999349320051, 337.4565049136114, 341.2902698269776, 277.7298528862172, 195.6388390506962], "shapeLOx": [185.39318160799672, 292.46009883149156, 431.23037923853565, 502.9960040681079, 547.6647361108028], "shapeLOy": [254.8219544170782, 323.665745245534, 296.7366676030124, 243.03388614087953, 171.49789535932092], "pplXY": [[325.15550800879765, 95.79210648574747], [427.5226569839386, 218.2104431408186], [325.3885662945533, 351.49387254140515], [225.26395548387478, 222.71005548366088]]}