{"shapeUIx": [157.96409131999698, 252.1519255268412, 361.75931624563043, 457.80621136555084, 508.35348388911586], "shapeUIy": [196.75463624696067, 128.3291252713937, 108.46512991300396, 156.18679074852517, 229.03195417333396], "shapeUOx": [180.167973025989, 286.84563171334275, 405.32519758717984, 516.6529436017872, 554.8852465741044], "shapeUOy": [157.45091814727192, 75.97622332974203, 82.58827352100408, 140.62516307684655, 207.41034373374706], "shapeLIx": [157.96409131999698, 275.0999207050318, 390.6905549984551, 476.9560707868558, 508.35348388911586], "shapeLIy": [196.75463624696067, 377.8678131463556, 383.0263420888292, 311.28888543420356, 229.03195417333396], "shapeLOx": [182.4694319376217, 313.63636416196664, 462.54986998294396, 509.61774297661805, 544.5257870348325], "shapeLOy": [248.48847051582476, 367.29309611301943, 323.97557411530704, 270.16650565162456, 205.7632620084426], "pplXY": [[321.13296816020573, 71.54849832331023], [445.2589621149098, 218.6003133836818], [319.20684204834834, 397.2077000803059], [200.58382905728018, 220.30623297051528]]}