{"shapeUIx": [168.11172968367788, 253.7244170262898, 344.12419837331174, 422.42905606637385, 500.4825359589762], "shapeUIy": [219.99986114829707, 172.0487697556912, 152.6440376136844, 155.9561476346116, 195.63474989916267], "shapeUOx": [210.53276919001163, 296.5261868024655, 381.71054452532053, 474.7794387510563, 558.8001410840357], "shapeUOy": [157.5036208995566, 112.44825924707224, 110.83814568744147, 132.91305717968325, 169.29866551460867], "shapeLIx": [168.11172968367788, 273.049288906831, 393.52322964997427, 465.83422697750456, 500.4825359589762], "shapeLIy": [219.99986114829707, 337.4555219393321, 341.28986595339677, 277.7276354180416, 195.63474989916267], "shapeLOx": [185.39589893826837, 292.468132201691, 431.23766756284294, 503.0000936995663, 547.666390966783], "shapeLOy": [254.82299961330332, 323.6662870156176, 296.73312552168056, 243.02891879674968, 171.49335302346952], "pplXY": [[325.15569817986403, 95.78860723239171], [427.52308962238095, 218.20882012610568], [325.3882382485161, 351.4926220843245], [225.2637394992774, 222.7082933412586]]}