{"shapeUIx": [151.78761394807802, 222.55221180074977, 327.7490501933124, 407.78462152215474, 492.05369040375234], "shapeUIy": [252.24043819296767, 181.21228181666902, 137.46896069208918, 137.3099906210316, 186.2715589712402], "shapeUOx": [158.92081301998405, 241.19105088598673, 332.2605852976075, 477.500030365127, 548.0215739690537], "shapeUOy": [225.4649890917364, 133.83706485706907, 100.4462630243144, 127.2438554223226, 173.2885079839666], "shapeLIx": [151.78761394807802, 256.0930132823443, 396.4694879542179, 461.1912542271115, 492.05369040375234], "shapeLIy": [252.24043819296767, 356.92131528209177, 357.4602625827562, 281.379603726351, 186.27155897124018], "shapeLOx": [183.30741442312632, 318.64783238130684, 467.170576743745, 505.57762904633057, 541.4716605083448], "shapeLOy": [272.15284804364734, 354.87739549004743, 304.24271933971016, 246.68633971434627, 169.11429218283874], "pplXY": [[317.83054620918887, 104.40847932297886], [417.2122258277541, 224.03076944905297], [318.4007141041884, 354.6202719848519], [220.24017285183987, 229.32633597439545]]}