{"shapeUIx": [159.79637782375838, 266.67387807381783, 376.88836818404127, 469.8585400374408, 528.7450191301493], "shapeUIy": [186.99886768719114, 125.34159099298395, 121.26098252674569, 164.64285224734618, 230.81856696152403], "shapeUOx": [163.02438423389668, 244.24182180677812, 366.47568556899586, 488.49928895159417, 550.2431294694456], "shapeUOy": [157.88905701952334, 93.28807636085412, 85.22605275528892, 137.23069142712956, 223.99392778971537], "shapeLIx": [159.79637782375838, 271.8888092576668, 380.0313851164983, 466.05885360660676, 528.7450191301493], "shapeLIy": [186.99886768719114, 352.6729451353798, 362.1614212858757, 309.1547676949874, 230.81856696152403], "shapeLOx": [166.29187323827895, 250.24627142785803, 358.8307618802977, 474.18829911069287, 548.6387960165962], "shapeLOy": [228.20127599462103, 338.0664044198419, 346.8845316357347, 295.0174988435703, 218.58888204833914], "pplXY": [[323.5433441309336, 86.81959866473326], [432.35867250781376, 226.48771479276283], [322.3803531592445, 381.57099355194265], [222.053434306665, 227.0101795870218]]}