{"shapeUIx": [168.11172968381908, 253.7244170260859, 344.124198373064, 422.4290560660926, 500.4825359589639], "shapeUIy": [219.99986114834428, 172.04876975563997, 152.6440376131995, 155.95614763350284, 195.6347498980168], "shapeUOx": [210.53276919031632, 296.5261868025586, 381.7105445248723, 474.779438750931, 558.800141084611], "shapeUOy": [157.50362089938375, 112.44825924689867, 110.8381456868379, 132.9130571787633, 169.29866551342775], "shapeLIx": [168.11172968381908, 273.04928890658294, 393.5232296499876, 465.834226977741, 500.4825359589639], "shapeLIy": [219.99986114834428, 337.45552193903126, 341.28986595328126, 277.72763541742796, 195.6347498980168], "shapeLOx": [185.39589893909408, 292.4681322040517, 431.23766756492023, 503.0000937007223, 547.666390967234], "shapeLOy": [254.82299961363293, 323.6662870158023, 296.733125520694, 243.0289187953788, 171.49335302224335], "pplXY": [[325.1556981799083, 95.7886072314592], [427.52308962248725, 218.20882012566307], [325.388238248416, 351.49262208394066], [225.26373949922066, 222.70829334076933]]}