{"shapeUIx": [158.73713355054204, 240.59401157148926, 344.80843398297225, 437.1190692164349, 502.5037242980047], "shapeUIy": [218.05083491075374, 150.16725495795882, 116.92337044736823, 140.9296273638066, 202.82081617673575], "shapeUOx": [183.12634996390108, 281.8763603192247, 384.2046408828017, 508.0459645827053, 562.1271332724224], "shapeUOy": [173.78725944210927, 92.71178192642559, 83.53983965685947, 127.06140702009016, 175.52183316205472], "shapeLIx": [158.737133550542, 269.72053946224764, 394.5330307546236, 477.5481417872108, 502.5037242980047], "shapeLIy": [218.05083491075374, 368.61050869322264, 373.07509230539694, 292.4340218159134, 202.82081617673575], "shapeLOx": [187.6576562379384, 329.6216095324613, 486.2259710591212, 521.2123092402464, 548.8294266576361], "shapeLOy": [256.80485716860625, 363.6674138878494, 306.7178609519713, 246.062932892994, 175.37357799109677], "pplXY": [[322.7522391418129, 70.06641631808358], [439.6795890020038, 214.7082677871681], [320.060980627973, 381.0674642633138], [207.09972806936244, 218.4085362746492]]}