{"shapeUIx": [178.76591598020315, 271.2744919983346, 358.41660574709897, 454.70558747200573, 512.3773880783225], "shapeUIy": [169.03570380278546, 137.66228003439602, 143.21058201574346, 194.34844510478496, 263.79761602361833], "shapeUOx": [218.27947687031633, 316.1864183291099, 407.99703511467897, 488.1375763542943, 558.7341748492669], "shapeUOy": [111.19614798437135, 84.761284331466, 113.2546699714978, 171.65940771294697, 237.07438599104754], "shapeLIx": [178.76591598020315, 294.12638612660123, 379.0013095286265, 487.1764887532848, 512.3773880783225], "shapeLIy": [169.03570380278546, 355.6073685281344, 371.44019945827694, 312.83572906600585, 263.79761602361833], "shapeLOx": [199.06355754343323, 294.26241925267664, 420.1230054594782, 497.77214018094867, 537.0693691517465], "shapeLOy": [255.79354972616903, 333.93835806793567, 322.29851082913785, 292.76973110801, 251.39185822106575], "pplXY": [[328.6957242449408, 85.29829614833844], [441.3448164503983, 216.49207558712683], [323.98232342136896, 382.1473619443806], [215.27113140315114, 213.71725003743717]]}