{"shapeUIx": [190.02189243576657, 292.86194349136395, 385.9635534152095, 477.2744671864615, 502.1407715044471], "shapeUIy": [162.9605649839013, 121.81897584090135, 140.32994316062067, 214.17016279282106, 282.2124704523142], "shapeUOx": [197.20262443824473, 320.2376808344021, 422.0558778881108, 492.63074108714517, 525.6195057587653], "shapeUOy": [152.6142963269002, 88.53270939311128, 128.3895723385707, 192.04084507844252, 260.13553877775456], "shapeLIx": [190.02189243576657, 278.5193508007202, 348.52464505232064, 476.1075997785505, 502.1407715044471], "shapeLIy": [162.9605649839013, 343.04982077473517, 378.7591699118601, 323.05841421968137, 282.2124704523142], "shapeLOx": [203.271450509924, 271.9749027493994, 408.5939145883108, 481.3216190817002, 516.696080833721], "shapeLOy": [248.63181858682074, 333.6162685191441, 337.0212853388797, 312.04541296709675, 268.2920316128499], "pplXY": [[326.77152218703765, 108.8565524045471], [429.56142605251836, 221.9035024770839], [321.4230192660277, 382.9917968056807], [221.23028243399548, 214.6667478262268]]}