{"shapeUIx": [151.78761398551188, 222.5522117466703, 327.74905012767823, 407.78462144760607, 492.0536904004888], "shapeUIy": [252.2404382055779, 181.21228180315555, 137.46896056357514, 137.3099903271403, 186.27155866750766], "shapeUOx": [158.9208131006248, 241.19105091051165, 332.260585178611, 477.5000303318555, 548.0215741215251], "shapeUOy": [225.46498904619352, 133.837064811217, 100.44626286437497, 127.243855178504, 173.28850767104376], "shapeLIx": [151.78761398551188, 256.0930132164838, 396.46948795774495, 461.19125428978714, 492.0536904004888], "shapeLIy": [252.24043820557796, 356.9213152023101, 357.460262552145, 281.3796035637102, 186.27155866750766], "shapeLOx": [183.30741464209277, 318.6478330072089, 467.17057729440876, 505.57762935273587, 541.47166062788], "shapeLOy": [272.1528481310705, 354.87739553905186, 304.2427190782114, 246.68633935100553, 169.11429185789726], "pplXY": [[317.8305462209159, 104.40847907587545], [417.21222585590465, 224.03076933176004], [318.4007140776404, 354.6202718830451], [220.2401728368245, 229.32633584471017]]}