{"shapeUIx": [164.0954460685551, 276.7646697945787, 389.5602539494806, 499.1437711126837, 546.2742267475084], "shapeUIy": [174.04289110297776, 130.84278389032647, 138.06681652795083, 194.9731418141685, 259.44614583921896], "shapeUOx": [177.72451160729705, 278.5127166257988, 399.2084746053032, 513.9599070944968, 580.8141196312251], "shapeUOy": [155.8615313392681, 99.69761055882385, 103.16612639276418, 164.6399082979128, 247.36213489060646], "shapeLIx": [164.0954460685551, 267.15432746323216, 359.81131020738906, 501.56199404647305, 546.2742267475084], "shapeLIy": [174.04289110297776, 350.8638859489878, 377.8560217427997, 322.2030356756378, 259.44614583921896], "shapeLOx": [187.35513701316285, 263.6606810806317, 379.9569591830606, 505.72249078324285, 552.8930934100662], "shapeLOy": [262.00238549239896, 341.6804572830444, 354.51590186190987, 314.8709369066813, 258.8690705536336], "pplXY": [[330.0738732395671, 94.64507865279441], [446.7293876974859, 219.72986167258756], [324.81041787594467, 391.42739177463216], [212.7957125391061, 216.88717487345463]]}