{"shapeUIx": [157.96286674037532, 252.15296891295452, 361.76395921527796, 457.8110701182292, 508.35397144221787], "shapeUIy": [196.76122840366716, 128.3344900399502, 108.47351958123522, 156.20256100485727, 229.04778220105436], "shapeUOx": [180.1554174873535, 286.8335720158876, 405.3185611824671, 516.6518044866007, 554.8759832723874], "shapeUOy": [157.4721203803818, 75.98925040897575, 82.59933564139862, 140.63963733723384, 207.43346809602104], "shapeLIx": [157.96286674037532, 275.0960407491533, 390.6901821974923, 476.95263500622394, 508.35397144221787], "shapeLIy": [196.76122840366716, 377.86924942791455, 383.0276118162576, 311.2981782925062, 229.04778220105436], "shapeLOx": [182.464584696528, 313.61474147264573, 462.5243680132895, 509.60260786403404, 544.5181868556124], "shapeLOy": [248.4877386677408, 367.29389654080376, 323.98997243173807, 270.18779835052095, 205.7851145969687], "pplXY": [[321.13140203729927, 71.5666765519617], [445.25586090098386, 218.60780283829308], [319.20739908291716, 397.2094473833866], [200.58507490095465, 220.3135827185065]]}