{"shapeUIx": [158.79126532487885, 240.5136679153709, 344.68051581230054, 436.97915192626334, 502.49511561024246], "shapeUIy": [218.00397246140295, 150.09846142525748, 116.68275296870998, 140.41593530362306, 202.2966905676707], "shapeUOx": [183.34207161590476, 282.0181459898216, 384.1207585596511, 508.0180692273614, 562.4033723706947], "shapeUOy": [173.52782260773853, 92.52882495476214, 83.23470417323006, 126.62262822008896, 174.91613351221028], "shapeLIx": [158.79126532487885, 269.6785032228054, 394.5423522067295, 477.65810289667627, 502.49511561024235], "shapeLIy": [218.003972461403, 368.5041704052197, 373.02829118820927, 292.14690765416475, 202.2966905676707], "shapeLOx": [187.96873427448338, 330.59422831581617, 487.1467925442756, 521.7330076461178, 549.0493096741069], "shapeLOy": [256.9202857450051, 363.7230602300226, 306.2613144745284, 245.41467231645393, 174.76561923942583], "pplXY": [[322.78096953038425, 69.58800876012545], [439.7439116806352, 214.49320942467676], [320.02256068395957, 380.928886271564], [207.06783162834753, 218.1801782992947]]}