{"shapeUIx": [164.09513050922538, 276.76512912025464, 389.56079537370977, 499.1443878327147, 546.2742525276226], "shapeUIy": [174.0427518426239, 130.8428747073946, 138.0678800764685, 194.97558933529615, 259.4486770723972], "shapeUOx": [177.72387916309552, 278.5125634514288, 399.20952757732175, 513.960197933462, 580.8128549749405], "shapeUOy": [155.86182174744062, 99.69794249231765, 103.16744678268756, 164.64193199377164, 247.36471031121368], "shapeLIx": [164.09513050922538, 267.15491097910797, 359.81128170968174, 501.56147224728466, 546.2742525276226], "shapeLIy": [174.0427518426239, 350.86456351629084, 377.8562780372555, 322.20438717327386, 259.4486770723972], "shapeLOx": [187.35328024134196, 263.655410583702, 379.95235301712984, 505.71993252688907, 552.8921036336246], "shapeLOy": [262.00163853094784, 341.6800324566239, 354.51807795721203, 314.8739541669151, 258.8717551101831], "pplXY": [[330.0737800449949, 94.64711361884004], [446.7291606609615, 219.73083292938477], [324.8106432014321, 391.4282569920562], [212.79583570986588, 216.88825323930905]]}