{"shapeUIx": [157.96237947537537, 252.1530330144356, 361.7671138986116, 457.8142237792439, 508.35435784200934], "shapeUIy": [196.76752986500628, 128.33923821097878, 108.47909616380613, 156.2120074052582, 229.05702451428738], "shapeUOx": [180.14532695136126, 286.82298028804644, 405.31048496366395, 516.6501517948951, 554.8700766284976], "shapeUOy": [157.49078745923734, 76.00045063507717, 82.60679659273781, 140.64871500974817, 207.44922113379099], "shapeLIx": [157.96237947537537, 275.09134220222643, 390.68990350548404, 476.950513163891, 508.35435784200934], "shapeLIy": [196.76752986500628, 377.8691306547013, 383.02816953232326, 311.30386084530517, 229.05702451428738], "shapeLOx": [182.4638054927624, 313.60540256672925, 462.5102245416542, 509.5939053283686, 544.5132642670635], "shapeLOy": [248.48853177197083, 367.29537296517736, 323.9986990199071, 270.2010818239776, 205.79948941470548], "pplXY": [[321.1301706423832, 71.57920108770867], [445.253466696543, 218.61268266944867], [319.2074773874017, 397.20924901860946], [200.58600323224965, 220.31813736438352]]}