{"shapeUIx": [165.6440624423559, 254.64583666029066, 354.8115601469626, 461.39915395077514, 524.4030610122201], "shapeUIy": [170.0398772368838, 124.35316963917876, 117.26312106344548, 164.6235133483251, 237.61826008684505], "shapeUOx": [188.8302548035066, 302.44283307105013, 399.13006490839115, 508.0272445520116, 577.3629861641687], "shapeUOy": [140.44392907644328, 72.56261724619392, 84.57147098929418, 147.92143637502437, 218.68924736833168], "shapeLIx": [165.6440624423559, 274.5586276216348, 360.42783775723075, 508.07099742534103, 524.4030610122201], "shapeLIy": [170.0398772368838, 371.3814128007081, 402.85957186683356, 313.36475626633256, 237.61826008684505], "shapeLOx": [204.45690890662036, 312.71476288462264, 455.8182406408193, 527.2990035390669, 546.9282887716611], "shapeLOy": [300.39023148942294, 364.8740579851561, 334.6748052744022, 288.0973599292044, 236.1627115790496], "pplXY": [[327.07281862245674, 82.33800613529017], [440.5227041968289, 215.4964164118694], [319.6818352911954, 398.32834376439996], [207.66396060689812, 212.2885330535492]]}