{"shapeUIx": [164.11516210451776, 276.7344593546451, 389.5291542234713, 499.1075771352287, 546.2727588284304], "shapeUIy": [174.0615120856388, 130.84406853392133, 138.005677497479, 194.8272152792559, 259.29452640570923], "shapeUOx": [177.75091859367794, 278.50705462100285, 399.1276056719984, 513.9382784044953, 580.8876739847955], "shapeUOy": [155.87008412796152, 99.69250613924756, 103.09103169423926, 164.52127755025788, 247.217115004945], "shapeLIx": [164.11516210451776, 267.10951569458473, 359.8129565072309, 501.5927141185933, 546.2727588284304], "shapeLIy": [174.06151208563884, 350.819759288977, 377.8401361069233, 322.1231560552949, 259.29452640570923], "shapeLOx": [187.47495025423035, 263.99094158752575, 380.2371164923072, 505.8765336722155, 552.9502668505626], "shapeLOy": [262.05233273793294, 341.71040985703837, 354.386581951108, 314.69351516956385, 258.71492028250725], "pplXY": [[330.0780564346522, 94.53079581057541], [446.74051635102495, 219.67369213277712], [324.7957737632434, 391.37055022459487], [212.78901285507794, 216.8235777557008]]}