{"shapeUIx": [182.11213059459234, 278.199007416007, 377.42566233987236, 464.60565056403505, 502.75289631413006], "shapeUIy": [187.99475466569658, 140.5377779815739, 143.4367486321193, 192.59532148948213, 249.71324636263466], "shapeUOx": [188.24941530996338, 301.6491728446982, 397.2749081374128, 486.4880868380563, 537.3405610593755], "shapeUOy": [180.88480832453325, 107.9310030905738, 125.12769661263602, 173.27055744082796, 234.15772066375013], "shapeLIx": [182.11213059459234, 263.1728320667265, 354.9034347419655, 474.74250420237877, 502.75289631413006], "shapeLIy": [187.99475466569658, 334.87138512457784, 367.5353788033239, 307.5635457444594, 249.71324636263466], "shapeLOx": [208.08687922200775, 300.47892453570154, 432.2914815900411, 497.7140573920171, 526.6799225092145], "shapeLOy": [261.59269853449877, 334.88643820429405, 321.7784126010772, 287.93825965788284, 238.45593013973343], "pplXY": [[325.0021120383875, 111.0562038908784], [425.5493302397657, 219.73985353602762], [320.2333477660569, 366.8007149657191], [222.30027506564124, 214.39898998847957]]}