{"shapeUIx": [168.11172155649808, 253.7244286965859, 344.12421287549256, 422.4290725015443, 500.48253670444944], "shapeUIy": [219.99985910480797, 172.0487731765566, 152.64406593540255, 155.9562120795303, 195.63481646567016], "shapeUOx": [210.5327506815169, 296.52618034721115, 381.71056931115163, 474.7794457568642, 558.8001075423858], "shapeUOy": [157.50363276163435, 112.44827035480819, 110.83818100327213, 132.91311078866903, 169.2987347794364], "shapeLIx": [168.11172155649808, 273.04930260922606, 393.5232288576072, 465.8342132312106, 500.48253670444944], "shapeLIy": [219.99985910480797, 337.45553915603926, 341.2898726374438, 277.72767114514426, 195.63481646567016], "shapeLOx": [185.39585162629393, 292.4679961807195, 431.23754724213313, 503.0000266493956, 547.666364634548], "shapeLOy": [254.82298084212343, 323.6662766232459, 296.7331828980134, 243.02899865253866, 171.4934247328968], "pplXY": [[325.1556955142386, 95.78866189980158], [427.52308329383595, 218.20884596302685], [325.3882439804939, 351.4926440421762], [225.26374283126475, 222.70832181280102]]}