{"shapeUIx": [165.64409345342034, 254.64579628297224, 354.8114905213424, 461.3990771153379, 524.4030560301292], "shapeUIy": [170.03984535676403, 124.35312879583861, 117.26298921652912, 164.62323155492373, 237.61797113826756], "shapeUOx": [188.8303824054007, 302.4429221955936, 399.13003036826007, 508.02723027857047, 577.3631388954102], "shapeUOy": [140.44377125424518, 72.56250916906583, 84.57130277838947, 147.92119386561075, 218.68890805163724], "shapeLIx": [165.64409345342034, 274.558609491157, 360.42784227903735, 508.07105771295517, 524.4030560301292], "shapeLIy": [170.03984535676403, 371.3813532107701, 402.85954427900134, 313.3645965057733, 237.61797113826756], "shapeLOx": [204.4570762241911, 312.71528864803827, 455.81874275317006, 527.2992889706685, 546.9284106884998], "shapeLOy": [300.3902910385112, 364.87408351293857, 334.674552360103, 288.0970004396376, 236.1623723597955], "pplXY": [[327.0728355968358, 82.33773976906663], [440.52274068234345, 215.49629680064157], [319.68181526238044, 398.3282684438107], [207.66394379177535, 212.28840657213215]]}