{"shapeUIx": [151.78761398544958, 222.5522117467603, 327.74905012778754, 407.7846214477302, 492.05369040049425], "shapeUIy": [252.24043820555704, 181.21228180317812, 137.4689605637891, 137.30999032762952, 186.27155866801326], "shapeUOx": [158.92081310049042, 241.19105091047064, 332.26058517880887, 477.5000303319108, 548.0215741212712], "shapeUOy": [225.46498904626964, 133.83706481129352, 100.44626286464127, 127.24385517890991, 173.28850767156482], "shapeLIx": [151.78761398544958, 256.0930132165933, 396.46948795773903, 461.19125428968283, 492.05369040049425], "shapeLIy": [252.24043820555707, 356.9213152024429, 357.46026255219596, 281.37960356398094, 186.27155866801326], "shapeLOx": [183.30741464172837, 318.64783300616716, 467.1705772934921, 505.5776293522258, 541.4716606276811], "shapeLOy": [272.15284813092507, 354.8773955389703, 304.2427190786467, 246.68633935161037, 169.11429185843826], "pplXY": [[317.83054622089634, 104.40847907628688], [417.2122258558578, 224.0307693319553], [318.4007140776846, 354.6202718832145], [220.24017283684952, 229.3263358449261]]}