{"shapeUIx": [158.9488173401116, 252.70312254819092, 363.75239320639196, 457.75007033920576, 507.83778627108387], "shapeUIy": [203.3545178253474, 134.64225331178986, 114.16480186330834, 159.15264197111867, 228.35036649519884], "shapeUOx": [176.68417728237472, 281.9853176814689, 398.4531071581562, 512.5965082534932, 552.5705799665486], "shapeUOy": [171.19352179416995, 86.16217531340632, 88.60581739839321, 143.24843858052913, 210.89822209928775], "shapeLIx": [158.9488173401116, 269.51989019288214, 390.5421907021876, 475.01339274159534, 507.83778627108387], "shapeLIy": [203.3545178253474, 372.5359423525916, 379.05639929030576, 310.3075959413057, 228.35036649519884], "shapeLOx": [185.18403912444268, 314.42127701999954, 458.47946422809775, 507.4629612747457, 542.806962708931], "shapeLOy": [249.9157123262643, 365.30506367099196, 323.91818336615177, 271.8135827833178, 207.8248712658238], "pplXY": [[320.615447167775, 79.52766825857479], [442.8416591953734, 220.2859018145362], [319.40590908278944, 391.766599543317], [202.5466886392706, 221.75407294406546]]}