{"shapeUIx": [164.0951305620618, 276.76512904391893, 389.56079528108603, 499.14438772750844, 546.2742525230186], "shapeUIy": [174.04275186046817, 130.84287468835265, 138.0678798951032, 194.97558892052137, 259.4486766437309], "shapeUOx": [177.72387927685145, 278.5125634859709, 399.20952740929397, 513.9601978864863, 580.8128551901193], "shapeUOy": [155.8618216832876, 99.69794242767455, 103.16744655697775, 164.64193164967497, 247.36470986962166], "shapeLIx": [164.0951305620618, 267.15491088610935, 359.81128171465826, 501.56147233573995, 546.2742525230186], "shapeLIy": [174.04275186046817, 350.86456340367533, 377.8562779940515, 322.2043869437397, 259.4486766437309], "shapeLOx": [187.35328055041975, 263.6554114671304, 379.95235379432086, 505.7199329593342, 552.8921038023194], "shapeLOy": [262.00163865435604, 341.68003252580786, 354.51807758815573, 314.8739536541368, 258.8717546516164], "pplXY": [[330.0737800615393, 94.64711327012951], [446.72916070068084, 219.7308327638545], [324.8106431639585, 391.42825684835026], [212.79583568867693, 216.88825305628384]]}