{"shapeUIx": [151.7876139851242, 222.55221174723027, 327.74905012835814, 407.7846214483783, 492.05369040052267], "shapeUIy": [252.240438205448, 181.21228180329592, 137.46896056490635, 137.3099903301843, 186.27155867065355], "shapeUOx": [158.9208130997888, 241.19105091025662, 332.2605851798423, 477.5000303321998, 548.0215741199457], "shapeUOy": [225.46498904666697, 133.8370648116929, 100.44626286603179, 127.24385518102949, 173.2885076742855], "shapeLIx": [151.7876139851242, 256.0930132171653, 396.4694879577084, 461.19125428913804, 492.05369040052267], "shapeLIy": [252.240438205448, 356.9213152031362, 357.46026255246204, 281.3796035653948, 186.27155867065355], "shapeLOx": [183.30741463982545, 318.6478330007272, 467.1705772887056, 505.57762934956236, 541.4716606266419], "shapeLOy": [272.1528481301654, 354.8773955385446, 304.2427190809199, 246.68633935476902, 169.1142918612633], "pplXY": [[317.83054622079436, 104.40847907843529], [417.212225855613, 224.03076933297498], [318.40071407791527, 354.6202718840992], [220.2401728369801, 229.32633584605347]]}