{"shapeUIx": [164.09638326136582, 276.76329392460633, 389.55868153458636, 499.14197411216156, 546.2741551149618], "shapeUIy": [174.04340769215838, 130.84258624949547, 138.06371826813123, 194.96596228562902, 259.4387149373788], "shapeUOx": [177.72624391657283, 278.51300553867657, 399.20519118555137, 513.9590104419308, 580.8178127963146], "shapeUOy": [155.86095858936355, 99.69679384867838, 103.16228986907977, 164.6339934453863, 247.35467569416133], "shapeLIx": [164.09638326136582, 267.15250602779497, 359.8113913644459, 501.56352367294494, 546.2741551149618], "shapeLIy": [174.0434076921584, 350.8618573286778, 377.85526537226855, 322.19908033967613, 259.4387149373788], "shapeLOx": [187.360686918127, 263.6763219144419, 379.9705335579174, 505.7300149443937, 552.8959786587141], "shapeLOy": [262.0046358539233, 341.6817556300877, 354.5095238422292, 314.86211329172295, 258.861262826337], "pplXY": [[330.0741324714951, 94.63918187946375], [446.7300300701042, 219.72703029116474], [324.80974366371646, 391.42479900885974], [212.7953572598999, 216.88401720472174]]}