{"shapeUIx": [164.09513051452257, 276.76512911260244, 389.56079536442036, 499.1443878221638, 546.2742525271606], "shapeUIy": [174.04275184440385, 130.8428747054792, 138.06788005827997, 194.97558929370402, 259.4486770294126], "shapeUOx": [177.72387917451329, 278.51256345490657, 399.20952756048956, 513.9601979287552, 580.8128549965193], "shapeUOy": [155.8618217409832, 99.69794248582176, 103.167446760051, 164.641931959265, 247.36471026692402], "shapeLIx": [164.09513051452257, 267.154910969792, 359.811281710181, 501.5614722561547, 546.2742525271606], "shapeLIy": [174.04275184440385, 350.8645635050018, 377.8562780329235, 322.20438715025614, 259.4486770294126], "shapeLOx": [187.35328027232606, 263.6554106722731, 379.9523530950582, 505.71993257025133, 552.8921036505424], "shapeLOy": [262.0016385433176, 341.6800324635568, 354.5180779202039, 314.8739541154932, 258.87175506419374], "pplXY": [[330.07378004665514, 94.64711358386631], [446.72916066494645, 219.73083291278448], [324.8106431976756, 391.4282569776507], [212.79583570774062, 216.8882532209555]]}