{"shapeUIx": [165.6440972636236, 254.64579095461878, 354.8114832185847, 461.3990689113957, 524.4030556062826], "shapeUIy": [170.03984492511208, 124.35312621785542, 117.2629751002921, 164.6232000702676, 237.61793868990708], "shapeUOx": [188.83039308339886, 302.4429274839143, 399.13002084926075, 508.0272274299553, 577.3631554950118], "shapeUOy": [140.44376174415817, 72.56250165609666, 84.57128504142955, 147.92116738995563, 218.68887293215553], "shapeLIx": [165.6440972636236, 274.5586042618894, 360.4278427035689, 508.0710644342753, 524.4030556062826], "shapeLIy": [170.03984492511208, 371.3813453498761, 402.85954107006376, 313.3645789266181, 237.61793868990708], "shapeLOx": [204.4570979473398, 312.7153526733638, 455.8188006880505, 527.2993214540869, 546.92842379123], "shapeLOy": [300.3902994187916, 364.87408789063204, 334.67452425946203, 288.0969610652104, 236.16233642412664], "pplXY": [[327.0728370855621, 82.33771210516062], [440.5227440826202, 215.4962839462553], [319.6818126390682, 398.3282584419888], [207.66394208571273, 212.28839259427463]]}