{"shapeUIx": [178.76590342553772, 271.27451024018376, 358.41662739049013, 454.7056121087661, 512.3773891183748], "shapeUIy": [169.03569855579298, 137.66228385310444, 143.2106245028827, 194.3485427389707, 263.79771698094225], "shapeUOx": [218.27945129040705, 316.1864117606366, 407.9970765627881, 488.1375878321372, 558.7341243538442], "shapeUOy": [111.19616036632465, 84.76129802083912, 113.25472274776352, 171.65948850158833, 237.0744890007094], "shapeLIx": [178.76590342553772, 294.1264090899942, 379.00130838462167, 487.1764679357082, 512.3773891183748], "shapeLIy": [169.03569855579298, 355.6073954396532, 371.44020966943174, 312.8357830049818, 263.79771698094225], "shapeLOx": [199.06348377084913, 294.26220952416304, 420.12282189486103, 497.7720381866087, 537.0693296168068], "shapeLOy": [255.79352009842813, 333.9383412705687, 322.29859765090754, 292.76985154729135, 251.3919655031779], "pplXY": [[328.69572048698865, 85.29837753194245], [441.34480732654436, 216.4921143818862], [323.9823323719241, 382.1473963026311], [215.271136333617, 213.7172930701767]]}