{"shapeUIx": [168.09138468304747, 253.7510074771817, 344.1952490810303, 422.5069518615375, 500.4897050558358], "shapeUIy": [220.06968842141754, 172.11093673161105, 152.7693092464789, 156.21057349225867, 195.8955679319434], "shapeUOx": [210.36831295916687, 296.38120195448255, 381.6618822803111, 474.775538421288, 558.657492248422], "shapeUOy": [157.75943539409099, 112.60885342309363, 111.00373183605404, 133.14142457257296, 169.64763127311932], "shapeLIx": [168.09138468304747, 273.01993228041937, 393.5166783009046, 465.78198210248945, 500.4897050558358], "shapeLIy": [220.06968842141754, 337.4914191301156, 341.3145129154017, 277.87670244584814, 195.8955679319434], "shapeLOx": [185.29429394632956, 292.08031800167277, 430.81835187083755, 502.7549309502866, 547.5494873190112], "shapeLOy": [254.7942459884986, 323.666664400523, 296.961701445803, 243.36355386467162, 171.83069540468009], "pplXY": [[325.1351178215002, 96.05457162741139], [427.4824653778475, 218.32227454406916], [325.40034067470566, 351.5388344622297], [225.2804304351054, 222.82186203791338]]}