{"shapeUIx": [158.79168218935598, 240.51307104730805, 344.67976549382973, 436.9783025232705, 502.49507642479557], "shapeUIy": [218.00405968872215, 150.09827360176232, 116.68128952841023, 140.41261339435994, 202.29326024017863], "shapeUOx": [183.34304635240514, 282.0185057449145, 384.11951374234087, 508.017715391395, 562.4051040131482], "shapeUOy": [173.5271640976703, 92.5282259489941, 83.23287763004232, 126.61986126417598, 174.91254695415873], "shapeLIx": [158.79168218935598, 269.67781549075573, 394.54239353803166, 477.65881153629806, 502.49507642479557], "shapeLIy": [218.00405968872215, 368.5032899666439, 373.02794739129115, 292.14506448986856, 202.29326024017863], "shapeLOx": [187.97115537239097, 330.60120891362465, 487.1529838971079, 521.7364603572706, 549.0506700190992], "shapeLOy": [256.92124332587906, 363.7235870828959, 306.25835607705744, 245.41055149238167, 174.76191146456236], "pplXY": [[322.781109288824, 69.58517874070427], [439.74424180054973, 214.4918746977251], [320.02226746000593, 380.92776364443745], [207.06765887247676, 218.17870984567617]]}