{"shapeUIx": [164.1001278918655, 276.75771198189796, 389.5525924323889, 499.13497285000756, 546.2738892774449], "shapeUIy": [174.0460985906072, 130.84223496379855, 138.05168773914576, 194.93776373453224, 259.4094889851955], "shapeUOx": [177.7323075443391, 278.5131730677393, 399.1911186703392, 513.9552189314234, 580.8322089408445], "shapeUOy": [155.86039444631612, 99.69453786647537, 103.14744947978713, 164.61089244278077, 247.32594560910434], "shapeLIx": [164.1001278918655, 267.14469407695395, 359.81170079319793, 501.5695163496674, 546.2738892774449], "shapeLIy": [174.0460985906072, 350.85364485624785, 377.8522618772985, 322.18359623831054, 259.4094889851955], "shapeLOx": [187.38309278965986, 263.7388185559579, 380.02421654087965, 505.7596761804839, 552.9071967488204], "shapeLOy": [262.0138297473544, 341.68716381741604, 354.48450451825715, 314.8276209556231, 258.8309926582398], "pplXY": [[330.0750632825235, 94.61646988934072], [446.7324038459022, 219.71601991166986], [324.8070162755787, 391.4142802431031], [212.79400073798448, 216.8716548876908]]}