{"shapeUIx": [159.7919948906835, 266.68034298585115, 376.8955319320183, 469.8667587300085, 528.7453442476174], "shapeUIy": [186.99597385520477, 125.34216850526605, 121.2751346411139, 164.67588191027227, 230.8527719180243], "shapeUOx": [163.01699362649904, 244.2412541084239, 366.4917416757433, 488.50363681109627, 550.2262267933376], "shapeUOy": [157.8903473795461, 93.29107368450737, 85.2435192062887, 137.25778965235924, 224.02777285955844], "shapeLIx": [159.7919948906835, 271.897716138688, 380.0310241072233, 466.0518209730955, 528.7453442476174], "shapeLIy": [186.99597385520477, 352.6824812190275, 362.1649218107767, 309.17292138767573, 230.85277191802425], "shapeLOx": [166.2658086348957, 250.1733739857049, 358.76795308771165, 474.1535729635167, 548.6256182273671], "shapeLOy": [228.19063574509397, 338.06017547120285, 346.91387146440684, 295.0579733636134, 218.62446682583223], "pplXY": [[323.54222001674225, 86.84638974019137], [432.3558310531431, 226.50066358276757], [322.3835229957522, 381.58319561286777], [222.05504118932316, 227.02469266494487]]}