{"shapeUIx": [159.79198369904043, 266.6803591833208, 376.89555145039355, 469.8667809145562, 528.7453452080883], "shapeUIy": [186.9959697980371, 125.34217234405287, 121.27517288932604, 164.67596951118952, 230.85286246739133], "shapeUOx": [163.01696993097582, 244.24124724364816, 366.49177768611196, 488.5036468483644, 550.2261813903172], "shapeUOy": [157.89036017929737, 93.2910869162935, 85.24356677890555, 137.25786226838426, 224.0278658658937], "shapeLIx": [159.79198369904043, 271.8977360756508, 380.0310230637341, 466.05180229232354, 528.7453452080883], "shapeLIy": [186.9959697980371, 352.6825051146244, 362.1649309468579, 309.17296984039365, 230.85286246739133], "shapeLOx": [166.26574307622914, 250.1731869138876, 358.7677887722907, 474.15348157511363, 548.6255826469604], "shapeLOy": [228.19060952163107, 338.06016071824564, 346.9139493957748, 295.05808159032256, 218.62456349351478], "pplXY": [[323.5422165601614, 86.84646319556093], [432.3558227265754, 226.50069849630813], [322.3835309459913, 381.58322611023084], [222.0550456487095, 227.02473130651236]]}