{"shapeUIx": [190.17304253083225, 291.3253288606466, 385.0036990313842, 475.94014149195755, 502.2231201324427], "shapeUIy": [165.17103050151408, 122.99637812330067, 138.9986729810084, 209.48768819479793, 276.8260143545108], "shapeUOx": [196.5298086317001, 318.159599941459, 417.7055569952323, 491.55999702608915, 527.7694901827857], "shapeUOy": [155.90244574153218, 90.15830470776034, 126.48212969690834, 188.2432606856644, 255.8431842259585], "shapeLIx": [190.17304253083225, 275.9825052130292, 348.768800171552, 476.7763318191313, 502.2231201324427], "shapeLIy": [165.17103050151408, 341.3614059563652, 377.9092591316968, 320.42983437408566, 276.8260143545108], "shapeLOx": [206.88369656476812, 282.0424490231914, 416.57882048215714, 485.82824064432896, 518.4381783477081], "shapeLOy": [250.7812992752922, 334.76196010942533, 333.372745964277, 306.8307615206097, 263.3958263832177], "pplXY": [[326.69959227875245, 106.6422456980724], [429.45671212343086, 220.58445127295704], [320.94222109330775, 380.5961802261971], [221.18978944508746, 213.1919572032606]]}