{"shapeUIx": [164.09513050915965, 276.76512912034957, 389.56079537382504, 499.14438783284567, 546.2742525276283], "shapeUIy": [174.04275184260183, 130.84287470741842, 138.06788007669417, 194.97558933581223, 259.44867707293054], "shapeUOx": [177.72387916295378, 278.5125634513855, 399.20952757753054, 513.9601979335205, 580.8128549746727], "shapeUOy": [155.86182174752093, 99.69794249239833, 103.16744678296845, 164.64193199419984, 247.3647103117633], "shapeLIx": [164.09513050915965, 267.1549109792235, 359.8112817096755, 501.5614722471746, 546.2742525276283], "shapeLIy": [174.04275184260186, 350.8645635164309, 377.85627803730915, 322.20438717355944, 259.44867707293054], "shapeLOx": [187.35328024095756, 263.65541058260305, 379.9523530161629, 505.71993252635104, 552.8921036334148], "shapeLOy": [262.00163853079437, 341.6800324565379, 354.5180779576712, 314.8739541675532, 258.8717551107538], "pplXY": [[330.07378004497434, 94.64711361927405], [446.72916066091204, 219.73083292959078], [324.8106432014787, 391.428256992235], [212.79583570989226, 216.8882532395368]]}