{"shapeUIx": [160.13983926070236, 266.18567890186773, 376.4649040858982, 469.27466425437495, 528.5996913773141], "shapeUIy": [187.63529003472166, 125.67858366458529, 120.6323951942552, 162.7893212123172, 228.8519913562142], "shapeUOx": [163.11013628739136, 243.79066935930558, 364.7937627285472, 487.9581425112892, 551.0500717054883], "shapeUOy": [158.86598558147097, 93.78915401382156, 84.50094995557934, 135.84502244433236, 222.40320134657742], "shapeLIx": [160.1398392607024, 270.9951536910574, 380.08167565353426, 466.38828982292915, 528.5996913773141], "shapeLIy": [187.63529003472163, 351.9198816065284, 361.8655129115343, 308.1007429064506, 228.8519913562142], "shapeLOx": [168.25257517958806, 255.3000652977118, 362.87159776038766, 476.26180861526757, 549.2499402319861], "shapeLOy": [229.02628302086563, 338.55368611634816, 345.0684180628882, 292.72080974475887, 216.7963305118367], "pplXY": [[323.54184171583915, 85.60466811421176], [432.3856336253795, 225.7934502767076], [322.1381077760426, 380.54253158036926], [222.000565870941, 226.1740555680201]]}