{"shapeUIx": [164.09513050913873, 276.7651291203798, 389.5607953738617, 499.14438783288733, 546.2742525276301], "shapeUIy": [174.0427518425948, 130.842874707426, 138.06788007676602, 194.9755893359765, 259.4486770731003], "shapeUOx": [177.72387916290864, 278.5125634513718, 399.209527577597, 513.960197933539, 580.8128549745875], "shapeUOy": [155.86182174754646, 99.697942492424, 103.16744678305788, 164.64193199433615, 247.36471031193824], "shapeLIx": [164.09513050913873, 267.15491097926025, 359.81128170967355, 501.5614722471396, 546.2742525276301], "shapeLIy": [174.04275184259484, 350.86456351647547, 377.8562780373263, 322.2043871736504, 259.4486770731003], "shapeLOx": [187.3532802408352, 263.65541058225324, 379.9523530158551, 505.7199325261798, 552.8921036333479], "shapeLOy": [262.0016385307455, 341.6800324565105, 354.51807795781735, 314.8739541677563, 258.87175511093545], "pplXY": [[330.07378004496775, 94.64711361941218], [446.7291606608963, 219.73083292965634], [324.8106432014935, 391.4282569922919], [212.79583570990067, 216.88825323960927]]}