{"shapeUIx": [159.79198369934358, 266.68035918288285, 376.8955514498618, 469.8667809139524, 528.745345208062], "shapeUIy": [186.99596979813876, 125.34217234394309, 121.27517288828503, 164.67596950880906, 230.85286246493123], "shapeUOx": [163.0169699316296, 244.24124724384757, 366.49177768514903, 488.5036468480951, 550.2261813915521], "shapeUOy": [157.89036017892715, 93.29108691592137, 85.24356677760991, 137.2578622664093, 224.02786586335864], "shapeLIx": [159.79198369934358, 271.8977360751179, 380.03102306376275, 466.0518022928312, 528.745345208062], "shapeLIy": [186.99596979813873, 352.68250511397844, 362.16493094660996, 309.17296983907625, 230.8528624649312], "shapeLOx": [166.26574307800223, 250.1731869189564, 358.7677887767506, 474.15348157759536, 548.6255826479288], "shapeLOy": [228.1906095223389, 338.06016071864235, 346.9139493936567, 295.05808158737943, 218.62456349088257], "pplXY": [[323.54221656025646, 86.84646319355912], [432.3558227268036, 226.50069849535802], [322.3835309457764, 381.5832261094065], [222.05504564858785, 227.02473130546196]]}