{"shapeUIx": [165.64409726389354, 254.64579095422906, 354.81148321811054, 461.3990689108572, 524.4030556062589], "shapeUIy": [170.03984492520044, 124.35312621775616, 117.26297509936383, 164.623200068146, 237.61793868771457], "shapeUOx": [188.83039308398403, 302.4429274840953, 399.1300208484065, 508.02722742971616, 577.363155496113], "shapeUOy": [140.4437617438225, 72.56250165576174, 84.57128504027403, 147.92116738819496, 218.6888729298941], "shapeLIx": [165.64409726389354, 274.5586042614167, 360.4278427035945, 508.07106443472776, 524.4030556062589], "shapeLIy": [170.0398449252005, 371.3813453493011, 402.8595410698429, 313.36457892544377, 237.61793868771457], "shapeLOx": [204.45709794891792, 312.7153526778776, 455.8188006920242, 527.2993214562983, 546.9284237920933], "shapeLOy": [300.39029941942124, 364.87408789098447, 334.6745242575742, 288.09696106258673, 236.16233642177923], "pplXY": [[327.0728370856471, 82.33771210337503], [440.5227440828239, 215.49628394540815], [319.6818126388768, 398.3282584412552], [207.6639420856042, 212.2883925933383]]}