{"shapeUIx": [151.78761389213201, 222.5522118815817, 327.74905029137415, 407.78462163353964, 492.05369040862536], "shapeUIy": [252.24043817403714, 181.21228183680637, 137.46896088410645, 137.3099910601838, 186.27155942510228], "shapeUOx": [158.9208128995852, 241.19105084947046, 332.26058547557864, 477.5000304148787, 548.0215737412339], "shapeUOy": [225.46498915956263, 133.8370649254568, 100.44626326327715, 127.24385578663532, 173.2885084514787], "shapeLIx": [151.78761389213201, 256.0930133808471, 396.4694879489499, 461.1912541334576, 492.05369040862536], "shapeLIy": [252.24043817403717, 356.9213154013404, 357.4602626285008, 281.3796039693722, 186.27155942510228], "shapeLOx": [183.30741409584672, 318.6478314458933, 467.17057592085405, 505.5776285884623, 541.4716603297417], "shapeLOy": [272.1528479129653, 354.877395416779, 304.2427197304551, 246.68634025725254, 169.11429266833306], "pplXY": [[317.830546191677, 104.40847969215903], [417.2122257857084, 224.03076962430586], [318.4007141438691, 354.62027213702294], [220.2401728742721, 229.32633616817574]]}