{"shapeUIx": [159.64435119219118, 243.4144826273298, 348.8827521661337, 440.40196097099863, 502.78828867731335], "shapeUIy": [221.13593061980973, 154.03617827050363, 123.55763441351033, 150.21742943161786, 210.03103660326786], "shapeUOx": [179.52067309587483, 278.7231161978703, 382.70892370787175, 506.16639156583335, 557.6253014379784], "shapeUOy": [183.89772325738454, 100.65040473005075, 91.45590567785769, 134.81281245329635, 186.18326714307088], "shapeLIx": [159.64435119219118, 266.9490884337505, 393.6396693314111, 475.4414476714445, 502.78828867731335], "shapeLIy": [221.13593061980973, 365.65524007144757, 370.94693615678864, 295.6691392237004, 210.03103660326786], "shapeLOx": [186.53701010117433, 318.62668452364437, 471.9145950944147, 513.6695494483746, 545.120873110587], "shapeLOy": [255.6724257353339, 361.0417731629007, 312.17071329735944, 255.34432812572578, 185.30921833475608], "pplXY": [[322.38234010018004, 80.44591716655952], [437.91275016781685, 218.06847571491085], [320.78122427468946, 379.48095718841216], [208.77356310371516, 221.52996832608977]]}