{"shapeUIx": [190.02200626647092, 292.8617780778974, 385.963357123372, 477.27424375116425, 502.1407620803313], "shapeUIy": [162.96061248654647, 121.81894115675144, 140.32955783707595, 214.16927735625308, 282.2115548706719], "shapeUOx": [197.20285651106974, 320.23774052661486, 422.05550217219496, 492.6306370407806, 525.6199637158911], "shapeUOy": [152.6141838057842, 88.53258511438244, 128.3890936812981, 192.0401123849468, 260.13460449609147], "shapeLIx": [190.02200626647092, 278.5191426377603, 348.5246554315862, 476.1077885680851, 502.1407620803313], "shapeLIy": [162.96061248654647, 343.0495767545809, 378.759077306569, 323.0579250419681, 282.2115548706719], "shapeLOx": [203.27211942268318, 271.97680453045086, 408.59557920738905, 481.3225440244302, 516.6964393947661], "shapeLOy": [248.6320872262126, 333.61642080138347, 337.02049797621646, 312.0443207007987, 268.2910586075349], "pplXY": [[326.7715562791178, 108.85581430013042], [429.56150881270986, 221.9031506451076], [321.42293810991015, 382.99148526525937], [221.23023771822605, 214.66635757621825]]}