{"shapeUIx": [164.52910065298005, 275.57278302974356, 388.4997844938963, 497.47587824026414, 545.7342003416611], "shapeUIy": [175.84453662211772, 131.99236627530013, 137.22905554787798, 191.40561905267936, 255.4056587275655], "shapeUOx": [177.6622072183249, 277.32808994179425, 395.5595392026313, 512.5817976467313, 581.9829941772887], "shapeUOy": [158.33169804640042, 101.12277967971491, 102.0686849933926, 161.9992968376339, 244.0657857922537], "shapeLIx": [164.52910065298005, 265.3686874608767, 360.0884559267083, 501.839659645373, 545.7342003416611], "shapeLIy": [175.84453662211774, 349.42742176867904, 377.06311067556607, 320.0241147170548, 255.4056587275655], "shapeLOx": [190.62259421858252, 272.5043433138103, 387.157271169843, 509.2610524264158, 553.8809399081358], "shapeLOy": [263.58806865950703, 342.4481822861978, 351.0997690808307, 310.534409611746, 255.12711220760394], "pplXY": [[329.9752842061947, 92.90011987461276], [446.46658572093645, 218.59652229619232], [324.36545971189605, 389.1776716631443], [212.83542556652998, 215.57225257379037]]}