{"shapeUIx": [190.0218538649117, 292.8619993666882, 385.9636205065059, 477.2745434683632, 502.14077478735453], "shapeUIy": [162.96055050844438, 121.81898872621801, 140.3300746859522, 214.17046425937596, 282.21278209254274], "shapeUOx": [197.20254348083665, 320.23765797653243, 422.0560027408536, 492.63077583409614, 525.6193495862813], "shapeUOy": [152.6143390430697, 88.53275418037848, 128.3897358802139, 192.04109487515, 260.1358583882779], "shapeLIx": [190.0218538649117, 278.51941993664946, 348.5246414746487, 476.1075354933695, 502.14077478735453], "shapeLIy": [162.96055050844438, 343.04990320531226, 378.75920137300966, 323.05858091845397, 282.21278209254274], "shapeLOx": [203.2712244024667, 271.9742581022239, 408.59334881965435, 481.3213044840052, 516.6959584734043], "shapeLOy": [248.63172805908175, 333.6162174985247, 337.0215535025075, 312.04578528431966, 268.2923639590718], "pplXY": [[326.7715103585257, 108.85680484714347], [429.5613975084945, 221.9036225435133], [321.423046688834, 382.9919020178954], [221.2302977521048, 214.66688078046195]]}