{"shapeUIx": [158.79168216116355, 240.51307108802484, 344.67976554330306, 436.9783025794571, 502.4950764272597], "shapeUIy": [218.00405967934162, 150.0982736120215, 116.68128962526825, 140.4126136158048, 202.29326046903265], "shapeUOx": [183.34304629150432, 282.0185057262542, 384.1195138317843, 508.0177154164161, 562.4051038982441], "shapeUOy": [173.5271641323015, 92.52822598372015, 83.23287775059644, 126.61986144791561, 174.91254719005227], "shapeLIx": [158.79168216116355, 269.6778155402569, 394.54239353537093, 477.65881148907204, 502.49507642725956], "shapeLIy": [218.00405967934162, 368.5032900267121, 373.0279474143516, 292.14506461242775, 202.29326046903265], "shapeLOx": [187.9711552075195, 330.60120844221836, 487.1529834822592, 521.7364601264198, 549.05066992901], "shapeLOy": [256.9212432600733, 363.72358704603084, 306.2583562741006, 245.41055176618676, 174.76191170947982], "pplXY": [[322.781109279972, 69.58517892697579], [439.74424177931235, 214.49187478612407], [320.02226747999464, 380.92776372108654], [207.06765888379732, 218.17870994339873]]}