{"shapeUIx": [159.7919836990397, 266.6803591833218, 376.89555145039475, 469.8667809145577, 528.7453452080885], "shapeUIy": [186.99596979803687, 125.34217234405314, 121.27517288932852, 164.67596951119515, 230.85286246739716], "shapeUOx": [163.01696993097428, 244.24124724364765, 366.49177768611423, 488.50364684836507, 550.2261813903142], "shapeUOy": [157.89036017929826, 93.29108691629438, 85.24356677890862, 137.25786226838895, 224.02786586589968], "shapeLIx": [159.7919836990397, 271.89773607565206, 380.03102306373404, 466.05180229232235, 528.7453452080885], "shapeLIy": [186.99596979803687, 352.68250511462594, 362.1649309468585, 309.1729698403967, 230.85286246739716], "shapeLOx": [166.26574307622496, 250.17318691387555, 358.76778877228014, 474.1534815751077, 548.6255826469582], "shapeLOy": [228.1906095216294, 338.0601607182447, 346.9139493957798, 295.0580815903295, 218.624563493521], "pplXY": [[323.5422165601612, 86.84646319556568], [432.35582272657496, 226.5006984963104], [322.3835309459919, 381.5832261102328], [222.0550456487098, 227.02473130651487]]}