{"shapeUIx": [159.79198369903966, 266.68035918332185, 376.89555145039486, 469.8667809145578, 528.7453452080885], "shapeUIy": [186.99596979803687, 125.34217234405314, 121.27517288932867, 164.67596951119555, 230.85286246739756], "shapeUOx": [163.0169699309742, 244.24124724364765, 366.4917776861144, 488.50364684836507, 550.226181390314], "shapeUOy": [157.89036017929828, 93.29108691629445, 85.24356677890883, 137.25786226838926, 224.02786586590008], "shapeLIx": [159.7919836990397, 271.8977360756522, 380.03102306373404, 466.0518022923223, 528.7453452080885], "shapeLIy": [186.99596979803684, 352.68250511462605, 362.16493094685853, 309.17296984039695, 230.85286246739756], "shapeLOx": [166.26574307622465, 250.17318691387476, 358.7677887722794, 474.1534815751073, 548.625582646958], "shapeLOy": [228.19060952162926, 338.0601607182446, 346.91394939578015, 295.05808159033, 218.62456349352146], "pplXY": [[323.5422165601612, 86.84646319556599], [432.35582272657484, 226.50069849631055], [322.3835309459919, 381.5832261102329], [222.0550456487098, 227.02473130651506]]}