{"shapeUIx": [178.76590340476153, 271.27451027020635, 358.41662742688965, 454.7056121501135, 512.377389120182], "shapeUIy": [169.03569854871668, 137.66228386055027, 143.21062457416247, 194.3485429020123, 263.7977171494475], "shapeUOx": [218.27945124576223, 316.18641174715117, 407.99707662894957, 488.13758785062754, 558.7341242692698], "shapeUOy": [111.19616039138118, 84.76129804615888, 113.25472283646563, 171.65948863683508, 237.0744891742369], "shapeLIx": [178.76590340476153, 294.126409126614, 379.0013083826671, 487.17646790093806, 512.377389120182], "shapeLIy": [169.03569854871668, 355.6073954839445, 371.440209686417, 312.83578309520277, 263.7977171494475], "shapeLOx": [199.06348364929502, 294.26220917679547, 420.1228215893223, 497.77203801660926, 537.0693295505059], "shapeLOy": [255.793520049884, 333.9383412433432, 322.29859779597496, 292.769851748841, 251.3919656833943], "pplXY": [[328.6957204804934, 85.2983776689738], [441.34480731094465, 216.49211444694365], [323.98233238666205, 382.1473963591511], [215.27113634194265, 213.7172931421182]]}