{"shapeUIx": [159.79198370648976, 266.6803591725594, 376.89555143733054, 469.8667808997194, 528.7453452074387], "shapeUIy": [186.99596980054176, 125.34217234136035, 121.27517286374885, 164.6759694527007, 230.85286240694427], "shapeUOx": [163.0169699470303, 244.24124724853647, 366.49177766243895, 488.50364684174485, 550.226181420662], "shapeUOy": [157.89036017022065, 93.29108690716096, 85.24356674707352, 137.25786221985973, 224.02786580361285], "shapeLIx": [159.79198370648976, 271.8977360625487, 380.0310230644362, 466.051802304797, 528.7453452074387], "shapeLIy": [186.99596980054176, 352.6825050987486, 362.164930940766, 309.1729698080252, 230.8528624069442], "shapeLOx": [166.2657431198019, 250.17318703844302, 358.7677888818781, 474.15348163609195, 548.6255826707506], "shapeLOy": [228.19060953902687, 338.0601607279958, 346.9139493437323, 295.05808151801097, 218.62456342884337], "pplXY": [[323.5422165624959, 86.8464631463803], [432.35582273217886, 226.50069847296427], [322.3835309407085, 381.5832260899723], [222.05504564572092, 227.02473128070284]]}