{"shapeUIx": [165.64298418844004, 254.6454213449364, 354.81848898901967, 461.4060010763945, 524.4039269493508], "shapeUIy": [170.0551495987866, 124.36447932781581, 117.27551676999785, 164.64393001696996, 237.63813912590672], "shapeUOx": [188.8065653401919, 302.41752634413706, 399.1098383922564, 508.0230851330698, 577.3499152834703], "shapeUOy": [140.48826465937248, 72.58905362075737, 84.58811176231822, 147.94135929572772, 218.72459351873573], "shapeLIx": [165.64298418844004, 274.5469878247717, 360.42728244041444, 508.0663134776443, 524.4039269493508], "shapeLIy": [170.0551495987866, 371.38075486988026, 402.8607411660419, 313.37720039468917, 237.63813912590672], "shapeLOx": [204.45633404674248, 312.69658173867475, 455.7882419192409, 527.2802884657409, 546.917367365738], "shapeLOy": [300.39278176394134, 364.87799969284043, 334.6939003426114, 288.1265874737681, 236.19468304132778], "pplXY": [[327.06992117039124, 82.36625066363543], [440.5171336773271, 215.5073031638358], [319.6818248249808, 398.3272140015324], [207.66604236358435, 212.29859645789617]]}