{"shapeUIx": [157.96409132030468, 252.15192552639706, 361.7593162450896, 457.80621136493676, 508.35348388908886], "shapeUIy": [196.7546362470606, 128.32912527128005, 108.46512991194538, 156.18679074610608, 229.03195417083407], "shapeUOx": [180.1679730266572, 286.8456317135504, 405.3251975862073, 516.652943601515, 554.8852465753599], "shapeUOy": [157.45091814688703, 75.97622332935897, 82.58827351968628, 140.6251630748389, 207.4103437311679], "shapeLIx": [157.96409132030468, 275.0999207044937, 390.6905549984843, 476.95607078737174, 508.35348388908886], "shapeLIy": [196.7546362470606, 377.86781314570044, 383.0263420885774, 311.2888854328645, 229.03195417083407], "shapeLOx": [182.4694319394203, 313.636364167112, 462.54986998747427, 509.61774297913934, 544.5257870358171], "shapeLOy": [248.4884705165422, 367.29309611342086, 323.9755741131544, 270.16650564863284, 205.76326200576554], "pplXY": [[321.13296816030277, 71.5484983212737], [445.25896211514237, 218.60031338271574], [319.20684204813034, 397.2077000794699], [200.58382905715635, 220.30623296944768]]}