{"shapeUIx": [164.1077370497836, 276.7460920435626, 389.54061495104423, 499.12105644396314, 546.2733487630246], "shapeUIy": [174.05319437813287, 130.84266359787458, 138.02807346871037, 194.88148818107516, 259.3510354607909], "shapeUOx": [177.74254835553035, 278.5110689797017, 399.16004416787524, 513.946926212637, 580.8606116640161], "shapeUOy": [155.86353970931856, 99.69247027487359, 103.11844822556074, 164.56512737042317, 247.2699950269438], "shapeLIx": [164.1077370497836, 267.12746024403003, 359.8123222697001, 501.58138984896084, 546.2733487630246], "shapeLIy": [174.05319437813287, 350.8366459300527, 377.8461551478747, 322.1528000256979, 259.3510354607909], "shapeLOx": [187.4292771060962, 263.86613505521683, 380.1322416903471, 505.81909693471596, 552.9292696501257], "shapeLOy": [262.03306585990794, 341.6987052770213, 354.43463970017876, 314.759190944069, 258.77153596635407], "pplXY": [[330.0766895504184, 94.57233079052652], [446.7367277223419, 219.6943412646927], [324.80137485394545, 391.3924078280126], [212.7914059339085, 216.84711214137633]]}