{"shapeUIx": [151.78761398551146, 222.5522117466709, 327.74905012767897, 407.78462144760687, 492.0536904004889], "shapeUIy": [252.24043820557776, 181.2122818031557, 137.46896056357653, 137.30999032714348, 186.27155866751096], "shapeUOx": [158.92081310062395, 241.19105091051136, 332.2605851786123, 477.50003033185584, 548.0215741215235], "shapeUOy": [225.46498904619403, 133.83706481121752, 100.44626286437672, 127.24385517850665, 173.28850767104717], "shapeLIx": [151.78761398551146, 256.09301321648456, 396.46948795774495, 461.1912542897865, 492.0536904004889], "shapeLIy": [252.24043820557782, 356.92131520231095, 357.4602625521453, 281.37960356371195, 186.27155866751096], "shapeLOx": [183.3074146420904, 318.6478330072021, 467.17057729440273, 505.5776293527326, 541.4716606278788], "shapeLOy": [272.1528481310696, 354.8773955390513, 304.24271907821424, 246.68633935100942, 169.11429185790078], "pplXY": [[317.8305462209158, 104.40847907587813], [417.2122258559044, 224.0307693317613], [318.4007140776407, 354.6202718830462], [220.24017283682466, 229.3263358447116]]}