{"shapeUIx": [164.0951313309356, 276.76512793257945, 389.5607939350258, 499.1443861983301, 546.2742524562856], "shapeUIy": [174.0427521250806, 130.8428744147217, 138.0678772588729, 194.97558288927706, 259.44867041022985], "shapeUOx": [177.7238809251011, 278.51256398057706, 399.20952495668996, 513.9601972013469, 580.8128583182714], "shapeUOy": [155.86182076378782, 99.69794149519642, 103.16744327666648, 164.64192664718652, 247.36470345302945], "shapeLIx": [164.0951313309356, 267.15490952855055, 359.81128178688743, 501.5614736219498, 546.2742524562856], "shapeLIy": [174.0427521250806, 350.8645617641529, 377.85627736561975, 322.2043836065292, 259.44867041022985], "shapeLOx": [187.35328504972776, 263.65542432180894, 379.9523650985196, 505.71993924851074, 552.8921062544548], "shapeLOy": [262.0016404516777, 341.6800335343279, 354.5180722219507, 314.8739461991169, 258.8717479868365], "pplXY": [[330.0737803014416, 94.64710820295944], [446.7291612771325, 219.73083035770824], [324.81064261841783, 391.4282547561106], [212.79583538084898, 216.888250395155]]}