{"shapeUIx": [168.11172837172842, 253.72441891620286, 344.12420069288936, 422.42905869819197, 500.4825360761789], "shapeUIy": [219.99986075940546, 172.0487702665149, 152.6440421498399, 155.95615798344159, 195.63476059174704], "shapeUOx": [210.5327662873138, 296.52618585653, 381.7105486156147, 474.77943990049016, 558.8001357068299], "shapeUOy": [157.50362264657934, 112.44826094215345, 110.83815133805933, 132.91306577630456, 169.2986765830093], "shapeLIx": [168.11172837172842, 273.0492911694654, 393.5232295243288, 465.83422477029205, 500.4825360761789], "shapeLIy": [219.99986075940546, 337.45552472745436, 341.2898670291378, 277.7276411499448, 195.63476059174704], "shapeLOx": [185.39589128151084, 292.46811025552745, 431.23764820506887, 503.00008292068276, 547.666386748376], "shapeLOy": [254.82299656535807, 323.66628531702315, 296.7331347325113, 243.02893160501526, 171.49336450049856], "pplXY": [[325.1556977597277, 95.78861597052958], [427.5230886192151, 218.20882426528146], [325.3882391765153, 351.492625641255], [225.2637400310271, 222.70829791048158]]}