{"shapeUIx": [178.76590658566494, 271.27450566028057, 358.4166219013924, 454.7056058666191, 512.3773888504666], "shapeUIy": [169.0356997626458, 137.66228281209592, 143.21061373985572, 194.3485180595321, 263.7976914675943], "shapeUOx": [218.27945789300688, 316.1864135993046, 407.9970663021012, 488.13758497876233, 558.7341371355595], "shapeUOy": [111.19615692616999, 84.76129438624875, 113.2547093669021, 171.6594680564925, 237.07446285557612], "shapeLIx": [178.76590658566494, 294.1264034078181, 379.0013086769246, 487.17647319832247, 512.3773888504666], "shapeLIy": [169.0356997626458, 355.6073886830738, 371.44020709303805, 312.83576936016846, 263.7976914675943], "shapeLOx": [199.06350230251888, 294.2622623354888, 420.12286822457975, 497.77206394531186, 537.0693396301056], "shapeLOy": [255.79352752154523, 333.93834545808994, 322.2985756987443, 292.7698210731514, 251.39193830966482], "pplXY": [[328.6957214524747, 85.29835688035921], [441.34480965858603, 216.49210455619058], [323.98233012423435, 382.14738767834433], [215.271135080785, 213.71728218689333]]}