{"shapeUIx": [159.79198374539794, 266.6803591163456, 376.895551369127, 469.8667808222502, 528.7453452040489], "shapeUIy": [186.99596981369191, 125.34217232734493, 121.27517273019939, 164.67596914727415, 230.8528620912879], "shapeUOx": [163.01697003078476, 244.24124727395687, 366.49177753869026, 488.5036468071494, 550.226181579111], "shapeUOy": [157.89036012300693, 93.29108685957476, 85.24356658087163, 137.2578619664802, 224.02786547844804], "shapeLIx": [159.79198374539794, 271.89773599405714, 380.03102306810047, 466.05180236993255, 528.7453452040489], "shapeLIy": [186.99596981369191, 352.68250501581826, 362.16493090895165, 309.17296963900463, 230.8528620912879], "shapeLOx": [166.26574334740658, 250.17318768898818, 358.7677894541822, 474.15348195453237, 548.6255827949702], "shapeLOy": [228.19060962990625, 338.0601607789456, 346.91394907197184, 295.05808114042037, 218.6245630911763], "pplXY": [[323.54221657467735, 86.84646288960808], [432.35582276142475, 226.50069835107485], [322.3835309131129, 381.5832259841467], [222.05504563011863, 227.02473114592954]]}