{"shapeUIx": [151.78761398551185, 222.55221174667037, 327.7490501276783, 407.7846214476061, 492.0536904004888], "shapeUIy": [252.2404382055779, 181.21228180315558, 137.4689605635752, 137.3099903271405, 186.27155866750786], "shapeUOx": [158.92081310062477, 241.1910509105116, 332.26058517861105, 477.5000303318555, 548.021574121525], "shapeUOy": [225.46498904619352, 133.83706481121706, 100.44626286437509, 127.24385517850416, 173.288507671044], "shapeLIx": [151.78761398551183, 256.0930132164839, 396.46948795774495, 461.19125428978714, 492.0536904004888], "shapeLIy": [252.2404382055779, 356.92131520231015, 357.460262552145, 281.37960356371025, 186.27155866750783], "shapeLOx": [183.30741464209262, 318.64783300720853, 467.1705772944084, 505.5776293527357, 541.47166062788], "shapeLOy": [272.1528481310705, 354.8773955390518, 304.2427190782115, 246.68633935100576, 169.11429185789748], "pplXY": [[317.83054622091583, 104.4084790758756], [417.21222585590465, 224.03076933176007], [318.40071407764043, 354.6202718830451], [220.2401728368245, 229.3263358447103]]}