{"shapeUIx": [168.1052277480833, 253.73294070645366, 344.1401149433374, 422.4465854692952, 500.48374109631897], "shapeUIy": [220.00898864542214, 172.0591272693495, 152.67374603583565, 156.0189970996143, 195.699213689617], "shapeUOx": [210.50190840812556, 296.5031501608349, 381.7142748896554, 474.78175955079615, 558.7658155027458], "shapeUOy": [157.5444113216949, 112.47548013765966, 110.87635434264112, 132.96763245753715, 169.37647114530972], "shapeLIx": [168.1052277480833, 273.05108307800907, 393.5220978969699, 465.8208858514122, 500.48374109631897], "shapeLIy": [220.00898864542214, 337.46791898802246, 341.296010685036, 277.7635032344207, 195.699213689617], "shapeLOx": [185.36109533777483, 292.35530656598996, 431.1274800714439, 502.93707877443205, 547.6388386382056], "shapeLOy": [254.810953132915, 323.66175929956466, 296.78949623529854, 243.1095696507563, 171.57056889672742], "pplXY": [[325.15165173369616, 95.84924638309181], [427.5145694605546, 218.2357504475945], [325.3924006787322, 351.50832352856366], [225.26756349101242, 222.73644480426387]]}