{"shapeUIx": [157.9640215815518, 252.1520186621705, 361.759465149641, 457.8063765830205, 508.35349393248833], "shapeUIy": [196.75468637847592, 128.32920204598216, 108.46541363606843, 156.18740527625113, 229.03258531654063], "shapeUOx": [180.16771693606736, 286.8454662857557, 405.3253079532095, 516.6529824811585, 554.8849163867865], "shapeUOy": [157.45121202826056, 75.9764307800875, 82.58863381226497, 140.62568809611577, 207.4110664191528], "shapeLIx": [157.9640215815518, 275.09998006500723, 390.69054562599393, 476.9559394107544, 508.35349393248833], "shapeLIy": [196.75468637847592, 377.8679505133331, 383.02640302359293, 311.2892321486271, 229.03258531654063], "shapeLOx": [182.46904835101594, 313.63518495725117, 462.54876367076486, 509.6171168700768, 544.5255243771591], "shapeLOy": [248.48832995985063, 367.2930309889869, 323.9761246642444, 270.16728469578226, 205.76398960004408], "pplXY": [[321.132933672771, 71.54906621081707], [445.25888673971303, 218.60057106140462], [319.20688811349135, 397.20787414017667], [200.58386466364453, 220.30650782744678]]}