{"shapeUIx": [168.11098386708846, 253.7254510041555, 344.1256720028468, 422.4307063604368, 500.4826247415036], "shapeUIy": [220.00005822095414, 172.04935414062717, 152.64687393138223, 155.96242671353178, 195.641216549227], "shapeUOx": [210.53051235877928, 296.5249657059926, 381.7122393511646, 474.77996155316015, 558.7968140252589], "shapeUOy": [157.50580826563552, 112.44992081255725, 110.84172082098544, 132.91836025625855, 169.30577125211693], "shapeLIx": [168.11098386708846, 273.0502169170687, 393.5231416303409, 465.8328867926642, 500.4826247415036], "shapeLIy": [220.00005822095414, 337.45704605960776, 341.2905020264929, 277.73115131934725, 195.641216549227], "shapeLOx": [185.39167907031833, 292.45556033404716, 431.22618467618474, 502.99363874480423, 547.6637589405925], "shapeLOy": [254.82139050323934, 323.66546955430266, 296.73873362517907, 243.03679883648925, 171.50059196438775], "pplXY": [[325.1553867957274, 95.79419751331952], [427.522387846881, 218.21140103415573], [325.388747203708, 351.49455967170314], [225.2640855503849, 222.71108495643438]]}