{"shapeUIx": [190.0218538649791, 292.86199936659085, 385.96362050638766, 477.2745434682289, 502.1407747873486], "shapeUIy": [162.96055050846698, 121.81898872619358, 140.3300746857207, 214.17046425884655, 282.2127820919956], "shapeUOx": [197.20254348098206, 320.2376579765768, 422.05600274063954, 492.63077583403617, 525.6193495865559], "shapeUOy": [152.61433904298733, 88.5327541802957, 128.38973587992575, 192.04109487471078, 260.13585838771417], "shapeLIx": [190.0218538649791, 278.51941993653094, 348.524641474655, 476.1075354934825, 502.1407747873486], "shapeLIy": [162.96055050846698, 343.04990320516856, 378.7592013729546, 323.058580918161, 282.2127820919956], "shapeLOx": [203.271224402861, 271.9742581033512, 408.59334882064616, 481.3213044845571, 516.6959584736196], "shapeLOy": [248.63172805923918, 333.6162174986129, 337.02155350203645, 312.04578528366517, 268.2923639584864], "pplXY": [[326.77151035854683, 108.85680484669828], [429.56139750854527, 221.90362254330202], [321.4230466887862, 382.9919020177121], [221.23029775207775, 214.66688078022835]]}