{"shapeUIx": [158.79163943785233, 240.5131325927026, 344.6798412227936, 436.9783884256012, 502.4950802649557], "shapeUIy": [218.0040474079561, 150.09829052240332, 116.6814375819899, 140.4129509844073, 202.29360902322122], "shapeUOx": [183.34295119975474, 282.0184742825155, 384.11964643783256, 508.0177527243139, 562.4049285425751], "shapeUOy": [173.5272221405964, 92.52828183588082, 83.23306209641122, 126.62014177606588, 174.9129083803125], "shapeLIx": [158.79163943785233, 269.6778888849091, 394.54238942864384, 477.65873953312575, 502.4950802649557], "shapeLIy": [218.00404740795616, 368.5033807619314, 373.02798246701803, 292.1452515060211, 202.29360902322122], "shapeLOx": [187.9709059955194, 330.60049369502445, 487.15235266637666, 521.7361088163138, 549.0505323425955], "shapeLOy": [256.92114412268006, 363.72353187117034, 306.25865656374685, 245.41096941396145, 174.76228611340622], "pplXY": [[322.7810955307055, 69.58546405912827], [439.7442089887878, 214.49200978770668], [320.02229768213954, 380.927879469468], [207.06767624093717, 218.178858917798]]}