{"shapeUIx": [178.7659034048976, 271.2745102700097, 358.41662742665096, 454.70561214984247, 512.3773891201702], "shapeUIy": [169.03569854876235, 137.662283860501, 143.21062457369516, 194.34854290094364, 263.79771714834317], "shapeUOx": [218.27945124605566, 316.18641174724064, 407.9970766285172, 488.1375878505067, 558.7341242698243], "shapeUOy": [111.19616039121516, 84.76129804599191, 113.25472283588401, 171.6594886359485, 237.07448917309893], "shapeLIx": [178.7659034048976, 294.1264091263747, 379.0013083826799, 487.17646790116595, 512.3773891201702], "shapeLIy": [169.03569854876235, 355.6073954836545, 371.4402096863057, 312.8357830946114, 263.79771714834317], "shapeLOx": [199.06348365009106, 294.262209179071, 420.12282159132445, 497.7720380177234, 537.0693295509406], "shapeLOy": [255.79352005020178, 333.9383412435213, 322.29859779502414, 292.76985174751985, 251.39196568221263], "pplXY": [[328.69572048053607, 85.29837766807518], [441.344807311047, 216.4921144465171], [323.9823323865656, 382.14739635878107], [215.27113634188808, 213.71729314164662]]}