{"shapeUIx": [157.96409053521205, 252.15192664908787, 361.75931766250727, 457.80621296891985, 508.35348396353356], "shapeUIy": [196.754636095129, 128.3291256336176, 108.4651326752961, 156.18679701318428, 229.03196064185263], "shapeUOx": [180.16797117323875, 286.8456310159463, 405.325199911794, 516.6529442640218, 554.8852433065701], "shapeUOy": [157.45091942200173, 75.9762244778231, 82.58827696986373, 140.6251682974806, 207.41035050886165], "shapeLIx": [157.96409053521205, 275.0999219890694, 390.6905549202034, 476.9560694504057, 508.35348396353345], "shapeLIy": [196.754636095129, 377.86781480196447, 383.0263427367328, 311.2888889112995, 229.03196064185263], "shapeLOx": [182.46942738400637, 313.6363510189473, 462.5498583144066, 509.6177364676816, 544.5257844672926], "shapeLOy": [248.48846871696645, 367.2930951256875, 323.9755796950978, 270.1665134261762, 205.76326900881605], "pplXY": [[321.13296789497804, 71.54850366879812], [445.2589614896177, 218.60031590286016], [319.206842599753, 397.2077021910576], [200.58382938374035, 220.30623574044336]]}