{"shapeUIx": [158.78767334748596, 240.51873914934237, 344.6873020735763, 436.9867884042451, 502.49549923049574], "shapeUIy": [218.00406180181275, 150.10067503011626, 116.69589598008756, 140.44537853000787, 202.32704628546833], "shapeUOx": [183.3324510831102, 282.0136749369943, 384.130229279108, 508.0208550913464, 562.3878967821092], "shapeUOy": [173.53590269295208, 92.5353965901651, 83.2511883210562, 126.64732301124104, 174.94869127810094], "shapeLIx": [158.78767334748596, 269.68371057886486, 394.54196085360974, 477.65181886704374, 502.49549923049574], "shapeLIy": [218.00406180181275, 368.5116316264071, 373.03129860381534, 292.16331490885824, 202.32704628546833], "shapeLOx": [187.94812318409612, 330.5338308379503, 487.0924304604767, 521.7025735326173, 549.0371095996314], "shapeLOy": [256.91227440171645, 363.7188075686041, 306.2875717028391, 245.4514079951004, 174.7990223424972], "pplXY": [[322.779619529363, 69.61366919522881], [439.7407994490718, 214.50517749354358], [320.02505352269225, 380.9383920043639], [207.06941282754119, 218.19323191184588]]}