{"shapeUIx": [165.64409724744436, 254.6457909779174, 354.8114832472191, 461.3990689438804, 524.4030556077322], "shapeUIy": [170.03984492039567, 124.3531262242107, 117.26297515628085, 164.62320019796425, 237.61793882184125], "shapeUOx": [188.8303930474877, 302.4429274721194, 399.1300208995829, 508.0272274441054, 577.3631554286491], "shapeUOy": [140.4437617659287, 72.56250167713262, 84.57128511118165, 147.92116749604776, 218.68887306880475], "shapeLIx": [165.64409724744436, 274.5586042897243, 360.4278427020164, 508.0710644070397, 524.4030556077322], "shapeLIy": [170.03984492039567, 371.38134538424777, 402.85954108333436, 313.3645789973526, 237.6179388218412], "shapeLOx": [204.45709785294125, 312.7153524027045, 455.8188004492391, 527.2993213210996, 546.9284237391643], "shapeLOy": [300.3902993812277, 364.8740878697129, 334.6745243731207, 288.09696122327534, 236.1623365657963], "pplXY": [[327.0728370803672, 82.33771221303752], [440.5227440702241, 215.49628399734289], [319.68181265050873, 398.3282584858369], [207.6639420922786, 212.28839265065926]]}