{"shapeUIx": [165.64409726389317, 254.64579095422965, 354.81148321811116, 461.3990689108579, 524.4030556062589], "shapeUIy": [170.03984492520036, 124.35312621775634, 117.26297509936516, 164.62320006814898, 237.61793868771764], "shapeUOx": [188.8303930839832, 302.4429274840951, 399.1300208484077, 508.02722742971645, 577.3631554961114], "shapeUOy": [140.44376174382302, 72.56250165576228, 84.57128504027568, 147.92116738819743, 218.6888729298973], "shapeLIx": [165.64409726389317, 274.5586042614173, 360.4278427035944, 508.07106443472713, 524.4030556062589], "shapeLIy": [170.03984492520036, 371.38134534930197, 402.8595410698432, 313.3645789254454, 237.6179386877176], "shapeLOx": [204.45709794891573, 312.7153526778713, 455.8188006920185, 527.2993214562953, 546.9284237920921], "shapeLOy": [300.39029941942033, 364.87408789098396, 334.67452425757676, 288.0969610625904, 236.1623364217825], "pplXY": [[327.07283708564694, 82.33771210337754], [440.52274408282364, 215.49628394540932], [319.6818126388771, 398.3282584412562], [207.66394208560436, 212.28839259333964]]}