{"shapeUIx": [151.78761398551163, 222.55221174667068, 327.74905012767874, 407.7846214476066, 492.0536904004888], "shapeUIy": [252.24043820557782, 181.21228180315563, 137.468960563576, 137.30999032714232, 186.27155866750974], "shapeUOx": [158.92081310062426, 241.19105091051148, 332.2605851786118, 477.50003033185567, 548.021574121524], "shapeUOy": [225.46498904619384, 133.83706481121732, 100.44626286437608, 127.24385517850567, 173.28850767104595], "shapeLIx": [151.7876139855116, 256.0930132164843, 396.46948795774495, 461.1912542897868, 492.0536904004888], "shapeLIy": [252.24043820557785, 356.92131520231067, 357.46026255214525, 281.3796035637113, 186.27155866750974], "shapeLOx": [183.30741464209126, 318.6478330072046, 467.17057729440495, 505.57762935273377, 541.4716606278793], "shapeLOy": [272.15284813106996, 354.87739553905146, 304.24271907821316, 246.68633935100797, 169.11429185789947], "pplXY": [[317.83054622091583, 104.40847907587715], [417.2122258559045, 224.0307693317608], [318.4007140776406, 354.6202718830458], [220.2401728368246, 229.32633584471108]]}