{"shapeUIx": [168.11170949035733, 253.72444594195923, 344.12423469807436, 422.4290971912916, 500.4825378537057], "shapeUIy": [219.99985687138536, 172.0487788170359, 152.64410846930897, 155.95630849774443, 195.6349160166974], "shapeUOx": [210.53272204796204, 296.5261694592395, 381.710604900467, 474.7794559072075, 558.8000572367939], "shapeUOy": [157.50365265021264, 112.44828817607569, 110.83823411919943, 132.9131911595544, 169.29883914753134], "shapeLIx": [168.11170949035733, 273.0493222653404, 393.52322765041714, 465.83419266196006, 500.4825378537057], "shapeLIy": [219.99985687138536, 337.4555645971025, 341.2898826053261, 277.7277246696243, 195.6349160166974], "shapeLOx": [185.39578164500873, 292.46779407840194, 431.23736771786844, 502.999926492257, 547.6663251004894], "shapeLOy": [254.82295321370225, 323.66626147851747, 296.733268779721, 243.02911833498837, 171.493532540504], "pplXY": [[325.15569141865956, 95.78874423984746], [427.5230736478484, 218.20888475166072], [325.3882524540219, 351.492676475482], [225.26374786128673, 222.7083644485575]]}