{"shapeUIx": [159.79198369904014, 266.6803591833212, 376.895551450394, 469.8667809145569, 528.7453452080885], "shapeUIy": [186.995969798037, 125.34217234405298, 121.27517288932704, 164.6759695111918, 230.85286246739375], "shapeUOx": [163.01696993097522, 244.24124724364796, 366.49177768611287, 488.50364684836467, 550.2261813903159], "shapeUOy": [157.89036017929772, 93.29108691629384, 85.2435667789068, 137.2578622683862, 224.02786586589613], "shapeLIx": [159.79198369904014, 271.8977360756513, 380.0310230637341, 466.0518022923231, 528.7453452080885], "shapeLIy": [186.995969798037, 352.6825051146251, 362.16493094685814, 309.1729698403949, 230.8528624673937], "shapeLOx": [166.26574307622744, 250.1731869138827, 358.76778877228634, 474.15348157511124, 548.6255826469595], "shapeLOy": [228.19060952163036, 338.06016071824524, 346.91394939577685, 295.0580815903254, 218.62456349351731], "pplXY": [[323.54221656016136, 86.84646319556286], [432.3558227265752, 226.50069849630904], [322.38353094599154, 381.58322611023164], [222.0550456487096, 227.02473130651342]]}