{"shapeUIx": [159.79198369903963, 266.6803591833219, 376.8955514503949, 469.86678091455786, 528.7453452080885], "shapeUIy": [186.99596979803687, 125.34217234405317, 121.27517288932874, 164.67596951119566, 230.85286246739776], "shapeUOx": [163.01696993097414, 244.24124724364765, 366.49177768611446, 488.5036468483651, 550.226181390314], "shapeUOy": [157.8903601792983, 93.29108691629446, 85.24356677890891, 137.2578622683894, 224.02786586590022], "shapeLIx": [159.79198369903966, 271.89773607565223, 380.03102306373404, 466.0518022923223, 528.7453452080885], "shapeLIy": [186.99596979803684, 352.6825051146261, 362.16493094685853, 309.17296984039706, 230.8528624673977], "shapeLOx": [166.26574307622454, 250.17318691387445, 358.7677887722791, 474.15348157510715, 548.625582646958], "shapeLOy": [228.19060952162923, 338.0601607182446, 346.9139493957803, 295.0580815903302, 218.6245634935216], "pplXY": [[323.54221656016114, 86.84646319556613], [432.35582272657484, 226.50069849631063], [322.38353094599194, 381.58322611023294], [222.0550456487098, 227.0247313065151]]}