{"shapeUIx": [168.11172967018533, 253.72441704577165, 344.1241983970059, 422.4290560932808, 500.48253596015803], "shapeUIy": [219.99986114385416, 172.0487697606337, 152.64403766006754, 155.956147740635, 195.634750008731], "shapeUOx": [210.53276916079835, 296.52618679345926, 381.71054456805683, 474.7794387630166, 558.8001410290148], "shapeUOy": [157.50362091626272, 112.44825926376882, 110.83814574517669, 132.91305726766376, 169.29866562759307], "shapeLIx": [168.11172967018533, 273.04928893048174, 393.5232296486991, 465.83422695489355, 500.48253596015803], "shapeLIy": [219.99986114385416, 337.45552196807296, 341.28986596443576, 277.7276354767247, 195.634750008731], "shapeLOx": [185.39589885937818, 292.4681319760731, 431.23766736425034, 503.0000935890488, 547.666390923642], "shapeLOy": [254.82299958182352, 323.666286997991, 296.73312561602324, 243.02891892785428, 171.49335314076166], "pplXY": [[325.15569817561953, 95.78860732160709], [427.5230896122024, 218.20882016843717], [325.38823825808026, 351.49262212099813], [225.26373950470006, 222.7082933880485]]}