{"shapeUIx": [164.09532995734224, 276.7648392026405, 389.5604518583792, 499.1439967490669, 546.27423604432], "shapeUIy": [174.0428361713804, 130.84281472227667, 138.06720566672638, 194.97403908938318, 259.44707400574373], "shapeUOx": [177.7242841748611, 278.5126662464168, 399.2088676376676, 513.9600152757359, 580.8136565850651], "shapeUOy": [155.86162775547285, 99.69772660090356, 103.16660914246627, 164.6406494254076, 247.36307560183258], "shapeLIx": [164.09532995734224, 267.1545453415825, 359.81129985544527, 501.5618027758468, 546.27423604432], "shapeLIy": [174.04283617138043, 350.8641358325751, 377.856115859127, 322.20353080843984, 259.44707400574373], "shapeLOx": [187.35445256675865, 263.6587423506793, 379.9552682589921, 505.7215521828524, 552.8927312001592], "shapeLOy": [262.00210951623075, 341.68029965265214, 354.51669944088013, 314.8720420738521, 258.87005229727407], "pplXY": [[330.07383958032017, 94.64582208544107], [446.7293053055288, 219.73021710955132], [324.81050095958494, 391.42771093407356], [212.79575748050326, 216.88757001676953]]}