{"shapeUIx": [190.02185386595792, 292.8619993651769, 385.9636205046709, 477.2745434662791, 502.14077478726324], "shapeUIy": [162.96055050879536, 121.81898872583925, 140.33007468235942, 214.1704642511605, 282.21278208405226], "shapeUOx": [197.20254348309268, 320.23765797722035, 422.0560027375301, 492.6307758331667, 525.6193495905437], "shapeUOy": [152.61433904179253, 88.53275417909444, 128.38973587574242, 192.041094868334, 260.1358583795291], "shapeLIx": [190.02185386595792, 278.51941993481, 348.52464147474734, 476.10753549512157, 502.14077478726324], "shapeLIy": [162.96055050879536, 343.04990320308264, 378.75920137215405, 323.05858091390735, 282.21278208405226], "shapeLOx": [203.27122440858616, 271.9742581197178, 408.59334883504664, 481.3213044925702, 516.695958476746], "shapeLOy": [248.63172806152474, 333.6162174998938, 337.0215534951975, 312.0457852741624, 268.29236394998736], "pplXY": [[326.7715103588537, 108.8568048402349], [429.5613975092818, 221.90362254023427], [321.4230466880921, 382.99190201505036], [221.230297751685, 214.66688077683665]]}