{"shapeUIx": [178.76590353410583, 271.2745100832111, 358.41662720058764, 454.7056118930051, 512.3773891089763], "shapeUIy": [169.03569859361633, 137.6622838147885, 143.2106241309137, 194.3485418877558, 263.7977161011579], "shapeUOx": [218.27945152248532, 316.18641182972965, 407.9970762157766, 488.13758773524876, 558.7341247952623], "shapeUOy": [111.1961602377924, 84.7612978899313, 113.25472228496085, 171.65948779566133, 237.07448809553642], "shapeLIx": [178.76590353410583, 294.1264088979069, 379.0013083948031, 487.1764681172347, 512.3773891089763], "shapeLIy": [169.03569859361633, 355.60739520807664, 371.4402095807197, 312.8357825340289, 263.7977161011579], "shapeLOx": [199.0634844063205, 294.2622113392098, 420.12282349055414, 497.7720390743185, 537.0693299628075], "shapeLOy": [255.79352035235576, 333.9383414131391, 322.2985968935754, 292.7698504952534, 251.3919645628509], "pplXY": [[328.69572052078485, 85.2983768171105], [441.34480740779844, 216.492114042374], [323.98233229487045, 382.14739600710203], [215.27113629019806, 213.71729269462293]]}