{"shapeUIx": [157.9640913175329, 252.1519255303965, 361.7593162499669, 457.8062113704738, 508.35348388933306], "shapeUIy": [196.75463624617464, 128.32912527231412, 108.4651299214901, 156.18679076791116, 229.0319541933668], "shapeUOx": [180.16797302061732, 286.84563171165667, 405.32519759494625, 516.6529436039635, 554.88524656404], "shapeUOy": [157.450918150395, 75.97622333283337, 82.58827353156968, 140.62516309293875, 207.41034375442945], "shapeLIx": [157.9640913175329, 275.09992070932924, 390.6905549982213, 476.9560707827213, 508.35348388933306], "shapeLIy": [196.75463624617464, 377.86781315160067, 383.02634209084664, 311.2888854449359, 229.0319541933668], "shapeLOx": [182.46943192322254, 313.636364120758, 462.5498699466477, 509.6177429564153, 544.52578702694], "shapeLOy": [248.48847051008337, 367.2930961098093, 323.9755741325585, 270.16650567560316, 205.76326202990566], "pplXY": [[321.13296815942624, 71.54849833964056], [445.2589621130431, 218.60031339142625], [319.2068420500939, 397.2077000869982], [200.58382905827312, 220.30623297907192]]}