{"shapeUIx": [178.60269206376995, 269.2634462099239, 358.01188573470444, 453.6482829586288, 512.7143782128535], "shapeUIy": [173.8385371845133, 140.7107717493409, 143.1657557113838, 190.4117559092193, 258.3990011377888], "shapeUOx": [214.8753677971644, 310.7915102233879, 400.4358168803963, 486.28337804967794, 560.1958288459507], "shapeUOy": [120.3101900682769, 89.88026209879192, 112.68428430265722, 168.58511096090484, 234.65201718106374], "shapeLIx": [178.60269206376995, 289.463819798813, 379.31115089299954, 487.36382725517353, 512.7143782128535], "shapeLIy": [173.8385371845133, 353.1052869037759, 370.0720998534084, 310.4769566447434, 258.3990011377888], "shapeLOx": [203.00797186080595, 303.8963838243814, 426.11220271196106, 501.287979253337, 538.3103765998751], "shapeLOy": [258.7702090107745, 335.4250686428254, 319.7560786974133, 289.0367662660835, 247.78208664346124], "pplXY": [[328.3023246772252, 85.9023231197234], [440.4778940746246, 216.08626968267987], [323.4797381208409, 378.72836087464924], [215.61267121713004, 213.14259265449564]]}