{"shapeUIx": [178.7741240182599, 271.26133066012335, 358.4052527135288, 454.6921774422449, 512.3772767362381], "shapeUIy": [169.0479636778641, 137.66584529626655, 143.18740046902298, 194.2908603862499, 263.73743415160055], "shapeUOx": [218.28408725129916, 316.17667454942716, 407.9563463309245, 488.1272657096059, 558.7626496596204], "shapeUOy": [111.21237719310356, 84.76642095067365, 113.22658241794014, 171.61343554760558, 237.02150479328435], "shapeLIx": [178.7741240182599, 294.10356041594025, 379.00178296265676, 487.1886615347822, 512.3772767362381], "shapeLIy": [169.0479636778641, 355.58805065013115, 371.43373547611014, 312.8046633346173, 263.73743415160055], "shapeLOx": [199.11537080031408, 294.4004537182624, 420.2358550709181, 497.8337761748465, 537.0912574982607], "shapeLOy": [255.81598216609922, 333.9525643619671, 322.2479944321552, 292.7010946527481, 251.3340540721068], "pplXY": [[328.69675652104047, 85.25658107079717], [441.3481958961441, 216.470779134053], [323.97598578019944, 382.12256073382315], [215.268769068729, 213.69249417416995]]}