{"shapeUIx": [165.69948294943913, 253.90335260061224, 355.6465168928028, 458.8235319602198, 522.6412776949726], "shapeUIy": [179.1514230677157, 132.62708132858103, 123.93438218363679, 166.5746125524568, 235.01655698600933], "shapeUOx": [184.54668029507474, 296.18212468947775, 390.0598458035672, 502.4772801337622, 573.7627570754673], "shapeUOy": [156.5740692974877, 84.53073675390112, 91.31351265561264, 149.964018304815, 220.37232365426644], "shapeLIx": [165.6994829494391, 268.5116824147547, 361.1861676264627, 504.6654310022185, 522.6412776949726], "shapeLIy": [179.15142306771574, 365.9861390296169, 397.82700923193426, 311.3382451145345, 235.01655698600933], "shapeLOx": [205.79382752502374, 312.5240305870179, 451.6988286037664, 524.3479406574454, 544.7620268487854], "shapeLOy": [301.807785676251, 362.4582136486022, 333.92926369988686, 288.8472236390803, 236.02982915895927], "pplXY": [[326.1101653254451, 91.79970907226709], [436.93233018758167, 217.58382727961128], [319.7937099312114, 391.40938342839786], [210.0005023977995, 214.4598367602253]]}