{"shapeUIx": [159.79267668986384, 266.6793475704971, 376.89437475450984, 469.86543873109787, 528.7452900282686], "shapeUIy": [186.996308304234, 125.34199606726074, 121.27285813625807, 164.67062717528268, 230.84733586888518], "shapeUOx": [163.018311100328, 244.2415301724569, 366.48941634066284, 488.5029978350484, 550.2289364711769], "shapeUOy": [157.88981615857912, 93.29041293768748, 85.24069653791426, 137.25345216783163, 224.02227558082868], "shapeLIx": [159.79267668986387, 271.8964270172618, 380.0310843664238, 466.05294111113625, 528.7452900282686], "shapeLIy": [186.996308304234, 352.681012761244, 362.1643701953159, 309.17002286049023, 230.84733586888518], "shapeLOx": [166.26983033364428, 250.18475141005484, 358.77786468722616, 474.15907257059933, 548.6277371209143], "shapeLOy": [228.19225912332013, 338.06110505116806, 346.9092006952799, 295.0515041367352, 218.61872585861516], "pplXY": [[323.5424154538556, 86.84204423130322], [432.3563108170283, 226.49858391746474], [322.3830347324689, 381.5813197862956], [222.05477864883082, 227.02237887122163]]}