{"shapeUIx": [165.6440972622152, 254.6457909566506, 354.81148322106435, 461.3990689142106, 524.403055606407], "shapeUIy": [170.03984492466572, 124.35312621838352, 117.26297510514432, 164.62320008135077, 237.6179387013599], "shapeUOx": [188.83039308032434, 302.44292748294583, 399.13002085369544, 508.0272274311983, 577.3631554892576], "shapeUOy": [140.44376174595155, 72.56250165786841, 84.57128504747102, 147.9211673991563, 218.68887294398255], "shapeLIx": [165.6440972622152, 274.5586042643432, 360.4278427034352, 508.0710644319116, 524.403055606407], "shapeLIy": [170.03984492466572, 371.38134535287355, 402.859541071217, 313.3645789327541, 237.6179387013599], "shapeLOx": [204.4570979391106, 312.71535264980946, 455.8188006673013, 527.2993214425375, 546.9284237867171], "shapeLOy": [300.39029941551087, 364.8740878887983, 334.67452426932505, 288.09696107892, 236.16233643639922], "pplXY": [[327.072837085116, 82.33771211449887], [440.5227440815523, 215.49628395068333], [319.6818126400657, 398.3282584458133], [207.66394208628057, 212.28839259916668]]}