{"shapeUIx": [168.11056776469275, 253.726014207035, 344.1265549218868, 422.43168805182404, 500.4826827567901], "shapeUIy": [220.00032616637242, 172.04979169925141, 152.64855675836884, 155.96608738888327, 195.64497974478553], "shapeUOx": [210.5290210382213, 296.52402439438714, 381.71294770341655, 474.7802043239858, 558.7948517339262], "shapeUOy": [157.5074836703565, 112.45111412358793, 110.84385702215059, 132.92148315606278, 169.31005329545528], "shapeLIx": [168.11056776469275, 273.0505998260163, 393.5230858018479, 465.8321056653625, 500.4826827567901], "shapeLIy": [220.00032616637242, 337.45787478514796, 341.29086730854215, 277.7332148166393, 195.64497974478553], "shapeLOx": [185.38937216558764, 292.4484989420314, 431.219585948901, 502.9899068793526, 547.6621986988029], "shapeLOy": [254.82053787877948, 323.6650691732997, 296.74200929924416, 243.04143107524655, 171.5049109435575], "pplXY": [[325.1551853139389, 95.79755799765488], [427.5219460496458, 218.2129298789023], [325.3890245281568, 351.49561091955144], [225.26429540613398, 222.71271849185146]]}