{"shapeUIx": [178.7661019242016, 271.27421809726405, 358.4162976940337, 454.7052349416058, 512.377374600949], "shapeUIy": [169.03581642678412, 137.6622478902576, 143.20997349647723, 194.34703024303454, 263.7961510737472], "shapeUOx": [218.27980569223337, 316.1864589032317, 407.9963683387655, 488.1373954054123, 558.7349011948169], "shapeUOy": [111.19606350918602, 84.76113927105766, 113.25391750017693, 171.65824419157266, 237.07292586154148], "shapeLIx": [178.7661019242016, 294.1260158980943, 379.00132515926526, 487.17679027052344, 512.377374600949], "shapeLIy": [169.03581642678412, 355.6069644915645, 371.44005001101107, 312.8349505868594, 263.7961510737472], "shapeLOx": [199.0646619652062, 294.26552014510014, 420.12568691081805, 497.77362513072086, 537.069936027414], "shapeLOy": [255.79399926127311, 333.93861931925164, 322.2972545467912, 292.76799504459785, 251.39032650841946], "pplXY": [[328.6957739386877, 85.29714130802344], [441.3449407723031, 216.49151936645504], [323.98218921628256, 382.146845530744], [215.27106197055292, 213.71662824972842]]}