{"shapeUIx": [159.79198818201107, 266.6803526992058, 376.89554361770627, 469.8667720140355, 528.7453448212746], "shapeUIy": [186.99597138380184, 125.34217077873795, 121.27515754459804, 164.6759343851175, 230.85282616112164], "shapeUOx": [163.01697947933633, 244.24125005758066, 366.4917633211716, 488.50364284015114, 550.2261996020729], "shapeUOy": [157.89035494015351, 93.29108155069488, 85.2435476894205, 137.2578331427231, 224.0278285355625], "shapeLIx": [159.79198818201107, 271.89772812344427, 380.03102348322693, 466.0518097830644, 528.7453448212746], "shapeLIy": [186.99597138380182, 352.6824955488219, 362.16492728510286, 309.1729504083186, 230.85282616112164], "shapeLOx": [166.26576932379925, 250.17326185573793, 358.7678546347376, 474.15351821197976, 548.6255969207898], "shapeLOy": [228.19062001395923, 338.0601666137502, 346.91391814503254, 295.0580381834093, 218.62452470592387], "pplXY": [[323.5422179515325, 86.8464337141103], [432.35582607420804, 226.5006844900933], [322.3835277632137, 381.5832139023108], [222.05504385835124, 227.02471581015192]]}