{"shapeUIx": [178.76590348664212, 271.27451015184806, 358.41662728356727, 454.7056119872899, 512.377389113079], "shapeUIy": [169.0356985769657, 137.66228383145875, 143.21062429346125, 194.34854225978364, 263.7977164856782], "shapeUOx": [218.27945142119128, 316.1864117997109, 407.9970763676567, 488.1375877776425, 558.734124602356], "shapeUOy": [111.196160293657, 84.76129794697052, 113.25472248719063, 171.65948810416646, 237.07448849103972], "shapeLIx": [178.76590348664212, 294.1264089819823, 379.0013083903564, 487.176468037898, 512.377389113079], "shapeLIy": [169.0356985769657, 355.6073953093345, 371.4402096194965, 312.83578273985086, 263.7977164856782], "shapeLOx": [199.06348412846785, 294.2622105457307, 420.1228227930771, 497.77203868631733, 537.069329811606], "shapeLOy": [255.79352024130918, 333.93834135076935, 322.2985972245655, 292.7698509550218, 251.39196497375005], "pplXY": [[328.69572050602966, 85.29837712945144], [441.3448073723118, 216.49211419074018], [323.982332328562, 382.1473961363253], [215.27113630916796, 213.717292858755]]}