{"shapeUIx": [168.11172968381007, 253.7244170260989, 344.1241983730798, 422.4290560661105, 500.4825359589648], "shapeUIy": [219.99986114834124, 172.04876975564326, 152.6440376132304, 155.9561476335736, 195.63474989808992], "shapeUOx": [210.5327691902969, 296.5261868025526, 381.7105445249009, 474.779438750939, 558.8001410845743], "shapeUOy": [157.50362089939478, 112.44825924690974, 110.83814568687642, 132.91305717882202, 169.2986655135031], "shapeLIx": [168.11172968381007, 273.04928890659875, 393.5232296499868, 465.83422697772596, 500.4825359589648], "shapeLIy": [219.99986114834124, 337.45552193905047, 341.28986595328865, 277.7276354174671, 195.63474989808992], "shapeLOx": [185.3958989390414, 292.46813220390106, 431.2376675647877, 503.00009370064856, 547.6663909672052], "shapeLOy": [254.82299961361187, 323.66628701579054, 296.73312552075697, 243.02891879546627, 171.49335302232163], "pplXY": [[325.15569817990547, 95.7886072315187], [427.5230896224804, 218.20882012569132], [325.38823824842234, 351.4926220839651], [225.2637394992243, 222.70829334080054]]}