{"shapeUIx": [159.79198369904162, 266.680359183319, 376.8955514503914, 469.8667809145539, 528.7453452080883], "shapeUIy": [186.9959697980375, 125.34217234405244, 121.27517288932195, 164.67596951118014, 230.85286246738164], "shapeUOx": [163.0169699309784, 244.24124724364893, 366.4917776861082, 488.5036468483633, 550.2261813903219], "shapeUOy": [157.8903601792959, 93.29108691629202, 85.24356677890046, 137.25786226837653, 224.0278658658837], "shapeLIx": [159.79198369904162, 271.8977360756487, 380.0310230637342, 466.05180229232553, 528.7453452080883], "shapeLIy": [186.9959697980375, 352.6825051146219, 362.16493094685694, 309.1729698403884, 230.85286246738164], "shapeLOx": [166.2657430762361, 250.17318691390756, 358.7677887723082, 474.15348157512335, 548.6255826469643], "shapeLOy": [228.19060952163386, 338.0601607182472, 346.9139493957665, 295.05808159031096, 218.62456349350447], "pplXY": [[323.5422165601618, 86.84646319555306], [432.3558227265763, 226.5006984963044], [322.3835309459905, 381.5832261102276], [222.05504564870904, 227.02473130650824]]}