{"shapeUIx": [190.0218541169843, 292.86199900245106, 385.963620064808, 477.27454296663444, 502.14077476541814], "shapeUIy": [162.96055059410475, 121.8189886357433, 140.33007382101286, 214.17046228105033, 282.2127800479317], "shapeUOx": [197.20254402278294, 320.2376581404653, 422.0560019384264, 492.630775609818, 525.6193506125245], "shapeUOy": [152.6143387385105, 88.53275387285606, 128.38973480384556, 192.04109323404282, 260.13585628253566], "shapeLIx": [190.0218541169843, 278.5194194925167, 348.5246414983706, 476.1075359152672, 502.14077476541814], "shapeLIy": [162.96055059410475, 343.04990266796517, 378.7592011669208, 323.05857982370696, 282.2127800479317], "shapeLOx": [203.27122587719106, 271.9742623167922, 408.5933525269011, 481.32130654671766, 516.6959592779256], "shapeLOy": [248.6317286479983, 333.6162178287762, 337.02155174226885, 312.045782838691, 268.2923617722212], "pplXY": [[326.7715104373648, 108.85680318428751], [429.56139769782305, 221.9036217540826], [321.4230465100305, 382.9919013321907], [221.23029765107123, 214.66687990752388]]}