{"shapeUIx": [157.96409132083593, 252.15192552563002, 361.7593162441566, 457.8062113638771, 508.3534838890423], "shapeUIy": [196.7546362472351, 128.32912527108513, 108.46512991011882, 156.1867907419311, 229.0319541665195], "shapeUOx": [180.16797302780805, 286.8456317139056, 405.32519758452526, 516.6529436010442, 554.8852465775266], "shapeUOy": [157.45091814622805, 75.97622332870085, 82.58827351741263, 140.6251630713743, 207.41034372671842], "shapeLIx": [157.96409132083593, 275.09992070356276, 390.6905549985345, 476.95607078826214, 508.3534838890423], "shapeLIy": [196.7546362472351, 377.86781314456886, 383.02634208814277, 311.2888854305537, 229.0319541665195], "shapeLOx": [182.4694319425264, 313.6363641759956, 462.5498699952942, 509.6177429834912, 544.525787037516], "shapeLOy": [248.48847051778156, 367.29309611411475, 323.9755741094394, 270.16650564347015, 205.76326200114653], "pplXY": [[321.13296816046994, 71.5484983177603], [445.2589621155433, 218.60031338104872], [319.20684204775375, 397.207700078026], [200.5838290569428, 220.30623296760513]]}