{"shapeUIx": [157.96409132083375, 252.15192552563317, 361.75931624416035, 457.80621136388146, 508.3534838890425], "shapeUIy": [196.7546362472344, 128.32912527108596, 108.46512991012632, 156.18679074194816, 229.03195416653716], "shapeUOx": [180.16797302780333, 286.84563171390425, 405.32519758453213, 516.6529436010461, 554.8852465775178], "shapeUOy": [157.45091814623072, 75.97622332870355, 82.58827351742192, 140.62516307138844, 207.41034372673658], "shapeLIx": [157.96409132083375, 275.09992070356657, 390.6905549985343, 476.9560707882585, 508.3534838890425], "shapeLIy": [196.7546362472344, 377.86781314457346, 383.02634208814453, 311.2888854305631, 229.03195416653716], "shapeLOx": [182.4694319425137, 313.6363641759593, 462.54986999526227, 509.6177429834735, 544.5257870375091], "shapeLOy": [248.48847051777653, 367.2930961141119, 323.9755741094545, 270.1665056434912, 205.7632620011654], "pplXY": [[321.13296816046926, 71.54849831777464], [445.25896211554164, 218.60031338105554], [319.2068420477553, 397.2077000780319], [200.58382905694367, 220.3062329676127]]}