{"shapeUIx": [178.7659113559512, 271.27449872912496, 358.41661367773503, 454.70559650560136, 512.3773884552681], "shapeUIy": [169.0357017561883, 137.66228136106974, 143.21059759638982, 194.34848096238792, 263.7976531078087], "shapeUOx": [218.27946761249254, 316.18641609522666, 407.9970505536186, 488.1375806176623, 558.7341563218387], "shapeUOy": [111.1961522212539, 84.76128918468152, 113.25468931397111, 171.65943735998422, 237.07442371589178], "shapeLIx": [178.7659113559512, 294.1263946827381, 379.00130911160227, 487.17648110818556, 512.3773884552681], "shapeLIy": [169.0357017561883, 355.6073784577918, 371.44020321321125, 312.8357488654759, 263.7976531078087], "shapeLOx": [199.06353033314184, 294.2623420239853, 420.12293797191677, 497.7721026991453, 537.0693546518327], "shapeLOy": [255.79353877886774, 333.93835184038863, 322.29854270986164, 292.7697753109319, 251.3918975466451], "pplXY": [[328.6957228803613, 85.29832595770968], [441.34481312531506, 216.49208981568358], [323.98232672338264, 382.1473746236055], [215.27113320739286, 213.71726583612562]]}