{"shapeUIx": [159.79198370375678, 266.6803591765076, 376.89555144212267, 469.86678090516233, 528.745345207677], "shapeUIy": [186.9959697996218, 125.34217234234742, 121.2751728731319, 164.6759694741579, 230.85286242911994], "shapeUOx": [163.01696994114178, 244.24124724674476, 366.4917776711256, 488.5036468441737, 550.2261814095298], "shapeUOy": [157.8903601735477, 93.29108691050972, 85.24356675875106, 137.25786223766121, 224.02786582646021], "shapeLIx": [159.79198370375678, 271.8977360673565, 380.0310230641786, 466.05180230022097, 528.745345207677], "shapeLIy": [186.9959697996218, 352.68250510457324, 362.16493094300097, 309.1729698198998, 230.85286242911994], "shapeLOx": [166.26574310381574, 250.17318699274674, 358.7677888416742, 474.1534816137212, 548.6255826620231], "shapeLOy": [228.19060953264443, 338.0601607244183, 346.9139493628246, 295.05808154453894, 218.62456345256805], "pplXY": [[323.54221656163963, 86.84646316442198], [432.3558227301234, 226.50069848152802], [322.3835309426467, 381.5832260974049], [222.0550456468173, 227.02473129017125]]}