{"shapeUIx": [151.78755768198556, 222.55229332175168, 327.7491480435882, 407.7847327804321, 492.05369518865257], "shapeUIy": [252.2404170050323, 181.21230056475804, 137.46915252291222, 137.31043034676748, 186.27201354121772], "shapeUOx": [158.9206950181229, 241.19101765456645, 332.2607675409216, 477.50008107608784, 548.021346183345], "shapeUOy": [225.46505121008585, 133.837130079113, 100.44650154546997, 127.24421976756366, 173.28897411159875], "shapeLIx": [151.78755768198553, 256.09311419934073, 396.4694827369693, 461.1911604604493, 492.05369518865257], "shapeLIy": [252.24041700503236, 356.92143554366527, 357.4603084757731, 281.37984687050823, 186.27201354121772], "shapeLOx": [183.30708455227568, 318.6468919708202, 467.169751464452, 505.57717015583404, 541.4714820426389], "shapeLOy": [272.15271595812106, 354.8773210354094, 304.2431104831539, 246.6868827646781, 169.1147769061971], "pplXY": [[317.8305289655331, 104.40884749076568], [417.212184209027, 224.03094456766794], [318.4007541122748, 354.6204254856055], [220.2401951910277, 229.3265298990137]]}