{"shapeUIx": [165.6440972638936, 254.645790954229, 354.8114832181104, 461.3990689108571, 524.4030556062589], "shapeUIy": [170.0398449252005, 124.35312621775616, 117.26297509936364, 164.62320006814556, 237.61793868771412], "shapeUOx": [188.83039308398415, 302.4429274840953, 399.13002084840633, 508.0272274297161, 577.3631554961132], "shapeUOy": [140.44376174382245, 72.56250165576168, 84.57128504027382, 147.92116738819462, 218.68887292989365], "shapeLIx": [165.6440972638936, 274.5586042614166, 360.4278427035945, 508.0710644347279, 524.4030556062589], "shapeLIy": [170.0398449252005, 371.38134534930106, 402.85954106984286, 313.3645789254435, 237.61793868771412], "shapeLOx": [204.45709794891823, 312.7153526778785, 455.81880069202487, 527.2993214562988, 546.9284237920934], "shapeLOy": [300.39029941942135, 364.8740878909845, 334.6745242575738, 288.0969610625863, 236.16233642177872], "pplXY": [[327.0728370856471, 82.33771210337464], [440.52274408282403, 215.49628394540795], [319.6818126388768, 398.32825844125506], [207.6639420856042, 212.28839259333813]]}