{"shapeUIx": [190.0218538905578, 292.8619993296383, 385.9636204615391, 477.27454341728907, 502.14077478511865], "shapeUIy": [162.96055051708228, 121.81898871695884, 140.3300745979058, 214.1704640580284, 282.2127818844529], "shapeUOx": [197.20254353608607, 320.23765799333694, 422.0560026593307, 492.6307758113021, 525.6193496907409], "shapeUOy": [152.61433901186396, 88.53275414896264, 128.38973577063746, 192.0410947081074, 260.13585817389037], "shapeLIx": [190.0218538905578, 278.51941989152937, 348.52464147706513, 476.10753553630923, 502.14077478511865], "shapeLIy": [162.96055051708228, 343.0499031506537, 378.75920135203785, 323.05858080702717, 282.2127818844529], "shapeLOx": [203.27122455248113, 271.9742585310325, 408.59334919691815, 481.321304693926, 516.6959585552993], "shapeLOy": [248.6317281189754, 333.6162175320973, 337.0215533233523, 312.0457850353913, 268.2923637364505], "pplXY": [[326.7715103665601, 108.85680467784968], [429.5613975277811, 221.90362246315462], [321.42304667064593, 382.9919019481474], [221.23029774181754, 214.66688069161336]]}