{"shapeUIx": [178.76593489050688, 271.2744643959808, 358.4165735834507, 454.70555079513485, 512.377386577199], "shapeUIy": [169.03571291441736, 137.66227512891797, 143.2105187454362, 194.3482991414286, 263.7974650268808], "shapeUOx": [218.27951366236812, 316.18642625704337, 407.99697085557295, 488.13755868696927, 558.7342501519872], "shapeUOy": [111.19613276483736, 84.76126571418555, 113.25459149880007, 171.65928718546013, 237.07423312456126], "shapeLIx": [178.76593489050688, 294.1263504980542, 379.00131120581995, 487.1765198705698, 512.377386577199], "shapeLIy": [169.03571291441736, 355.6073278079178, 371.44018414219755, 312.83564853744946, 263.7974650268808], "shapeLOx": [199.06366906390795, 294.2627349435569, 420.1232806364149, 497.7722929044411, 537.0694280461777], "shapeLOy": [255.79359471986103, 333.9383837993446, 322.2983810932509, 292.76955137131085, 251.3916986321759], "pplXY": [[328.6957296979307, 85.29817532771037], [441.3448298172044, 216.4920177947286], [323.9823098837053, 382.1473099361989], [215.2711241015761, 213.7171857645716]]}