{"shapeUIx": [168.10992601154067, 253.72687163657343, 344.12797657070263, 422.43326288807657, 500.48278052831347], "shapeUIy": [220.00088883922587, 172.05057243235802, 152.65125034500554, 155.97189056016674, 195.6509399191961], "shapeUOx": [210.5264980633636, 296.52232454070116, 381.7138168298144, 474.7805330729058, 558.7917208689283], "shapeUOy": [157.5105022545569, 112.45320922649974, 110.8472902769835, 132.92646237033298, 169.3169689288136], "shapeLIx": [168.10992601154067, 273.05106328131046, 393.5229928076525, 465.83086820879464, 500.48278052831347], "shapeLIy": [220.00088883922587, 337.4591339438297, 341.29144177900537, 277.7364987502041, 195.6509399191961], "shapeLOx": [185.38585622338422, 292.4375516321747, 431.20921460395704, 502.98402053085726, 547.6597019774256], "shapeLOy": [254.8192639377694, 323.66450411491417, 296.7472070388884, 243.0488087100436, 171.51184823192617], "pplXY": [[325.15484796265525, 95.80297599913649], [427.52121656355877, 218.2153749175899], [325.38944639874705, 351.49720645205514], [225.2646351949958, 222.71531269669686]]}