{"shapeUIx": [158.791575788976, 240.51322397935837, 344.67995484222405, 436.9785171828632, 502.4950861101852], "shapeUIy": [218.00403152109098, 150.09831739572567, 116.681659459048, 140.4134558013384, 202.29413045177273], "shapeUOx": [183.34280607994046, 282.01842353752886, 384.11984037574587, 508.01780755452967, 562.4046657830758], "shapeUOy": [173.52731537268045, 92.52836902217169, 83.2333387771823, 126.62056173498499, 174.91345105946817], "shapeLIx": [158.791575788976, 269.6779960959696, 394.54238321825454, 477.6586318536521, 502.4950861101852], "shapeLIy": [218.00403152109098, 368.5035155777863, 373.02803481931585, 292.1455313770874, 202.29413045177273], "shapeLOx": [187.97053550305236, 330.59942840304626, 487.15141022608805, 521.7355836144459, 549.0503260545655], "shapeLOy": [256.92099714842226, 363.72345052213257, 306.2591060160779, 245.4115949787269, 174.76284790987825], "pplXY": [[322.7810746345906, 69.5858923668997], [439.74415938932714, 214.4922121958256], [320.0223425679445, 380.9280514102785], [207.06770234861273, 218.17908195002715]]}