{"shapeUIx": [159.7919836990409, 266.6803591833201, 376.8955514503927, 469.8667809145553, 528.7453452080883], "shapeUIy": [186.99596979803727, 125.34217234405271, 121.27517288932445, 164.67596951118588, 230.8528624673876], "shapeUOx": [163.01696993097684, 244.24124724364847, 366.49177768611054, 488.5036468483639, 550.226181390319], "shapeUOy": [157.8903601792968, 93.29108691629293, 85.24356677890357, 137.25786226838127, 224.02786586588982], "shapeLIx": [159.7919836990409, 271.89773607565, 380.03102306373415, 466.0518022923244, 528.7453452080883], "shapeLIy": [186.99596979803727, 352.68250511462344, 362.1649309468575, 309.1729698403916, 230.8528624673876], "shapeLOx": [166.26574307623184, 250.17318691389534, 358.7677887722975, 474.15348157511744, 548.6255826469619], "shapeLOy": [228.19060952163213, 338.06016071824627, 346.91394939577157, 295.058081590318, 218.62456349351078], "pplXY": [[323.5422165601616, 86.84646319555789], [432.35582272657575, 226.50069849630668], [322.383530945991, 381.5832261102296], [222.0550456487093, 227.02473130651077]]}