{"shapeUIx": [168.11172968381825, 253.72441702608708, 344.1241983730655, 422.4290560660942, 500.48253595896404], "shapeUIy": [219.999861148344, 172.04876975564028, 152.64403761320233, 155.95614763350937, 195.63474989802356], "shapeUOx": [210.53276919031455, 296.5261868025581, 381.710544524875, 474.7794387509317, 558.8001410846076], "shapeUOy": [157.50362089938477, 112.4482592468997, 110.83814568684147, 132.91305717876872, 169.2986655134347], "shapeLIx": [168.11172968381825, 273.04928890658437, 393.5232296499875, 465.83422697773966, 500.48253595896404], "shapeLIy": [219.999861148344, 337.455521939033, 341.28986595328195, 277.72763541743154, 195.63474989802356], "shapeLOx": [185.39589893908922, 292.4681322040378, 431.23766756490807, 503.00009370071547, 547.6663909672313], "shapeLOy": [254.82299961363097, 323.66628701580123, 296.73312552069984, 243.0289187953869, 171.4933530222506], "pplXY": [[325.15569817990803, 95.7886072314647], [427.5230896224866, 218.2088201256657], [325.38823824841654, 351.4926220839429], [225.26373949922103, 222.7082933407722]]}