{"shapeUIx": [157.9640913003181, 252.1519255552045, 361.75931628036926, 457.8062114049736, 508.35348389086596], "shapeUIy": [196.75463624097836, 128.32912527895138, 108.46512998095481, 156.18679090361755, 229.03195433358573], "shapeUOx": [180.16797298266417, 286.8456316993967, 405.3251976487583, 516.6529436190751, 554.885246493542], "shapeUOy": [157.4509181730529, 75.97622335492028, 82.58827360563473, 140.62516320564873, 207.4103438994851], "shapeLIx": [157.9640913003181, 275.0999207390987, 390.6905549965762, 476.95607075377814, 508.35348389086596], "shapeLIy": [196.75463624097839, 377.86781318819914, 383.0263421049568, 311.28888552009107, 229.03195433358573], "shapeLOx": [182.46943182272364, 313.6363638328088, 462.5498696927475, 509.617742815051, 544.5257869716393], "shapeLOy": [248.48847047006157, 367.2930960874879, 323.9755742533374, 270.16650584353636, 205.7632621803453], "pplXY": [[321.1329681539295, 71.54849845416102], [445.2589620999091, 218.60031344568847], [319.2068420622749, 397.20770013369], [200.5838290652408, 220.30623303898454]]}