{"shapeUIx": [159.79202788087616, 266.68029514378327, 376.8954747410646, 469.8666936763955, 528.7453414659694], "shapeUIy": [186.9959867608157, 125.34215785347365, 121.27502246919957, 164.67562455855608, 230.85250585502618], "shapeUOx": [163.01706211070254, 244.2412728032453, 366.4916340969916, 488.5036069267993, 550.226360029654], "shapeUOy": [157.89031234023687, 93.29103625237535, 85.24337978267303, 137.25757652030038, 224.0275005122266], "shapeLIx": [159.79202788087616, 271.8976565576377, 380.0310271469682, 466.0518758491662, 528.7453414659694], "shapeLIy": [186.9959867608157, 352.68241063926257, 362.1648949322559, 309.1727791305881, 230.85250585502612], "shapeLOx": [166.26600219385418, 250.1739252411321, 358.768436398792, 474.15384163219676, 548.6257225895897], "shapeLOy": [228.19071332932307, 338.06021929527435, 346.91364256591, 295.05765566620084, 218.624183461418], "pplXY": [[323.5422300426777, 86.84617460371993], [432.355855301848, 226.5005611740125], [322.38349951721347, 381.58310551711065], [222.05502814243854, 227.0245791907928]]}