{"shapeUIx": [164.39155017344902, 276.1035307035418, 388.9873403144819, 498.32047675160413, 546.0813165928543], "shapeUIy": [174.9158986956208, 131.32257682526998, 137.36586941897127, 192.70567313796693, 256.9702445882164], "shapeUOx": [177.74995735548453, 277.88224296206624, 397.1614183558295, 513.2844012408909, 581.7173126882083], "shapeUOy": [157.07827342422178, 100.32170248250375, 102.291786645857, 162.9094185994169, 245.29865850115112], "shapeLIx": [164.39155017344902, 266.1041057844847, 359.91753456305986, 501.8719242247891, 546.0813165928543], "shapeLIy": [174.9158986956208, 350.01803891343445, 377.4680421323584, 320.8964366711639, 256.9702445882164], "shapeLOx": [189.43233761644848, 269.23093966448516, 384.4845298038689, 508.05006999531025, 553.6184124568865], "shapeLOy": [262.9669398573981, 342.2164093253979, 352.43304458745854, 312.1516023961829, 256.5563384264622], "pplXY": [[330.0529611192028, 93.31412355825735], [446.6896021351765, 218.96263014186812], [324.5386048010911, 390.1926550271763], [212.7683908103474, 215.99293601518667]]}