{"shapeUIx": [178.76590340476147, 271.2745102702064, 358.4166274268897, 454.70561215011367, 512.377389120182], "shapeUIy": [169.03569854871665, 137.66228386055027, 143.21062457416264, 194.34854290201272, 263.797717149448], "shapeUOx": [218.27945124576212, 316.1864117471511, 407.99707662894974, 488.13758785062765, 558.7341242692696], "shapeUOy": [111.19616039138127, 84.76129804615894, 113.25472283646586, 171.65948863683542, 237.07448917423739], "shapeLIx": [178.76590340476147, 294.1264091266141, 379.00130838266705, 487.17646790093795, 512.377389120182], "shapeLIy": [169.03569854871665, 355.60739548394463, 371.440209686417, 312.835783095203, 263.797717149448], "shapeLOx": [199.0634836492947, 294.26220917679456, 420.1228215893216, 497.7720380166088, 537.0693295505057], "shapeLOy": [255.79352004988385, 333.9383412433431, 322.2985977959753, 292.7698517488416, 251.39196568339474], "pplXY": [[328.6957204804934, 85.29837766897414], [441.34480731094465, 216.4921144469438], [323.9823323866621, 382.1473963591513], [215.2711363419427, 213.7172931421184]]}