{"shapeUIx": [168.11172968381916, 253.72441702608575, 344.1241983730639, 422.42905606609236, 500.4825359589639], "shapeUIy": [219.99986114834428, 172.04876975563994, 152.64403761319915, 155.95614763350213, 195.63474989801608], "shapeUOx": [210.53276919031654, 296.52618680255864, 381.71054452487203, 474.77943875093086, 558.8001410846114], "shapeUOy": [157.50362089938363, 112.44825924689856, 110.83814568683754, 132.91305717876273, 169.298665513427], "shapeLIx": [168.11172968381916, 273.0492889065828, 393.5232296499876, 465.8342269777412, 500.4825359589639], "shapeLIy": [219.99986114834428, 337.4555219390311, 341.28986595328126, 277.72763541742756, 195.63474989801608], "shapeLOx": [185.3958989390946, 292.4681322040532, 431.2376675649216, 503.0000937007229, 547.6663909672342], "shapeLOy": [254.8229996136331, 323.66628701580237, 296.73312552069336, 243.02891879537793, 171.49335302224262], "pplXY": [[325.15569817990837, 95.7886072314586], [427.52308962248725, 218.2088201256628], [325.3882382484159, 351.4926220839404], [225.26373949922066, 222.70829334076902]]}