{"shapeUIx": [165.6427385341226, 254.61477037858066, 354.8718621334258, 461.44096056271854, 524.4065777996826], "shapeUIy": [170.26907609719112, 124.518781926877, 117.38967407091233, 164.76167124078745, 237.72591163666874], "shapeUOx": [188.5533354667821, 302.1164962806673, 398.8007546339898, 507.94242895606556, 577.2488992269683], "shapeUOy": [141.03091176140953, 72.91246014574702, 84.73499672953783, 148.07201198832604, 218.9976877364016], "shapeLIx": [165.6427385341226, 274.36726912773594, 360.42621370761344, 508.0240907624731, 524.4065777996826], "shapeLIy": [170.26907609719115, 371.323278033032, 402.842921906377, 313.4433592379392, 237.72591163666874], "shapeLOx": [204.53280778583257, 312.7206789167298, 455.640607635676, 527.1749380968984, 546.8343605295543], "shapeLOy": [300.4615284582054, 364.9318851729464, 334.806896895773, 288.31511616953014, 236.4180354537462], "pplXY": [[327.0381300893003, 82.62512936712096], [440.4502413215261, 215.59356893856534], [319.6726594297376, 398.24943065715894], [207.69387499287728, 212.3725512328329]]}