{"shapeUIx": [190.0218538649288, 292.86199936666355, 385.9636205064759, 477.2745434683291, 502.14077478735305], "shapeUIy": [162.96055050845015, 121.81898872621181, 140.33007468589344, 214.17046425924158, 282.21278209240387], "shapeUOx": [197.20254348087357, 320.23765797654374, 422.05600274079933, 492.63077583408096, 525.619349586351], "shapeUOy": [152.61433904304877, 88.53275418035744, 128.38973588014076, 192.0410948750385, 260.1358583881348], "shapeLIx": [190.0218538649288, 278.5194199366194, 348.5246414746503, 476.10753549339813, 502.14077478735305], "shapeLIy": [162.96055050845015, 343.04990320527577, 378.75920137299573, 323.05858091837956, 282.21278209240387], "shapeLOx": [203.2712244025668, 271.9742581025101, 408.59334881990605, 481.3213044841453, 516.6959584734589], "shapeLOy": [248.6317280591217, 333.61621749854714, 337.021553502388, 312.04578528415357, 268.2923639589232], "pplXY": [[326.77151035853103, 108.85680484703046], [429.56139750850735, 221.90362254345968], [321.42304668882184, 382.99190201784893], [221.23029775209793, 214.66688078040266]]}