{"shapeUIx": [164.09513102940195, 276.76512836848883, 389.5607944626728, 499.14438679779386, 546.2742524824207], "shapeUIy": [174.04275202063099, 130.84287452155974, 138.06787829233025, 194.97558525396474, 259.44867285425244], "shapeUOx": [177.72388027967023, 278.51256378770364, 399.209525919562, 513.9601974702537, 580.8128570919123], "shapeUOy": [155.8618211224742, 99.6979418597711, 103.16744456255029, 164.64192860838673, 247.3647059681726], "shapeLIx": [164.09513102940195, 267.1549100615322, 359.81128175858674, 501.5614731176644, 546.2742524824207], "shapeLIy": [174.04275202063099, 350.86456240723567, 377.8562776120385, 322.20438491489784, 259.44867285425244], "shapeLOx": [187.35328328498687, 263.6554192806435, 379.9523606660316, 505.71993678255996, 552.892105293156], "shapeLOy": [262.00163974660825, 341.68003313857076, 354.51807432586077, 314.8739491218514, 258.87175059947305], "pplXY": [[330.073780207474, 94.6471101891904], [446.72916105127285, 219.7308313009794], [324.81064283239664, 391.4282555767777], [212.79583550150164, 216.88825143847845]]}