{"shapeUIx": [158.0980312752454, 252.12050934917966, 362.22417161684996, 458.00857854292406, 508.3309487077534], "shapeUIy": [198.2661018450824, 129.54436024482212, 109.46741462589023, 156.99046286819777, 229.37876653503545], "shapeUOx": [178.7387740736015, 285.09324055502384, 403.3477209587181, 515.9332675600442, 554.2111718936192], "shapeUOy": [161.10973053915225, 78.31254919255454, 83.77339025906444, 141.44263526367246, 208.97245844364107], "shapeLIx": [158.0980312752454, 273.782103534026, 390.65252848759366, 476.60158801828436, 508.3309487077534], "shapeLIy": [198.2661018450824, 377.10784058911304, 382.6034890989011, 311.50771786659715, 229.37876653503545], "shapeLOx": [183.09913059595098, 313.824999193302, 461.494842829523, 508.9434612322273, 543.9927031208864], "shapeLOy": [248.89740669376997, 367.36118327575275, 324.49309609131876, 271.1691180940323, 206.9664487719108], "pplXY": [[320.9513455645434, 73.404838817095], [444.7565120052669, 219.13738890647954], [319.1885468219119, 396.38617339311196], [200.89161552374622, 220.75915432231872]]}