{"shapeUIx": [164.09513050913728, 276.76512912038186, 389.5607953738642, 499.1443878328902, 546.2742525276302], "shapeUIy": [174.04275184259433, 130.84287470742652, 138.0678800767709, 194.97558933598776, 259.448677073112], "shapeUOx": [177.72387916290558, 278.5125634513708, 399.20952757760153, 513.9601979335403, 580.8128549745817], "shapeUOy": [155.86182174754822, 99.69794249242575, 103.167446783064, 164.64193199434547, 247.36471031195023], "shapeLIx": [164.09513050913728, 267.15491097926275, 359.8112817096734, 501.56147224713715, 546.2742525276303], "shapeLIy": [174.04275184259436, 350.8645635164786, 377.8562780373275, 322.2043871736566, 259.448677073112], "shapeLOx": [187.35328024082682, 263.65541058222936, 379.9523530158341, 505.719932526168, 552.8921036333434], "shapeLOy": [262.0016385307422, 341.6800324565087, 354.51807795782736, 314.8739541677702, 258.8717551109479], "pplXY": [[330.0737800449673, 94.64711361942163], [446.7291606608952, 219.73083292966083], [324.81064320149454, 391.42825699229576], [212.7958357099012, 216.88825323961424]]}