{"shapeUIx": [157.9614200863448, 252.1513270861342, 361.78202325068133, 457.82819827434315, 508.3562412765911], "shapeUIy": [196.80384024592786, 128.3658993601559, 108.50540602423617, 156.2517603735244, 229.0942672988505], "shapeUOx": [180.0930044167671, 286.7653340637048, 405.2602309338633, 516.6388693597025, 554.8436411159381], "shapeUOy": [157.59340658108854, 76.06161441277553, 82.64199208185275, 140.68833179086943, 207.5223182656594], "shapeLIx": [157.9614200863448, 275.0618479027187, 390.6885178516798, 476.9410095154849, 508.3562412765911], "shapeLIy": [196.80384024592786, 377.8639919344218, 383.0289897993342, 311.3276965219279, 229.09426729885044], "shapeLOx": [182.46878239010044, 313.5796421053215, 462.454412192578, 509.55846074252474, 544.4910773770737], "shapeLOy": [248.49662632379764, 367.30484723959563, 324.0355304334668, 270.25865648044123, 205.86424619743715], "pplXY": [[321.12384906728295, 71.63899690659916], [445.24098798768694, 218.6348473553016], [319.20692012381056, 397.2027847172059], [200.59098196842288, 220.3380407236744]]}