{"shapeUIx": [168.11172935019243, 253.72441750726406, 344.1241989608757, 422.4290567333261, 500.48253598846776], "shapeUIy": [219.9998610438016, 172.0487698815802, 152.64403876331852, 155.95615026000002, 195.63475261205272], "shapeUOx": [210.53276846030516, 296.5261865712065, 381.71054557356376, 474.77943904500125, 558.8001397207652], "shapeUOy": [157.50362132758863, 112.44825966857721, 110.83814711896908, 132.91305935938962, 169.29866831731434], "shapeLIx": [168.11172935019243, 273.04928948681965, 393.5232296182526, 465.83422641758, 500.48253598846776], "shapeLIy": [219.9998610438016, 337.45552264889704, 341.28986622653076, 277.72763687165525, 195.63475261205272], "shapeLOx": [185.39589699014218, 292.468126624253, 431.2376626485069, 503.00009096395536, 547.6663898975912], "shapeLOy": [254.82299883684374, 323.666286581844, 296.7331278580913, 243.0289220445994, 171.4933559313838], "pplXY": [[325.15569807404114, 95.78860944526384], [427.5230893691473, 218.20882117522615], [325.38823848466353, 351.4926229896445], [225.26373963385794, 222.70829450014693]]}