{"shapeUIx": [165.6440972638925, 254.6457909542306, 354.81148321811236, 461.3990689108593, 524.403055606259], "shapeUIy": [170.03984492520013, 124.35312621775657, 117.26297509936744, 164.62320006815423, 237.61793868772307], "shapeUOx": [188.83039308398176, 302.44292748409464, 399.1300208484098, 508.0272274297171, 577.3631554961087], "shapeUOy": [140.44376174382379, 72.56250165576307, 84.57128504027853, 147.9211673882018, 218.68887292990289], "shapeLIx": [165.6440972638925, 274.5586042614185, 360.42784270359437, 508.07106443472605, 524.403055606259], "shapeLIy": [170.03984492520013, 371.3813453493034, 402.8595410698437, 313.3645789254483, 237.61793868772307], "shapeLOx": [204.45709794891178, 312.7153526778601, 455.8188006920087, 527.2993214562898, 546.9284237920899], "shapeLOy": [300.3902994194188, 364.8740878909831, 334.67452425758154, 288.09696106259696, 236.16233642178832], "pplXY": [[327.07283708564677, 82.33771210338197], [440.5227440828231, 215.49628394541142], [319.6818126388776, 398.328258441258], [207.66394208560465, 212.28839259334194]]}