{"shapeUIx": [168.11172968381916, 253.72441702608575, 344.1241983730639, 422.42905606609236, 500.4825359589639], "shapeUIy": [219.99986114834428, 172.04876975563994, 152.64403761319915, 155.9561476335021, 195.63474989801603], "shapeUOx": [210.53276919031654, 296.52618680255864, 381.71054452487203, 474.77943875093086, 558.8001410846114], "shapeUOy": [157.50362089938363, 112.44825924689856, 110.83814568683752, 132.9130571787627, 169.29866551342698], "shapeLIx": [168.11172968381916, 273.0492889065828, 393.5232296499876, 465.8342269777412, 500.4825359589639], "shapeLIy": [219.99986114834428, 337.45552193903103, 341.28986595328126, 277.72763541742756, 195.63474989801603], "shapeLOx": [185.3958989390946, 292.46813220405323, 431.2376675649216, 503.000093700723, 547.6663909672343], "shapeLOy": [254.82299961363316, 323.6662870158024, 296.73312552069336, 243.02891879537788, 171.49335302224253], "pplXY": [[325.15569817990837, 95.78860723145858], [427.52308962248725, 218.2088201256628], [325.3882382484159, 351.4926220839404], [225.26373949922066, 222.70829334076902]]}