{"shapeUIx": [164.0951325597884, 276.76512615556834, 389.56079178656864, 499.1443837571761, 546.2742523500524], "shapeUIy": [174.04275255593825, 130.84287398295942, 138.06787305031784, 194.9755732571296, 259.4486604546521], "shapeUOx": [177.72388354797582, 278.5125647581522, 399.2095210248119, 513.9601961038323, 580.81286331283], "shapeUOy": [155.8618193167715, 99.69794001804392, 103.16743804066645, 164.6419186596531, 247.36469321286458], "shapeLIx": [164.0951325597884, 267.1549073520086, 359.81128190202395, 501.56147567604893, 546.2742523500524], "shapeLIy": [174.04275255593825, 350.8645591425875, 377.8562763616625, 322.2043782775862, 259.4486604546521], "shapeLOx": [187.35329224335447, 263.655444865307, 379.9523831567053, 505.7199492941737, 552.89211016924], "shapeLOy": [262.0016433266424, 341.6800351490197, 354.5180636522954, 314.87393429522353, 258.871737348121], "pplXY": [[330.0737806834983, 94.64710011599911], [446.7291621959679, 219.7308265163299], [324.81064174614284, 391.42825141052316], [212.7958348896861, 216.88824614561207]]}