{"shapeUIx": [151.78761398551188, 222.5522117466703, 327.7490501276783, 407.7846214476061, 492.0536904004888], "shapeUIy": [252.2404382055779, 181.21228180315555, 137.46896056357514, 137.30999032714033, 186.2715586675077], "shapeUOx": [158.9208131006248, 241.19105091051165, 332.260585178611, 477.5000303318555, 548.021574121525], "shapeUOy": [225.46498904619352, 133.837064811217, 100.44626286437499, 127.24385517850403, 173.28850767104382], "shapeLIx": [151.78761398551185, 256.0930132164839, 396.46948795774495, 461.19125428978714, 492.0536904004888], "shapeLIy": [252.24043820557796, 356.92131520231015, 357.460262552145, 281.37960356371025, 186.2715586675077], "shapeLOx": [183.30741464209274, 318.6478330072088, 467.17057729440864, 505.57762935273587, 541.47166062788], "shapeLOy": [272.1528481310705, 354.87739553905186, 304.2427190782114, 246.68633935100553, 169.11429185789729], "pplXY": [[317.83054622091583, 104.40847907587548], [417.21222585590465, 224.03076933176004], [318.4007140776404, 354.6202718830451], [220.2401728368245, 229.32633584471017]]}