{"shapeUIx": [190.02245729409597, 292.86111930251263, 385.96258935718157, 477.27336827094484, 502.14072641567225], "shapeUIy": [162.96082956482186, 121.81882379563008, 140.32804760556405, 214.1657932571299, 282.2079504379817], "shapeUOx": [197.20373516207212, 320.23793041673605, 422.05396953093197, 492.6302157024617, 525.6217613217107], "shapeUOy": [152.6138191146108, 88.5321399126299, 128.3872203256397, 192.03723515212766, 260.13095485109716], "shapeLIx": [190.02245729409597, 278.51829274771245, 348.524695523225, 476.1085312537978, 502.14072641567225], "shapeLIy": [162.96082956482186, 343.0486050628924, 378.758711653324, 323.05600276963906, 282.2079504379817], "shapeLOx": [203.27478016869725, 271.98433765631376, 408.60214621134656, 481.3261890460732, 516.6978453916465], "shapeLOy": [248.6331608543488, 333.6170345873, 337.01740156063795, 312.0400304824583, 268.28724863475406], "pplXY": [[326.77168650707483, 108.85293027896401], [429.56182794054985, 221.90177122942518], [321.42261511949414, 382.9902442336796], [221.23006345730232, 214.66482363767688]]}