{"shapeUIx": [159.83831013090497, 266.6111857193419, 376.82802965506596, 469.7869118891931, 528.740600442794], "shapeUIy": [187.0481543959357, 125.3527038235658, 121.14318944510237, 164.35508761530772, 230.51949995382068], "shapeUOx": [163.0640454443798, 244.21366558896185, 366.2922484304345, 488.4497074383212, 550.3851204782493], "shapeUOy": [157.93833061139244, 93.29697879553268, 85.08343376971854, 137.00034181616124, 223.7196770834637], "shapeLIx": [159.83831013090497, 271.78787976966703, 380.034445394086, 466.1190202007764, 528.7406004427938], "shapeLIy": [187.0481543959357, 352.58023092258753, 362.12918437657027, 308.9978079766146, 230.51949995382066], "shapeLOx": [166.54370709721522, 250.92606618371684, 359.396741319467, 474.495925021117, 548.748392787637], "shapeLOy": [228.30679391624744, 338.13153953480867, 346.62716235206597, 294.66905278875475, 218.2933717969632], "pplXY": [[323.5498800085095, 86.60169199575121], [432.37762715294787, 226.37812331041602], [322.34951125844964, 381.45090097012815], [222.04093408916074, 226.8840618649712]]}