{"shapeUIx": [164.1030658213002, 276.75326473811646, 389.54792536354313, 499.1295715895318, 546.2736847610998], "shapeUIy": [174.04863148203452, 130.84225483732732, 138.04246932341184, 194.91592219029226, 259.3868202620577], "shapeUOx": [177.73651505083635, 278.5126623559223, 399.1794354565354, 513.9520953220918, 580.8432778424722], "shapeUOy": [155.86107725404446, 99.69342689671824, 103.13611297496043, 164.59308711298834, 247.30405967908928], "shapeLIx": [164.1030658213002, 267.1382104667372, 359.81193935037265, 501.57413927149884, 546.2736847610998], "shapeLIy": [174.04863148203452, 350.84712333380946, 377.849908369725, 322.17163240321645, 259.3868202620577], "shapeLOx": [187.40083800454377, 263.78791365077615, 380.0660336996463, 505.7827137786033, 552.9158053838124], "shapeLOy": [262.021184776757, 341.69155175194294, 354.46514407954885, 314.80101178372144, 258.80780033513037], "pplXY": [[330.0757243764141, 94.59918529698962], [446.73413688460175, 219.7075678121949], [324.80485153789544, 391.4059046077563], [212.7929783688525, 216.86211116185717]]}