{"shapeUIx": [161.6124195668029, 247.0313691919909, 353.1545494674216, 443.4592455141925, 503.59220232233054], "shapeUIy": [223.8845000150277, 159.53877957807768, 132.07945162194025, 158.49152301387733, 214.07087029805194], "shapeUOx": [179.05257823508992, 277.53968304230415, 381.30844801547426, 502.3739532871955, 555.9743629450734], "shapeUOy": [191.9582790611629, 110.2007991762827, 100.62865964098398, 141.17691965010334, 193.15341314543053], "shapeLIx": [161.6124195668029, 263.29123990962654, 391.71676628156365, 473.8623060431698, 503.59220232233054], "shapeLIy": [223.8845000150277, 358.08854058902347, 365.1516959991237, 295.7741566594321, 214.07087029805194], "shapeLOx": [188.34945421462868, 313.31350295480166, 461.0889978244164, 509.5226155738719, 543.2483297909638], "shapeLOy": [255.54888599132573, 354.9922548182468, 312.996277841547, 259.8842152384659, 191.8708081640769], "pplXY": [[322.6488224375229, 89.91674941380563], [435.8990465638195, 219.66669173033702], [321.5814580982005, 373.9078877996631], [211.54360674868593, 222.59181658137467]]}