{"shapeUIx": [158.791682189528, 240.51307104705955, 344.679765493528, 436.9783025229278, 502.49507642478056], "shapeUIy": [218.00405968877968, 150.09827360169996, 116.68128952781947, 140.41261339300914, 202.29326023878258], "shapeUOx": [183.34304635277627, 282.0185057450279, 384.1195137417947, 508.0177153912422, 562.405104013849], "shapeUOy": [173.52716409745986, 92.5282259487827, 83.23287762930707, 126.61986126305524, 174.91254695272005], "shapeLIx": [158.791682189528, 269.67781549045344, 394.5423935380479, 477.6588115365862, 502.49507642478056], "shapeLIy": [218.00405968877968, 368.50328996627735, 373.02794739115046, 292.14506448912095, 202.29326023878258], "shapeLOx": [187.97115537339698, 330.6012089165007, 487.1529838996386, 521.7364603586789, 549.0506700196486], "shapeLOy": [256.92124332628066, 363.7235870831209, 306.2583560758555, 245.41055149071153, 174.76191146306854], "pplXY": [[322.78110928887793, 69.58517873956822], [439.7442418006793, 214.4918746971859], [320.02226745988395, 380.92776364396974], [207.06765887240772, 218.17870984508008]]}