{"shapeUIx": [164.09513054264625, 276.7651290719713, 389.56079531511614, 499.14438776616225, 546.2742525247096], "shapeUIy": [174.04275185389483, 130.8428746953386, 138.06787996173887, 194.97558907292182, 259.44867680123633], "shapeUOx": [177.7238792350734, 278.51256347330417, 399.2095274710628, 513.9601979037533, 580.8128551110588], "shapeUOy": [155.86182170681562, 99.69794245140179, 103.16744663990448, 164.64193177610284, 247.36471003186043], "shapeLIx": [164.09513054264625, 267.15491092029697, 359.8112817128302, 501.56147230323893, 546.2742525247096], "shapeLIy": [174.04275185389483, 350.86456344506007, 377.85627800992654, 322.20438702807576, 259.44867680123633], "shapeLOx": [187.3532804368391, 263.65541114250425, 379.95235350874805, 505.7199328004379, 552.8921037403388], "shapeLOy": [262.00163860900295, 341.6800325003794, 354.5180777237571, 314.8739538425424, 258.87175482009667], "pplXY": [[330.07378005546263, 94.64711339824477], [446.7291606860905, 219.73083282467246], [324.8106431777295, 391.4282569011606], [212.79583569646147, 216.88825312353188]]}