{"shapeUIx": [157.97556424289246, 252.1288945574341, 361.8865834552535, 457.90195079006116, 508.3635974031298], "shapeUIy": [197.12851747284407, 128.60849414125454, 108.7036327449941, 156.4660489214568, 229.25154629189382], "shapeUOx": [179.71230013820576, 286.3168416945375, 404.80077320986146, 516.5094742550609, 554.6779726221156], "shapeUOy": [158.4381798182808, 76.5743334708449, 82.89454258082823, 140.9124647323107, 207.96982285942718], "shapeLIx": [157.97556424289246, 274.7791459549761, 390.6786778992135, 476.87248498940136, 508.3635974031298], "shapeLIy": [197.12851747284407, 377.753419677756, 382.98900417911926, 311.435293793681, 229.25154629189382], "shapeLOx": [182.59200407477596, 313.5841097221826, 462.18002149706206, 509.37634907750237, 544.3541535783253], "shapeLOy": [248.59165704315586, 367.36890350770557, 324.2193183520934, 270.56958331794374, 206.2341256263739], "pplXY": [[321.0776098374179, 72.06221601483101], [445.136886380791, 218.77352942758233], [319.1975082932214, 397.0756903221406], [200.64209621283462, 220.4556181758153]]}