{"shapeUIx": [165.64409723793796, 254.6457909915833, 354.81148326412784, 461.39906896305064, 524.4030556085963], "shapeUIy": [170.039844917856, 124.35312622810724, 117.26297518931817, 164.6232002732076, 237.61793889956934], "shapeUOx": [188.8303930260538, 302.4429274648121, 399.1300209288007, 508.02722745234695, 577.36315538951], "shapeUOy": [140.4437617793787, 72.56250168987705, 84.57128515236298, 147.92116755860872, 218.68887314953773], "shapeLIx": [165.64409723793796, 274.5586043058803, 360.4278427010953, 508.0710643909906, 524.4030556085963], "shapeLIy": [170.039844917856, 371.38134540440853, 402.8595410911444, 313.3645790390527, 237.61793889956934], "shapeLOx": [204.4570977975515, 312.7153522436296, 455.8188003086654, 527.2993212427847, 546.9284237084455], "shapeLOy": [300.3902993592261, 364.8740878575038, 334.6745244401038, 288.09696131647314, 236.16233664942416], "pplXY": [[327.072837077275, 82.33771227676239], [440.52274406286836, 215.49628402748422], [319.68181265722035, 398.3282585115521], [207.66394209616055, 212.2883926838944]]}