{"shapeUIx": [152.31241181049057, 224.93875497104892, 329.74109119406, 410.2545932545992, 492.5309716688832], "shapeUIy": [250.01502527459883, 180.2506426239765, 139.2481565659163, 142.27897743252666, 191.3560231373035], "shapeUOx": [159.9435956492054, 243.59632888495634, 336.74970433515523, 478.50868718799074, 546.5336481452421], "shapeUOy": [222.98968400872428, 132.98604397564387, 102.81544317255896, 131.0084261233089, 177.77749143892837], "shapeLIx": [152.31241181049054, 257.67762402385057, 395.8106133394928, 460.87390131734963, 492.5309716688832], "shapeLIy": [250.01502527459888, 357.1550289306073, 357.6007839574355, 283.69094280856194, 191.3560231373035], "shapeLOx": [181.07209135494233, 310.13920088374414, 459.3636731830344, 501.77223755882306, 540.0903272610047], "shapeLOy": [270.1560550007118, 353.2473272687837, 307.3842690674911, 251.40738396600668, 174.0494686038245], "pplXY": [[318.08553966749776, 106.78803984414056], [417.54958688796586, 225.12886589263752], [318.97758116685725, 356.29721787914707], [220.47834948084264, 230.4072422558971]]}