{"shapeUIx": [158.7916821898249, 240.51307104663073, 344.6797654930072, 436.97830252233626, 502.49507642475464], "shapeUIy": [218.00405968887898, 150.0982736015923, 116.68128952679976, 140.41261339067756, 202.293260236373], "shapeUOx": [183.3430463534168, 282.0185057452235, 384.1195137408519, 508.01771539097854, 562.4051040150587], "shapeUOy": [173.52716409709672, 92.52822594841791, 83.23287762803793, 126.61986126112079, 174.9125469502369], "shapeLIx": [158.7916821898249, 269.6778154899317, 394.5423935380759, 477.6588115370834, 502.49507642475464], "shapeLIy": [218.00405968887898, 368.5032899656447, 373.0279473909077, 292.1450644878306, 202.293260236373], "shapeLOx": [187.97115537513346, 330.60120892146506, 487.15298390400693, 521.7364603611095, 549.0506700205972], "shapeLOy": [256.9212433269738, 363.72358708350936, 306.2583560737809, 245.41055148782888, 174.76191146049024], "pplXY": [[322.7811092889711, 69.58517873760738], [439.7442418009027, 214.49187469625525], [320.0222674596734, 380.9277636431624], [207.06765887228852, 218.1787098440512]]}