{"shapeUIx": [159.79198549525643, 266.6803565863925, 376.89554830811664, 469.8667773444628, 528.7453450525306], "shapeUIy": [186.99597042265447, 125.34217170932251, 121.27516673455693, 164.67595542713622, 230.85284791069427], "shapeUOx": [163.0169737722769, 244.2412483886432, 366.4917719466939, 488.5036452457465, 550.2261886941232], "shapeUOy": [157.89035804950575, 93.29108474856388, 85.24355912104761, 137.25785058800128, 224.02785088798592], "shapeLIx": [159.79198549525643, 271.8977328986391, 380.03102323222663, 466.05180529583265, 528.7453450525306], "shapeLIy": [186.99597042265444, 352.68250128346153, 362.16492947909177, 309.1729620479844, 230.85284791069427], "shapeLOx": [166.26575358946184, 250.17321694330082, 358.7678151736429, 474.1534962627749, 548.6255883720254], "shapeLOy": [228.19061372240913, 338.06016307660394, 346.9139368650285, 295.0580641831821, 218.62454793427182], "pplXY": [[323.5422171195032, 86.84645136727217], [432.35582407125, 226.5006928786021], [322.3835296712235, 381.5832212210681], [222.05504493024077, 227.024725092607]]}