{"shapeUIx": [159.79198371762365, 266.68035915647425, 376.89555141781045, 469.8667808775479, 528.7453452064682], "shapeUIy": [186.99596980429632, 125.34217233734375, 121.27517282552745, 164.67596936529262, 230.852862316609], "shapeUOx": [163.01696997100953, 244.2412472558245, 366.49177762704005, 488.50364683184773, 550.2261814660088], "shapeUOy": [157.89036015668597, 93.29108689352971, 85.24356669950627, 137.25786214734487, 224.02786571054813], "shapeLIx": [159.79198371762365, 271.8977360429566, 380.0310230654851, 466.05180232343776, 528.7453452064682], "shapeLIy": [186.9959698042963, 352.68250507501864, 362.1649309316616, 309.1729697596535, 230.852862316609], "shapeLOx": [166.26574318493007, 250.17318722460345, 358.76778904565697, 474.1534817272227, 548.6255827063017], "shapeLOy": [228.19060956503017, 338.0601607425725, 346.9139492659585, 295.0580814099485, 218.62456333220302], "pplXY": [[323.5422165659832, 86.8464630728904], [432.3558227405505, 226.50069843808006], [322.3835309328122, 381.5832260596912], [222.05504564125536, 227.02473124213253]]}