{"shapeUIx": [178.76590340478333, 271.2745102701748, 358.4166274268514, 454.7056121500701, 512.37738912018], "shapeUIy": [169.03569854872399, 137.66228386054235, 143.2106245740876, 194.3485429018411, 263.7977171492706], "shapeUOx": [218.27945124580924, 316.1864117471655, 407.99707662888034, 488.13758785060816, 558.7341242693586], "shapeUOy": [111.19616039135458, 84.76129804613213, 113.25472283637248, 171.65948863669306, 237.07448917405463], "shapeLIx": [178.76590340478333, 294.1264091265757, 379.00130838266915, 487.1764679009746, 512.37738912018], "shapeLIy": [169.03569854872399, 355.6073954838981, 371.44020968639916, 312.835783095108, 263.7977171492706], "shapeLOx": [199.06348364942252, 294.26220917715995, 420.12282158964297, 497.7720380167877, 537.0693295505755], "shapeLOy": [255.7935200499349, 333.93834124337167, 322.2985977958227, 292.7698517486294, 251.391965683205], "pplXY": [[328.6957204805002, 85.29837766882984], [441.3448073109611, 216.4921144468753], [323.9823323866466, 382.1473963590919], [215.27113634193392, 213.71729314204268]]}