{"shapeUIx": [157.964091269729, 252.15192559922198, 361.7593163346197, 457.80621146650253, 508.35348389362326], "shapeUIy": [196.75463623237303, 128.32912529118556, 108.46513008699787, 156.18679114533225, 229.0319545833052], "shapeUOx": [180.16797291432005, 286.84563167658933, 405.3251977434283, 516.6529436457301, 554.885246367877], "shapeUOy": [157.45091821509934, 75.97622339520913, 82.58827373777618, 140.6251634065329, 207.4103441584346], "shapeLIx": [157.964091269729, 275.0999207914567, 390.690554993629, 476.95607070222303, 508.35348389362326], "shapeLIy": [196.75463623237303, 377.8678132531365, 383.02634213006377, 311.2888856540112, 229.0319545833052], "shapeLOx": [182.46943164435228, 313.63636332103073, 462.54986924089746, 509.6177425633834, 544.5257868730315], "shapeLOy": [248.4884703991358, 367.29309604804826, 323.9755744684952, 270.1665061428159, 205.76326244871265], "pplXY": [[321.1329681440542, 71.54849865857466], [445.25896207637544, 218.60031354244342], [319.2068420838907, 397.20770021652567], [200.58382907768683, 220.3062331457292]]}