{"shapeUIx": [164.09516241983724, 276.76508289250427, 389.5607398742107, 499.14432472952046, 546.2742498117046], "shapeUIy": [174.04276383465498, 130.84286405890415, 138.06777127454419, 194.97533994525205, 259.44841926582023], "shapeUOx": [177.72394611643008, 278.5125823354466, 399.2094242601321, 513.9601691812519, 580.8129841665175], "shapeUOy": [155.86178645504964, 99.69790546710838, 103.16731149802176, 164.64172535194223, 247.36444592756797], "shapeLIx": [164.09516241983724, 267.1548537684819, 359.81128466891647, 501.56152542751227, 546.2742498117046], "shapeLIy": [174.04276383465498, 350.86449531838434, 377.8562520103177, 322.204249272237, 259.44841926582023], "shapeLOx": [187.3534673085413, 263.65594390493163, 379.9528210659363, 505.7201927837905, 552.8922048535752], "shapeLOy": [262.00171343023607, 341.6800746725291, 354.5178561169409, 314.8736461690699, 258.8714801863333], "pplXY": [[330.07378982789976, 94.646904795074], [446.7291842704311, 219.73073360611306], [324.81062051336494, 391.42816994542744], [212.7958230386816, 216.88814325230834]]}