{"shapeUIx": [160.7927046821722, 265.2439753214216, 375.58859076898545, 467.7313630148519, 527.7413081005807], "shapeUIy": [189.6027470429418, 127.34701845102032, 120.66028219657797, 160.5699020255463, 226.12237321796383], "shapeUOx": [163.37012458668465, 243.13777768439581, 361.6276239339256, 486.4438760096631, 551.7817473373344], "shapeUOy": [161.6899537677683, 95.88038972646515, 84.60907737775408, 134.56130978047207, 220.55810476571042], "shapeLIx": [160.7927046821722, 269.29124751479077, 380.4465928536612, 466.4899492235012, 527.7413081005807], "shapeLIy": [189.60274704294176, 350.32489766629, 360.8311487564291, 306.3921422794745, 226.12237321796383], "shapeLOx": [171.77747007465715, 264.0560391179844, 369.7588259801104, 479.35586992466096, 549.7127430348615], "shapeLOy": [230.55201272605237, 339.0100853085333, 341.7059290447584, 289.20729918640325, 214.5681397887422], "pplXY": [[323.40406933654424, 84.7689153273725], [432.1058824244777, 224.85441541161953], [321.72072280956456, 378.1174677899122], [222.00298245904105, 224.9842731058809]]}