{"shapeUIx": [190.02280909564712, 292.86060300944956, 385.96199686667313, 477.27269161451323, 502.14069976565315], "shapeUIy": [162.9610180362099, 121.8187454847035, 140.32688011494287, 214.16309057520547, 282.2051531728572], "shapeUOx": [197.20439375480515, 320.23804779430327, 422.052744737097, 492.62988101082453, 525.6231528571316], "shapeUOy": [152.61358802062537, 88.5318236335971, 128.38577381912376, 192.0350070276801, 260.12814130405843], "shapeLIx": [190.02280909564712, 278.5176130439605, 348.5247261505766, 476.1091072063392, 502.14069976565315], "shapeLIy": [162.9610180362099, 343.04784371247524, 378.75842713041055, 323.05451332671987, 282.2051531728572], "shapeLOx": [203.27686284905158, 271.9902136631026, 408.60725109969405, 481.3290200293739, 516.6989328428606], "shapeLOy": [248.63400464965875, 333.6175203103943, 337.0150009496045, 312.0367076885737, 268.2843054363925], "pplXY": [[326.7717849218174, 108.85070672559243], [429.5620711355148, 221.90070458571404], [321.422362184633, 382.9892715323458], [221.2299294281241, 214.66363495103982]]}