{"shapeUIx": [168.11172968376255, 253.72441702616757, 344.12419837316327, 422.42905606620525, 500.48253595896887], "shapeUIy": [219.99986114832535, 172.0487697556605, 152.6440376133937, 155.95614763394693, 195.63474989847572], "shapeUOx": [210.5327691901943, 296.5261868025213, 381.7105445250519, 474.77943875098117, 558.8001410843806], "shapeUOy": [157.50362089945295, 112.44825924696818, 110.83814568707962, 132.91305717913175, 169.29866551390072], "shapeLIx": [168.11172968376255, 273.0492889066823, 393.5232296499823, 465.8342269776464, 500.48253595896887], "shapeLIy": [219.99986114832535, 337.45552193915177, 341.28986595332753, 277.7276354176737, 195.63474989847572], "shapeLOx": [185.39589893876337, 292.46813220310617, 431.2376675640883, 503.0000937002593, 547.6663909670533], "shapeLOy": [254.8229996135009, 323.6662870157283, 296.73312552108916, 243.02891879592784, 171.49335302273445], "pplXY": [[325.1556981798906, 95.78860723183267], [427.5230896224447, 218.20882012584033], [325.3882382484561, 351.4926220840944], [225.2637394992434, 222.7082933409653]]}