{"shapeUIx": [151.7876139855118, 222.5522117466704, 327.74905012767834, 407.7846214476062, 492.0536904004888], "shapeUIy": [252.2404382055779, 181.21228180315558, 137.46896056357537, 137.3099903271408, 186.27155866750817], "shapeUOx": [158.92081310062468, 241.1910509105116, 332.2605851786112, 477.5000303318555, 548.0215741215248], "shapeUOy": [225.46498904619358, 133.8370648112171, 100.44626286437526, 127.24385517850442, 173.28850767104433], "shapeLIx": [151.7876139855118, 256.09301321648394, 396.46948795774495, 461.191254289787, 492.0536904004888], "shapeLIy": [252.2404382055779, 356.9213152023102, 357.4602625521451, 281.3796035637105, 186.27155866750817], "shapeLOx": [183.3074146420924, 318.64783300720785, 467.17057729440785, 505.5776293527354, 541.4716606278799], "shapeLOy": [272.1528481310704, 354.87739553905175, 304.2427190782118, 246.6863393510061, 169.11429185789783], "pplXY": [[317.83054622091583, 104.40847907587586], [417.21222585590465, 224.0307693317602], [318.40071407764043, 354.62027188304523], [220.2401728368245, 229.3263358447104]]}