{"shapeUIx": [178.76792445817608, 271.27143539441147, 358.41354350009794, 454.7020389565575, 512.3772905172691], "shapeUIy": [169.03770830667844, 137.662478215902, 143.20444584108733, 194.33378769352242, 263.7823883244933], "shapeUOx": [218.28192436371356, 316.18559024386707, 407.9886283129964, 488.1353732932137, 558.7415784180035], "shapeUOy": [111.19743594126666, 84.76099571722582, 113.24715435953354, 171.64751306514614, 237.0599931459235], "shapeLIx": [178.76792445817608, 294.121697316819, 379.0014512623619, 487.179605977352, 512.3772905172691], "shapeLIy": [169.03770830667844, 355.6028646743838, 371.43861437200724, 312.827735069082, 263.7823883244933], "shapeLOx": [199.07578233822298, 294.29590218301576, 420.15123612320514, 497.7876700670673, 537.0751076792023], "shapeLOy": [255.79866452694947, 333.9414653311927, 322.28555047092544, 292.7519626040104, 251.37650320720041], "pplXY": [[328.69613043147865, 85.28690077051456], [441.34592266482457, 216.48645440844825], [323.9808333453516, 382.1415933291008], [215.27046011004987, 213.71085829237927]]}