{"shapeUIx": [190.02565046831018, 292.85638221012425, 385.9573098729885, 477.2673204332581, 502.1405063774752], "shapeUIy": [162.96286919746302, 121.8183369955153, 140.31761198793768, 214.14147130880048, 282.1827523133012], "shapeUOx": [197.20926884996567, 320.23847646630736, 422.04234209559837, 492.62707272745564, 525.6342353303567], "shapeUOy": [152.61261832549772, 88.52978675500908, 128.37431600347412, 192.01724547451832, 260.1059274289754], "shapeLIx": [190.02565046831018, 278.511829746534, 348.5249643005597, 476.11370962395097, 502.1405063774752], "shapeLIy": [162.96286919746302, 343.0416264116137, 378.75613448720577, 323.04262698924254, 282.1827523133012], "shapeLOx": [203.29382678070212, 272.03774136789315, 408.64824944052424, 481.35171797804924, 516.707578770403], "shapeLOy": [248.64093915413505, 333.62156556718986, 336.99582686872816, 312.0102194224554, 268.26096471495856], "pplXY": [[326.77252773136394, 108.83315715479031], [429.56394120116164, 221.892232860686], [321.4202998835056, 382.9813224998182], [221.22887787292947, 214.65415199037898]]}