{"shapeUIx": [151.84090130126106, 223.66461966236187, 328.6728791544977, 408.9161477270074, 492.2091404625677], "shapeUIy": [251.20033094801065, 180.78432293541957, 138.53395715023208, 140.19524682355524, 189.27054720110613], "shapeUOx": [159.18810209690253, 242.22699641360356, 334.6113439336468, 478.0426005092155, 546.9086824427199], "shapeUOy": [224.28558304248364, 133.42995336920507, 101.82730737994913, 129.4852310397888, 175.94185209858335], "shapeLIx": [151.84090130126103, 257.10318635415933, 396.2193229513708, 460.8408430916064, 492.2091404625677], "shapeLIy": [251.20033094801065, 357.38685772912356, 357.65941445282573, 282.8159720815371, 189.27054720110613], "shapeLOx": [181.53989079173405, 312.9848324564459, 462.2295353091025, 503.0185227251084, 540.5335509604151], "shapeLOy": [271.0007924527014, 354.0432093589578, 306.345745394314, 249.7113701063995, 172.0202065560631], "pplXY": [[317.9003185105429, 106.05123909321358], [417.26222678603165, 224.83531657951477], [318.7246583266301, 355.70520815797903], [220.37457509085183, 230.18586254907768]]}