{"shapeUIx": [164.09513050913728, 276.76512912038186, 389.5607953738642, 499.1443878328902, 546.2742525276302], "shapeUIy": [174.04275184259433, 130.84287470742652, 138.06788007677093, 194.97558933598776, 259.448677073112], "shapeUOx": [177.72387916290555, 278.5125634513708, 399.20952757760153, 513.9601979335403, 580.8128549745816], "shapeUOy": [155.86182174754822, 99.69794249242577, 103.16744678306402, 164.6419319943455, 247.36471031195023], "shapeLIx": [164.09513050913728, 267.1549109792628, 359.8112817096734, 501.56147224713715, 546.2742525276303], "shapeLIy": [174.04275184259436, 350.86456351647854, 377.85627803732746, 322.2043871736566, 259.448677073112], "shapeLOx": [187.35328024082682, 263.6554105822293, 379.952353015834, 505.719932526168, 552.8921036333434], "shapeLOy": [262.0016385307421, 341.6800324565087, 354.5180779578274, 314.87395416777025, 258.8717551109479], "pplXY": [[330.0737800449673, 94.64711361942167], [446.7291606608952, 219.73083292966083], [324.8106432014946, 391.4282569922958], [212.7958357099012, 216.88825323961427]]}