{"shapeUIx": [165.6440747501258, 254.64582109002336, 354.8115310013974, 461.3991219652454, 524.4030588046924], "shapeUIy": [170.0398603437072, 124.35315046259468, 117.2630662179416, 164.6233977364032, 237.6181417445842], "shapeUOx": [188.8303115128656, 302.44287532128413, 399.13005762252646, 508.027240221189, 577.3630493916116], "shapeUOy": [140.44385443906876, 72.5625673513317, 84.57140068971064, 147.92133612890606, 218.689104764913], "shapeLIx": [165.6440747501258, 274.55862408224135, 360.42783970934096, 508.0710221802172, 524.4030588046924], "shapeLIy": [170.03986034370723, 371.38138981651247, 402.8595607056051, 313.364690393446, 237.6181417445842], "shapeLOx": [204.45697387905346, 312.71497218863436, 455.81844443098, 527.2991199298851, 546.9283394210267], "shapeLOy": [300.3902538204692, 364.8740666062502, 334.6747013139895, 288.09721147579046, 236.1625700225148], "pplXY": [[327.0728260831246, 82.33789429354168], [440.5227199908867, 215.496366715326], [319.6818275414833, 398.32831479307714], [207.6639534961238, 212.2884809694382]]}