{"shapeUIx": [159.79198371080622, 266.6803591663235, 376.89555142976246, 469.86678089112337, 528.7453452070624], "shapeUIy": [186.9959698019962, 125.34217233980237, 121.27517284893024, 164.67596941881274, 230.8528623719215], "shapeUOx": [163.01696995632832, 244.24124725136375, 366.49177764871695, 488.5036468379082, 550.226181438243], "shapeUOy": [157.89036016497025, 93.29108690187442, 85.24356672863138, 137.2578621917456, 224.02786576753078], "shapeLIx": [159.79198371080622, 271.89773605495407, 380.0310230648429, 466.05180231202405, 528.7453452070624], "shapeLIy": [186.9959698019962, 352.682505089549, 362.1649309372363, 309.17296978927146, 230.8528623719215], "shapeLOx": [166.26574314505083, 250.17318711061506, 358.7677889453742, 474.1534816714229, 548.6255826845339], "shapeLOy": [228.19060954910765, 338.06016073364657, 346.91394931357956, 295.05808147611504, 218.62456339137535], "pplXY": [[323.54221656384806, 86.84646311788761], [432.3558227354248, 226.50069845943955], [322.38353093764727, 381.58322607823294], [222.05504564398956, 227.02473126574915]]}