{"shapeUIx": [157.9640913156208, 252.15192553315418, 361.75931625333595, 457.8062113742982, 508.3534838895022], "shapeUIy": [196.7546362455761, 128.32912527303637, 108.46512992808206, 156.1867907829648, 229.03195420892212], "shapeUOx": [180.16797301643257, 286.8456317103297, 405.3251976009557, 516.6529436056487, 554.8852465562231], "shapeUOy": [157.4509181528509, 75.97622333525115, 82.58827353977807, 140.62516310543703, 207.41034377050036], "shapeLIx": [157.9640913156208, 275.0999207126542, 390.6905549980394, 476.9560707795108, 508.3534838895022], "shapeLIy": [196.7546362455761, 377.86781315566896, 383.0263420924127, 311.2888854532708, 229.03195420892212], "shapeLOx": [182.46943191205287, 313.63636408877875, 462.5498699184699, 509.61774294072984, 544.5257870208093], "shapeLOy": [248.4884705056316, 367.2930961073224, 323.9755741459552, 270.1665056942261, 205.76326204657965], "pplXY": [[321.1329681588194, 71.54849835232929], [445.2589621115909, 218.60031339744188], [319.20684205144784, 397.2077000921889], [200.58382905904483, 220.30623298571686]]}