{"shapeUIx": [158.79168218982187, 240.51307104663516, 344.67976549301255, 436.97830252234235, 502.4950764247549], "shapeUIy": [218.004059688878, 150.0982736015934, 116.68128952681029, 140.41261339070164, 202.29326023639788], "shapeUOx": [183.34304635341022, 282.01850574522143, 384.11951374086163, 508.01771539098127, 562.4051040150462], "shapeUOy": [173.52716409710047, 92.52822594842169, 83.23287762805106, 126.61986126114076, 174.9125469502625], "shapeLIx": [158.79168218982187, 269.6778154899371, 394.5423935380756, 477.65881153707824, 502.4950764247548], "shapeLIy": [218.004059688878, 368.5032899656512, 373.0279473909102, 292.1450644878439, 202.29326023639788], "shapeLOx": [187.97115537511553, 330.60120892141384, 487.15298390396185, 521.7364603610845, 549.0506700205873], "shapeLOy": [256.92124332696665, 363.7235870835053, 306.25835607380225, 245.41055148785858, 174.76191146051684], "pplXY": [[322.78110928897013, 69.58517873762761], [439.74424180090045, 214.49187469626486], [320.0222674596756, 380.92776364317075], [207.06765887228977, 218.1787098440618]]}