{"shapeUIx": [151.78761392638881, 222.5522118320859, 327.74905023133226, 407.78462156533965, 492.053690405642], "shapeUIy": [252.24043818563717, 181.21228182448186, 137.46896076653587, 137.30999079129055, 186.2715591472017], "shapeUOx": [158.92081297329537, 241.19105087181615, 332.26058536659076, 477.5000303844122, 548.0215738807268], "shapeUOy": [225.46498911805566, 133.83706488359587, 100.44626311696307, 127.2438555635681, 173.28850816522862], "shapeLIx": [151.78761392638881, 256.0930133205247, 396.46948795217526, 461.19125419080194, 492.053690405642], "shapeLIy": [252.24043818563717, 356.92131532832093, 357.460262600491, 281.3796038205709, 186.2715591472017], "shapeLOx": [183.3074142962489, 318.6478320186628, 467.1705764247161, 505.5776288688171, 541.471660439099], "shapeLOy": [272.15284799298695, 354.87739546164573, 304.24271949120214, 246.68633992483282, 169.11429237107012], "pplXY": [[317.8305462023984, 104.40847946611566], [417.2122258114511, 224.0307695169998], [318.4007141195715, 354.620272043844], [220.2401728605373, 229.32633604952434]]}