{"shapeUIx": [159.79198398755193, 266.6803587663994, 376.89555094495574, 469.8667803404087, 528.7453451829972], "shapeUIy": [186.99596989638468, 125.34217224071287, 121.27517189953782, 164.67596724716287, 230.85286012749074], "shapeUOx": [163.0169705508256, 244.241247430783, 366.49177676722803, 488.50364659156975, 550.2261825647187], "shapeUOy": [157.89035983157754, 93.291086564822, 85.2435655471999, 137.25786039033892, 224.02786345633314], "shapeLIx": [159.79198398755193, 271.89773556705404, 380.03102309087353, 466.05180277514864, 528.7453451829972], "shapeLIy": [186.99596989638468, 352.6825044995542, 362.1649307109941, 309.1729685875757, 230.85286012749074], "shapeLOx": [166.2657447642351, 250.17319173764363, 358.76779301511016, 474.1534839357747, 548.6255835676144], "shapeLOy": [228.19061019577134, 338.06016109634555, 346.91394738134534, 295.0580787915868, 218.6245609910489], "pplXY": [[323.54221665034487, 86.84646129277417], [432.35582294317766, 226.50069759292256], [322.3835307413266, 381.58322532533896], [222.05504553310237, 227.02473030752336]]}