{"shapeUIx": [157.9640900837275, 252.15192729085706, 361.75931849130393, 457.8062139048716, 508.3534840083559], "shapeUIy": [196.75463604543393, 128.32912586840644, 108.46513428718772, 156.18680065176585, 229.03196439688622], "shapeUOx": [180.1679700531159, 286.84563055343267, 405.32520119222045, 516.6529446331956, 554.8852414030214], "shapeUOy": [157.4509202623823, 75.97622520080374, 82.58827898601194, 140.6251713373568, 207.41035447839113], "shapeLIx": [157.9640900837275, 275.0999226954126, 390.69055487374465, 476.95606867403524, 508.3534840083559], "shapeLIy": [196.75463604543393, 377.8678157487415, 383.026343111523, 311.288890934191, 229.03196439688622], "shapeLOx": [182.4694247766932, 313.63634345074985, 462.54985156005944, 509.6177326946108, 544.5257829696252], "shapeLOy": [248.4884676934501, 367.2930945710712, 323.9755829377549, 270.1665179514256, 205.76327309899943], "pplXY": [[321.1329677359125, 71.54850679924144], [445.25896111814006, 218.60031737225827], [319.20684291524555, 397.20770339746514], [200.58382957545535, 220.30623735106968]]}