{"shapeUIx": [158.79168214456098, 240.5130711120009, 344.6797655724454, 436.97830261255274, 502.49507642871185], "shapeUIy": [218.00405967383796, 150.0982736180775, 116.68128968232043, 140.41261374623267, 202.29326060382337], "shapeUOx": [183.3430462556102, 282.01850571523175, 384.1195138844265, 508.01771543114467, 562.405103830564], "shapeUOy": [173.52716415275415, 92.52822600420441, 83.23287782160833, 126.61986155613991, 174.91254732900933], "shapeLIx": [158.79168214456098, 269.6778155693906, 394.5423935338032, 477.6588114612564, 502.49507642871174], "shapeLIy": [218.00405967383796, 368.5032900620831, 373.0279474279331, 292.1450646846152, 202.29326060382334], "shapeLOx": [187.9711551104333, 330.601208164603, 487.15298323793166, 521.7364599904561, 549.0506698759452], "shapeLOy": [256.9212432213265, 363.7235870243282, 306.25835639015725, 245.41055192745944, 174.7619118537462], "pplXY": [[322.7811092747555, 69.58517903670133], [439.74424176679923, 214.49187483819324], [320.02226749176504, 380.927763766221], [207.0676588904662, 218.17871000095698]]}