{"shapeUIx": [168.11172954997312, 253.7244172192217, 344.1241986085492, 422.4290563334438, 500.4825359707512], "shapeUIy": [219.99986110547889, 172.04876980551697, 152.64403807405057, 155.9561486863641, 195.63475098601737], "shapeUOx": [210.53276889877912, 296.52618671124895, 381.7105449469887, 474.7794388691974, 558.8001405380406], "shapeUOy": [157.50362106854465, 112.44825941453493, 110.83814626059993, 132.9130580527009, 169.2986666365391], "shapeLIx": [168.11172954997312, 273.0492891401594, 393.5232296372914, 465.8342267531977, 500.4825359707512], "shapeLIy": [219.99986110547889, 337.455522223958, 341.28986606285423, 277.7276360002879, 195.63475098601737], "shapeLOx": [185.39589815690098, 292.46812996569633, 431.23766559355, 503.0000926034739, 547.6663905386152], "shapeLOy": [254.82299930171826, 323.66628684137606, 296.73312645762036, 243.02892009762428, 171.49335418780032], "pplXY": [[325.1556981375952, 95.78860811824764], [427.5230895211397, 218.2088205462373], [325.3882383432373, 351.4926224474889], [225.26373955313926, 222.70829380547383]]}