{"shapeUIx": [164.09513053035354, 276.7651290897315, 389.5607953366647, 499.14438779063823, 546.2742525257806], "shapeUIy": [174.04275184974077, 130.84287469976707, 138.06788000393306, 194.97558916941932, 259.44867690096584], "shapeUOx": [177.723879208611, 278.5125634652718, 399.2095275101592, 513.9601979146832, 580.8128550609978], "shapeUOy": [155.86182172173412, 99.69794246643725, 103.1674466924151, 164.64193185615656, 247.36471013459467], "shapeLIx": [164.09513053035354, 267.1549109419358, 359.81128171167245, 501.5614722826598, 546.2742525257806], "shapeLIy": [174.04275184974077, 350.8645634712611, 377.85627801997805, 322.20438708147674, 259.44867690096584], "shapeLOx": [187.35328036492953, 263.6554109369699, 379.95235332793266, 505.71993269982886, 552.8921037010923], "shapeLOy": [262.00163858029055, 341.68003248428244, 354.518077809618, 314.87395396183985, 258.87175492678074], "pplXY": [[330.0737800516139, 94.64711347937067], [446.72916067685026, 219.73083286318274], [324.8106431864481, 391.4282569345952], [212.79583570139093, 216.88825316611263]]}