{"shapeUIx": [168.1117296838177, 253.72441702608785, 344.1241983730664, 422.4290560660953, 500.48253595896404], "shapeUIy": [219.99986114834383, 172.04876975564048, 152.64403761320418, 155.95614763351358, 195.6347498980279], "shapeUOx": [210.53276919031342, 296.5261868025577, 381.7105445248767, 474.7794387509322, 558.8001410846055], "shapeUOy": [157.50362089938542, 112.44825924690035, 110.83814568684377, 132.91305717877225, 169.2986655134392], "shapeLIx": [168.1117296838177, 273.04928890658533, 393.52322964998746, 465.83422697773875, 500.48253595896404], "shapeLIy": [219.99986114834383, 337.45552193903416, 341.2898659532824, 277.7276354174339, 195.6347498980279], "shapeLOx": [185.39589893908607, 292.46813220402885, 431.2376675649001, 503.00009370071103, 547.6663909672295], "shapeLOy": [254.82299961362975, 323.66628701580055, 296.73312552070354, 243.02891879539212, 171.49335302225526], "pplXY": [[325.1556981799079, 95.78860723146822], [427.52308962248617, 218.2088201256674], [325.38823824841694, 351.4926220839444], [225.26373949922126, 222.70829334077408]]}