{"shapeUIx": [178.76590340510114, 271.27451026971573, 358.41662742629404, 454.7056121494371, 512.3773891201524], "shapeUIy": [169.0356985488308, 137.66228386042744, 143.21062457299638, 194.34854289934577, 263.79771714669175], "shapeUOx": [218.27945124649426, 316.18641174737417, 407.99707662787046, 488.1375878503259, 558.7341242706533], "shapeUOy": [111.19616039096714, 84.7612980457424, 113.25472283501438, 171.65948863462282, 237.07448917139746], "shapeLIx": [178.76590340510114, 294.12640912601677, 379.00130838269905, 487.1764679015067, 512.3773891201524], "shapeLIy": [169.0356985488308, 355.6073954832208, 371.44020968613927, 312.83578309372706, 263.79771714669175], "shapeLOx": [199.06348365128142, 294.26220918247384, 420.12282159431845, 497.7720380193893, 537.0693295515905], "shapeLOy": [255.793520050677, 333.93834124378765, 322.2985977936023, 292.7698517455443, 251.39196568044582], "pplXY": [[328.6957204805998, 85.29837766673157], [441.3448073112001, 216.49211444587937], [323.98233238642126, 382.14739635822764], [215.27113634180643, 213.7172931409415]]}