{"shapeUIx": [158.7764116402837, 240.53453127715562, 344.7103546155349, 437.012473733913, 502.4969332761807], "shapeUIy": [218.00833923698298, 150.11053814782056, 116.74004408597912, 140.54235595897165, 202.42672066844096], "shapeUOx": [183.2963342145223, 281.9931241347223, 384.15422122452986, 508.0283455770743, 562.3363491649544], "shapeUOy": [173.57290441904053, 92.56293294209736, 83.3069023225922, 126.72941704367376, 175.05940401223242], "shapeLIx": [158.7764116402837, 269.69669253445187, 394.5405194911506, 477.631103760203, 502.4969332761807], "shapeLIy": [218.00833923698298, 368.5344526318918, 373.04091818942055, 292.2176002843709, 202.42672066844096], "shapeLOx": [187.8842740096408, 330.3418192793629, 486.9157680004806, 521.6031521778352, 548.9962798214199], "shapeLOy": [256.88806741754297, 363.7066316626577, 306.37412399480274, 245.5732740213683, 174.91144704836682], "pplXY": [[322.7746788442123, 69.70086396621937], [439.7296816432478, 214.5452054734636], [320.03278861638603, 380.9675345052631], [207.0749016829621, 218.2363621449843]]}