{"shapeUIx": [178.8984955830437, 270.71512592167437, 358.23774796532996, 454.40428193971877, 512.4520964245843], "shapeUIy": [170.18336679413474, 138.31369222621083, 142.88829944719095, 192.9017300387248, 262.0960164056865], "shapeUOx": [217.51568894499056, 314.8191368616415, 405.77185766363624, 487.6132594780614, 559.3398586828562], "shapeUOy": [113.49268847540993, 85.97540490779163, 112.81981272177305, 170.5651502844077, 236.1856661062332], "shapeLIx": [178.8984955830437, 292.8160817715919, 379.0380254177914, 487.39642499276306, 512.4520964245843], "shapeLIy": [170.18336679413474, 354.8547254120102, 371.15174277498744, 312.05912937643905, 262.0960164056865], "shapeLOx": [200.6894460746989, 298.20439294855544, 422.8397564010244, 499.2626568591933, 537.5378790791165], "shapeLOy": [256.7183417754685, 334.5210343343044, 321.20417740413876, 291.2779619022487, 250.18169816213293], "pplXY": [[328.619407671016, 84.93145580043169], [441.2150734078615, 216.15954789767176], [323.7792317359779, 381.1547341260485], [215.2992464419729, 213.27493895512413]]}