{"shapeUIx": [178.84241188094504, 271.09823920494455, 358.3306390816283, 454.58921415265223, 512.3916670349225], "shapeUIy": [169.332145611072, 137.8119254767352, 143.02994437322587, 193.78432797678315, 263.1793469625096], "shapeUOx": [218.13059844872836, 315.84209318861787, 407.32128730037124, 487.97720719752425, 558.9898126650861], "shapeUOy": [111.77598161624037, 85.0499394175809, 113.03579244833546, 171.2289316825997, 236.67324942579117], "shapeLIx": [178.84241188094504, 293.73772308898384, 379.0070961984395, 487.2846099016363, 512.3916670349225], "shapeLIy": [169.332145611072, 355.35863194626546, 371.3585668345883, 312.53850916147184, 263.1793469625096], "shapeLOx": [199.67432143133829, 295.7804818630591, 421.2444754519167, 498.37886075174663, 537.2630656999993], "shapeLOy": [256.0970937707641, 334.13994247386665, 321.83381380194794, 292.1471460685342, 250.89886826255474], "pplXY": [[328.6838641861439, 85.02448827214275], [441.3356585675224, 216.3219355439187], [323.9067500298352, 381.8243982278048], [215.2632287504995, 213.50310340059508]]}