{"shapeUIx": [190.02187827036497, 292.8619640299691, 385.9635779929808, 477.2744951402001, 502.14077270076643], "shapeUIy": [162.96055949575864, 121.81898045274336, 140.32999136123163, 214.1702733530023, 282.2125847528913], "shapeUOx": [197.20259495309503, 320.23767271928557, 422.0559240013601, 492.63075390212117, 525.6194485104905], "shapeUOy": [152.61431152684065, 88.53272555685976, 128.3896322554656, 192.04093665358226, 260.13565583176506], "shapeLIx": [190.02187827036497, 278.5193763394387, 348.5246437449134, 476.10757620326405, 502.14077270076643], "shapeLIy": [162.96055949575864, 343.04985107437517, 378.7591814571049, 323.0584753393638, 282.2125847528913], "shapeLOx": [203.271367413086, 271.97466602738956, 408.593706992183, 481.3215036716709, 516.6960359889096], "shapeLOy": [248.6317852875019, 333.6162497201725, 337.0213836765115, 312.04554946574655, 268.29215338498915], "pplXY": [[326.77151787241155, 108.8566448655296], [429.5614156229534, 221.9035464812035], [321.42302934523514, 382.99183548222453], [221.23028804192995, 214.66679657728372]]}