{"shapeUIx": [157.96182858361982, 252.15267832677176, 361.77254415219426, 457.8194727326404, 508.3550462996871], "shapeUIy": [196.77982244558183, 128.3483278417089, 108.48865917429877, 156.2272068831635, 229.0715734066429], "shapeUOx": [180.12686803086007, 286.80300164247865, 405.29386421374625, 516.6465610864817, 554.8602312490418], "shapeUOy": [157.5261623830262, 76.02156255149342, 82.6196146531644, 140.66364894345546, 207.4761330135419], "shapeLIx": [157.96182858361982, 275.0816351043343, 390.68940743302244, 476.94699181110553, 508.3550462996871], "shapeLIy": [196.77982244558183, 377.867957289276, 383.0287750171154, 311.31302314183733, 229.0715734066429], "shapeLOx": [182.4643977479911, 313.59343518082744, 462.4883366075692, 509.5801793997256, 544.5050164247832], "shapeLOy": [248.49087641051656, 367.2985215322535, 324.0127882729169, 270.22285948088404, 205.82362357537855], "pplXY": [[321.1279335186857, 71.60089616878054], [445.24909634912945, 218.6208947550484], [319.20739784481276, 397.2077226121465], [200.58771303376824, 220.32562363758535]]}