{"shapeUIx": [158.79168148779306, 240.51307206009224, 344.6797667265424, 436.97830392302706, 502.49507648634517], "shapeUIy": [218.00405945963993, 150.09827386010988, 116.6812919413313, 140.41261890896135, 202.2932659390609], "shapeUOx": [183.34304483063354, 282.0185052734744, 384.11951596154375, 508.01771601267666, 562.405101151041], "shapeUOy": [173.52716497182763, 92.5282268203658, 83.23288063370826, 126.61986584071276, 174.91255283262154], "shapeLIx": [158.79168148779306, 269.6778167188435, 394.54239347165225, 477.6588103602181, 502.49507648634506], "shapeLIy": [218.00405945963993, 368.5032914607704, 373.027947965384, 292.14506754233224, 202.2932659390609], "shapeLOx": [187.97115127102876, 330.60119718196404, 487.1529735688899, 521.7364546093039, 549.050667774872], "shapeLOy": [256.92124168963056, 363.72358616706384, 306.2583609842045, 245.41055831203917, 174.7619175665511], "pplXY": [[322.7811090677947, 69.58518338241088], [439.7442412707035, 214.49187689983995], [320.0222679572203, 380.92776555092235], [207.0676591546382, 218.17871227945687]]}