{"shapeUIx": [158.66052940389986, 240.86595383614358, 345.28906111752167, 437.597684425023, 502.53752528591485], "shapeUIy": [218.40022591245406, 150.54458132763628, 117.76649020515484, 142.52348447331408, 204.36559107119635], "shapeUOx": [182.3170890585056, 281.2246229045661, 384.12321804549885, 507.99827118937935, 561.254417028191], "shapeUOy": [175.12413738493382, 93.62082854240445, 84.60625767982262, 128.44012327983654, 177.51275913971205], "shapeLIx": [158.66052940389986, 269.59589170979723, 394.4742786437681, 477.2013064075468, 502.53752528591485], "shapeLIy": [218.40022591245406, 368.72605389346234, 373.12375236736835, 293.2733030244742, 204.36559107119635], "shapeLOx": [186.97802160726906, 327.0357890602709, 483.5104019576412, 519.6731023421487, 548.1269738709341], "shapeLOy": [256.5441432858545, 363.5110121698175, 308.057090364713, 248.0317031651795, 177.30836255973747], "pplXY": [[322.6519535082914, 71.6958696836891], [439.4313097767028, 215.3834468620668], [320.16674306661264, 381.30024714845183], [207.24711968590591, 219.0933223285896]]}