{"shapeUIx": [158.79102558394186, 240.51400945860854, 344.6809538849277, 436.979646918344, 502.4951391021973], "shapeUIy": [218.00394005813845, 150.09858193564196, 116.6836055083287, 140.41786238905334, 202.2986795964142], "shapeUOx": [183.34148537533537, 282.01791015426926, 384.1214477184892, 508.0182671568483, 562.4023651188506], "shapeUOy": [173.52825192546456, 92.5291990298297, 83.23576995038437, 126.62423698889893, 174.9182304047108], "shapeLIx": [158.79102558394186, 269.6788835051048, 394.5423277354377, 477.6576917392514, 502.4951391021973], "shapeLIy": [218.00394005813845, 368.5046740833467, 373.02848987511413, 292.1479784575755, 202.2986795964142], "shapeLOx": [187.96734754479616, 330.5902097732968, 487.14321168693084, 521.7310081979375, 549.0485174922246], "shapeLOy": [256.91974029736724, 363.7227634717542, 306.26303151971683, 245.4170674121818, 174.7677816317836], "pplXY": [[322.7808860896125, 69.58966265855186], [439.7437162478873, 214.49398665231752], [320.0227285363238, 380.92952823965607], [207.0679328591741, 218.18103101114738]]}