{"shapeUIx": [157.96409132081428, 252.15192552566128, 361.75931624419457, 457.8062113639203, 508.35348388904424], "shapeUIy": [196.75463624722792, 128.329125271093, 108.46512991019324, 156.18679074210118, 229.03195416669527], "shapeUOx": [180.16797302776126, 286.84563171389135, 405.3251975845939, 516.6529436010634, 554.8852465774384], "shapeUOy": [157.45091814625462, 75.97622332872754, 82.58827351750524, 140.6251630715154, 207.4103437268996], "shapeLIx": [157.96409132081428, 275.0999207036008, 390.69055499853243, 476.9560707882259, 508.35348388904424], "shapeLIy": [196.75463624722792, 377.86781314461496, 383.02634208816045, 311.2888854306478, 229.03195416669527], "shapeLOx": [182.46943194239978, 313.63636417563356, 462.5498699949756, 509.6177429833139, 544.5257870374468], "shapeLOy": [248.48847051773106, 367.29309611408644, 323.97557410959064, 270.1665056436804, 205.76326200133462], "pplXY": [[321.1329681604632, 71.54849831790337], [445.25896211552697, 218.60031338111662], [319.2068420477691, 397.2077000780848], [200.5838290569515, 220.30623296768022]]}