{"shapeUIx": [168.11172947249588, 253.72441733095175, 344.1241987451004, 422.4290564884385, 500.4825359776094], "shapeUIy": [219.99986108132566, 172.04876983485102, 152.64403834121498, 155.956149296423, 195.6347516164025], "shapeUOx": [210.53276872907117, 296.52618665732007, 381.71054519033544, 474.7794389374496, 558.8001402212396], "shapeUOy": [157.50362116833938, 112.44825951266685, 110.83814659328598, 132.91305855922275, 169.298667287916], "shapeLIx": [168.11172947249588, 273.04928927479926, 393.52322962991695, 465.8342266230881, 500.4825359776094], "shapeLIy": [219.99986108132566, 337.4555223887895, 341.289866126317, 277.72763633807386, 195.6347516164025], "shapeLOx": [185.3958977043418, 292.4681286698907, 431.23766445168684, 503.0000919678273, 547.6663902901469], "shapeLOy": [254.82299912136403, 323.66628674064333, 296.733127000536, 243.02892085235626, 171.49335486359055], "pplXY": [[325.1556981129885, 95.7886086325363], [427.5230894622684, 218.2088207900412], [325.38823839809476, 351.4926226577921], [225.2637395844186, 222.70829407476964]]}