{"shapeUIx": [158.79168218970588, 240.51307104680262, 344.679765493216, 436.97830252257336, 502.495076424765], "shapeUIy": [218.00405968883916, 150.09827360163544, 116.68128952720853, 140.41261339161227, 202.29326023733898], "shapeUOx": [183.34304635316005, 282.0185057451451, 384.1195137412299, 508.0177153910842, 562.4051040145738], "shapeUOy": [173.52716409724226, 92.52822594856414, 83.23287762854672, 126.61986126189629, 174.91254695123234], "shapeLIx": [158.79168218970588, 269.67781549014086, 394.5423935380647, 477.65881153688406, 502.495076424765], "shapeLIy": [218.00405968883916, 368.5032899658983, 373.027947391005, 292.1450644883479, 202.29326023733898], "shapeLOx": [187.9711553744373, 330.6012089194749, 487.1529839022557, 521.7364603601351, 549.0506700202169], "shapeLOy": [256.9212433266959, 363.72358708335366, 306.2583560746126, 245.41055148898448, 174.76191146152385], "pplXY": [[322.78110928893375, 69.58517873839344], [439.74424180081314, 214.49187469662834], [320.0222674597578, 380.92776364348606], [207.06765887233632, 218.17870984446367]]}