{"shapeUIx": [165.64461809012386, 254.57972331081572, 354.91484728723583, 461.4497040334912, 524.3998810579947], "shapeUIy": [170.499700580952, 124.69118528986027, 117.51015359763626, 164.846589308808, 237.76018887934273], "shapeUOx": [188.32075891513998, 301.8290726601808, 398.4814593599091, 507.84293590831624, 577.1555259957698], "shapeUOy": [141.57203859005125, 73.24358388902536, 84.87947732684233, 148.17135886208737, 219.21016534438368], "shapeLIx": [165.64461809012386, 274.17860585312144, 360.42978658549833, 507.97521702819057, 524.3998810579947], "shapeLIy": [170.49970058095204, 371.2424206160831, 402.8011456715214, 313.47579229902976, 237.7601888793427], "shapeLOx": [204.61727320866467, 312.778104172518, 455.5296082923345, 527.0909178293585, 546.7619867182004], "shapeLOy": [300.5346686472546, 364.9698621816293, 334.8822130789056, 288.451806376233, 236.57800869543408], "pplXY": [[327.00702076736076, 82.87584382165448], [440.37609162095805, 215.67005878608697], [319.6639947774504, 398.14166757496616], [207.729368032963, 212.43887850181235]]}