{"shapeUIx": [178.7666997302586, 271.2733201389628, 358.41535869052444, 454.7041520729198, 512.3773399982337], "shapeUIy": [169.03632708579434, 137.66224781633073, 143.208101963159, 194.34260562203323, 263.791560676515], "shapeUOx": [218.28065259866358, 316.1863494474537, 407.9939983660197, 488.13676692433637, 558.7371495617538], "shapeUOy": [111.19620941440795, 84.76091583116806, 113.25161743984214, 171.65463615304014, 237.0684995463733], "shapeLIx": [178.7666997302586, 294.1246963194594, 379.00137008797515, 487.17773222283415, 512.3773399982337], "shapeLIy": [169.03632708579434, 355.60564050090136, 371.4395759462401, 312.83252964441436, 263.791560676515], "shapeLOx": [199.06826605052942, 294.2754786273469, 420.13416086150374, 497.7782975734709, 537.0716830965811], "shapeLOy": [255.79549202591102, 333.9395127535486, 322.29333525120956, 292.7626065828646, 251.38563454105878], "pplXY": [[328.6959087622626, 85.29363679021155], [441.3452952735437, 216.4898062632529], [323.9817503935326, 382.145150974698], [215.27085376560757, 213.71469252418893]]}