{"shapeUIx": [158.7916821183418, 240.51307114986253, 344.6797656184746, 436.9783026648253, 502.49507643100617], "shapeUIy": [218.00405966516556, 150.09827362765478, 116.68128977243023, 140.4126139522252, 202.29326081670533], "shapeUOx": [183.3430461988977, 282.01850569779356, 384.1195139675314, 508.01771545439834, 562.4051037236701], "shapeUOy": [173.52716418510806, 92.5282260365855, 83.23287793376836, 126.61986172706895, 174.9125475484903], "shapeLIx": [158.7916821183418, 269.67781561538266, 394.54239353132664, 477.6588114173255, 502.49507643100617], "shapeLIy": [218.00405966516556, 368.5032901179391, 373.02794744938234, 292.14506479862695, 202.29326081670533], "shapeLOx": [187.9711549571187, 330.6012077261824, 487.15298285206273, 521.7364597757243, 549.0506697921335], "shapeLOy": [256.92124316014235, 363.7235869900618, 306.2583565734534, 245.41055218217198, 174.76191208160725], "pplXY": [[322.7811092665142, 69.58517921001074], [439.74424174703216, 214.49187492043242], [320.02226751035226, 380.92776383749435], [207.0676589009998, 218.17871009186302]]}