{"shapeUIx": [164.09513050913728, 276.76512912038186, 389.5607953738642, 499.1443878328902, 546.2742525276302], "shapeUIy": [174.04275184259433, 130.84287470742652, 138.0678800767709, 194.9755893359877, 259.4486770731119], "shapeUOx": [177.72387916290558, 278.5125634513708, 399.2095275776015, 513.9601979335403, 580.8128549745817], "shapeUOy": [155.8618217475482, 99.69794249242577, 103.16744678306398, 164.6419319943454, 247.36471031195015], "shapeLIx": [164.09513050913728, 267.15491097926275, 359.8112817096734, 501.56147224713715, 546.2742525276303], "shapeLIy": [174.04275184259436, 350.86456351647854, 377.8562780373275, 322.2043871736565, 259.4486770731119], "shapeLOx": [187.35328024082688, 263.6554105822294, 379.95235301583415, 505.719932526168, 552.8921036333434], "shapeLOy": [262.0016385307422, 341.6800324565087, 354.51807795782736, 314.8739541677702, 258.87175511094784], "pplXY": [[330.0737800449673, 94.64711361942162], [446.7291606608953, 219.7308329296608], [324.81064320149454, 391.42825699229576], [212.7958357099012, 216.88825323961424]]}