{"shapeUIx": [165.64409725347065, 254.64579096924703, 354.81148323652644, 461.39906893175385, 524.4030556071883], "shapeUIy": [170.0398449220775, 124.35312622179103, 117.26297513538142, 164.6232001503323, 237.61793877263258], "shapeUOx": [188.8303930609714, 302.44292747663457, 399.1300208809526, 508.02722743885835, 577.3631554534145], "shapeUOy": [140.44376175760698, 72.56250166917303, 84.57128508513733, 147.92116745645905, 218.68887301776408], "shapeLIx": [165.64409725347065, 274.558604279421, 360.42784270259756, 508.0710644171992, 524.4030556071883], "shapeLIy": [170.03984492207752, 371.38134537145663, 402.8595410783874, 313.36457897096125, 237.61793877263258], "shapeLOx": [204.4570978880773, 312.71535250353105, 455.8188005382717, 527.2993213706901, 546.9284237585981], "shapeLOy": [300.39029939519656, 364.874087877478, 334.67452433072134, 288.0969611642962, 236.1623365129034], "pplXY": [[327.072837082315, 82.33771217274679], [440.52274407486465, 215.49628397827422], [319.68181264625093, 398.32825846952045], [207.66394208982524, 212.28839262962364]]}