{"shapeUIx": [190.02185387142137, 292.86199935728445, 385.96362049509014, 477.2745434553972, 502.1407747867867], "shapeUIy": [162.96055051063163, 121.81898872386405, 140.33007466360033, 214.1704642082634, 282.21278203971895], "shapeUOx": [197.20254349486817, 320.2376579808066, 422.0560027201689, 492.63077582831204, 525.6193496127994], "shapeUOy": [152.6143390351337, 88.5327541723954, 128.3897358523958, 192.04109483274473, 260.1358583338502], "shapeLIx": [190.02185387142137, 278.5194199252013, 348.52464147526223, 476.1075355042699, 502.1407747867867], "shapeLIy": [162.96055051063163, 343.04990319143917, 378.75920136768616, 323.0585808901675, 282.21278203971895], "shapeLOx": [203.27122444054282, 271.97425821106856, 408.59334891542034, 481.32130453729303, 516.6959584941944], "shapeLOy": [248.63172807428288, 333.6162175070445, 337.0215534570283, 312.04578522112723, 268.2923639025554], "pplXY": [[326.7715103605659, 108.85680480416417], [429.5613975133916, 221.90362252311314], [321.4230466842176, 382.9919020001925], [221.23029774949305, 214.66688075790725]]}