{"shapeUIx": [164.09592131814603, 276.76397366605227, 389.5594521848758, 499.1428556333279, 546.2741898456745], "shapeUIy": [174.04313994600048, 130.84267449133512, 138.06523783245456, 194.96949004497313, 259.44236698675326], "shapeUOx": [177.72540847640113, 278.51288414350387, 399.20682950247704, 513.9594566394233, 580.8160002832701], "shapeUOy": [155.8612042243619, 99.69717500017566, 103.1641702580936, 164.6368970370632, 247.35832868082935], "shapeLIx": [164.09592131814603, 267.1534150625082, 359.81135176851416, 501.56277225059193, 546.2741898456745], "shapeLIy": [174.0431399460005, 350.86285936220645, 377.8556376379455, 322.2010226988251, 259.44236698675326], "shapeLOx": [187.3579467510724, 263.66861359484034, 379.96385563657356, 505.72631536858364, 552.8945633033884], "shapeLOy": [262.0035225257072, 341.6811110146085, 354.5126570863347, 314.86644540869, 258.86509070777777], "pplXY": [[330.07400691923937, 94.64206997375061], [446.7297174967586, 219.72841923896755], [324.81007664119403, 391.4260800428998], [212.7955310446161, 216.88556801317708]]}