{"shapeUIx": [168.11172968294028, 253.7244170273551, 344.124198374606, 422.4290560678438, 500.4825359590407], "shapeUIy": [219.99986114805148, 172.04876975595948, 152.6440376162184, 155.95614764040516, 195.63474990515004], "shapeUOx": [210.53276918841857, 296.5261868019776, 381.710544527661, 474.77943875171104, 558.8001410810296], "shapeUOy": [157.5036209004621, 112.44825924798047, 110.83814569059537, 132.9130571844903, 169.29866552078005], "shapeLIx": [168.11172968294028, 273.0492889081263, 393.5232296499047, 465.834226976269, 500.4825359590407], "shapeLIy": [219.99986114805148, 337.4555219409037, 341.2898659540001, 277.727635421248, 195.63474990515004], "shapeLOx": [185.39589893395473, 292.46813218935756, 431.2376675519894, 503.00009369352665, 547.666390964426], "shapeLOy": [254.82299961158157, 323.666287014653, 296.7331255268357, 243.02891880391303, 171.49335302987703], "pplXY": [[325.15569817963245, 95.78860723726488], [427.5230896218253, 218.20882012841835], [325.3882382490391, 351.49262208632996], [225.26373949957352, 222.70829334381528]]}