{"shapeUIx": [151.78673362646882, 222.55349782586276, 327.75055506710015, 407.7863368750086, 492.05376084843584], "shapeUIy": [252.2400267616933, 181.2125199302255, 137.47191844892922, 137.31680835379498, 186.27861158738045], "shapeUOx": [158.91907834166238, 241.19065916766584, 332.26355936026374, 477.50084919837366, 548.0180545788783], "shapeUOy": [225.46573850427257, 133.83795616106997, 100.44993349811583, 127.24948841747604, 173.29566231056765], "shapeLIx": [151.78673362646882, 256.0946619558116, 396.4694088401625, 461.1898012020826, 492.05376084843573], "shapeLIy": [252.24002676169334, 356.92321076787687, 357.4609775035764, 281.38336637878217, 186.27861158738045], "shapeLOx": [183.30222264668654, 318.63311711078205, 467.1577358349956, 505.5704997835787, 541.46890700643], "shapeLOy": [272.1507548193673, 354.8762012071949, 304.248778532572, 246.694737896158, 169.12175656731316], "pplXY": [[317.83028970137815, 104.41413146802282], [417.2115986107465, 224.03347061000113], [318.4013443794118, 354.62269319666245], [220.2405146166246, 229.32933772725886]]}