{"shapeUIx": [178.7659034047702, 271.2745102701938, 358.4166274268744, 454.7056121500962, 512.3773891201812], "shapeUIy": [169.0356985487196, 137.66228386054712, 143.21062457413265, 194.34854290194409, 263.79771714937704], "shapeUOx": [218.27945124578096, 316.18641174715685, 407.99707662892195, 488.1375878506199, 558.7341242693053], "shapeUOy": [111.19616039137058, 84.76129804614823, 113.25472283642853, 171.6594886367785, 237.0744891741643], "shapeLIx": [178.7659034047702, 294.1264091265988, 379.00130838266784, 487.1764679009526, 512.3773891201812], "shapeLIy": [169.0356985487196, 355.607395483926, 371.4402096864099, 312.835783095165, 263.79771714937704], "shapeLOx": [199.0634836493458, 294.2622091769407, 420.1228215894501, 497.77203801668037, 537.0693295505337], "shapeLOy": [255.79352004990423, 333.93834124335456, 322.2985977959143, 292.7698517487567, 251.39196568331886], "pplXY": [[328.6957204804961, 85.29837766891646], [441.3448073109512, 216.49211444691642], [323.9823323866559, 382.1473963591275], [215.2711363419392, 213.7172931420881]]}