{"shapeUIx": [168.11172966228926, 253.72441705717014, 344.1241984108813, 422.42905610903625, 500.48253596085095], "shapeUIy": [219.99986114127927, 172.04876976354382, 152.644037687227, 155.95614780270495, 195.63475007287494], "shapeUOx": [210.53276914366583, 296.5261867881476, 381.71054459302866, 474.77943877000797, 558.8001409967995], "shapeUOy": [157.50362092611118, 112.44825927358184, 110.83814577898583, 132.91305731917595, 169.29866569376168], "shapeLIx": [168.11172966228926, 273.0492889443009, 393.5232296479519, 465.834226941656, 500.48253596085095], "shapeLIy": [219.99986114127927, 337.45552198488883, 341.2898659708974, 277.7276355110822, 195.63475007287494], "shapeLOx": [185.39589881321857, 292.4681318440329, 431.2376672480026, 503.000093524353, 547.6663908983813], "shapeLOy": [254.82299956340862, 323.66628698768454, 296.7331256712561, 243.02891900461424, 171.4933532094452], "pplXY": [[325.15569817313127, 95.78860737385449], [427.52308960623793, 218.20882019322374], [325.38823826367627, 351.4926221424548], [225.26373950787615, 222.70829341544226]]}