{"shapeUIx": [165.64409726346724, 254.64579095484447, 354.8114832188597, 461.39906891170784, 524.4030556062964], "shapeUIy": [170.03984492506157, 124.35312621791336, 117.26297510083018, 164.62320007149714, 237.6179386911777], "shapeUOx": [188.83039308305888, 302.4429274838083, 399.1300208497545, 508.02722743009355, 577.3631554943737], "shapeUOy": [140.44376174435462, 72.56250165629174, 84.57128504209943, 147.9211673909761, 218.6888729334667], "shapeLIx": [165.64409726346724, 274.55860426216265, 360.4278427035541, 508.07106443401307, 524.4030556062964], "shapeLIy": [170.03984492506157, 371.381345350209, 402.85954107019177, 313.36457892729874, 237.6179386911777], "shapeLOx": [204.4570979464259, 312.715352670749, 455.818800685748, 527.2993214528054, 546.9284237907294], "shapeLOy": [300.3902994184271, 364.8740878904281, 334.6745242605562, 288.09696106673107, 236.1623364254875], "pplXY": [[327.07283708551273, 82.33771210619594], [440.52274408250184, 215.49628394674636], [319.68181263917893, 398.3282584424136], [207.66394208577566, 212.28839259481728]]}