{"shapeUIx": [165.64409726382505, 254.645790954328, 354.81148321823076, 461.39906891099383, 524.403055606265], "shapeUIy": [170.0398449251778, 124.35312621778117, 117.26297509959923, 164.6232000686841, 237.61793868827067], "shapeUOx": [188.83039308383587, 302.44292748404973, 399.1300208486236, 508.0272274297769, 577.3631554958338], "shapeUOy": [140.44376174390703, 72.56250165584636, 84.57128504056705, 147.92116738864146, 218.6888729304675], "shapeLIx": [165.64409726382505, 274.5586042615368, 360.427842703588, 508.07106443461305, 524.403055606265], "shapeLIy": [170.03984492517782, 371.3813453494471, 402.8595410698989, 313.36457892574157, 237.61793868827067], "shapeLOx": [204.4570979485174, 312.7153526767323, 455.81880069101607, 527.2993214557375, 546.9284237918744], "shapeLOy": [300.3902994192614, 364.874087890895, 334.674524258053, 288.09696106325214, 236.16233642237444], "pplXY": [[327.07283708562557, 82.33771210382774], [440.52274408277225, 215.49628394562296], [319.6818126389254, 398.32825844144133], [207.6639420856317, 212.2883925935758]]}