{"shapeUIx": [157.96409132082223, 252.1519255256498, 361.7593162441806, 457.80621136390437, 508.3534838890435], "shapeUIy": [196.75463624723056, 128.32912527109016, 108.46512991016591, 156.18679074203868, 229.0319541666307], "shapeUOx": [180.16797302777846, 286.8456317138966, 405.3251975845687, 516.6529436010562, 554.8852465774708], "shapeUOy": [157.45091814624487, 75.97622332871775, 82.58827351747122, 140.62516307146356, 207.41034372683302], "shapeLIx": [157.96409132082223, 275.09992070358686, 390.69055499853323, 476.9560707882391, 508.3534838890435], "shapeLIy": [196.7546362472306, 377.867813144598, 383.0263420881539, 311.2888854306132, 229.0319541666307], "shapeLOx": [182.4694319424463, 313.6363641757666, 462.54986999509265, 509.61774298337906, 544.5257870374722], "shapeLOy": [248.4884705177496, 367.2930961140968, 323.97557410953505, 270.16650564360316, 205.7632620012655], "pplXY": [[321.1329681604657, 71.5484983178508], [445.258962115533, 218.6003133810917], [319.2068420477634, 397.2077000780632], [200.5838290569483, 220.30623296765262]]}