{"shapeUIx": [164.09513064116433, 276.7651289296176, 389.56079514247955, 499.1443875700637, 546.2742525161351], "shapeUIy": [174.04275188735468, 130.84287465996485, 138.06787962368128, 194.97558829971118, 259.44867600211967], "shapeUOx": [177.72387944691076, 278.5125635374053, 399.20952715747705, 513.9601978161041, 580.8128555121596], "shapeUOy": [155.86182158773016, 99.69794233118066, 103.167446219209, 164.64193113468704, 247.36470920883258], "shapeLIx": [164.09513064116433, 267.1549107467319, 359.8112817221022, 501.5614724681339, 546.2742525161351], "shapeLIy": [174.04275188735468, 350.8645632350504, 377.85627792937936, 322.20438660020216, 259.44867600211967], "shapeLOx": [187.35328101320258, 263.6554127896966, 379.95235495768014, 505.71993360662657, 552.892104054782], "shapeLOy": [262.00163883916474, 341.6800326294456, 354.51807703578277, 314.8739528866856, 258.8717539653735], "pplXY": [[330.07378008627876, 94.6471127483194], [446.72916076009204, 219.73083251612744], [324.8106431078482, 391.4282566331691], [212.79583565697234, 216.88825278235103]]}