{"shapeUIx": [157.96398354827673, 252.15206660079593, 361.75955612147345, 457.8064763110059, 508.35350089265785], "shapeUIy": [196.75474090802786, 128.32926296088038, 108.46558461751765, 156.18776480986395, 229.0329531930789], "shapeUOx": [180.1675383357512, 286.8453319581248, 405.3253270316165, 516.6529951342071, 554.8847194729049], "shapeUOy": [157.4514493095037, 75.97658886547813, 82.58885312328857, 140.62600021797658, 207.41151162289165], "shapeLIx": [157.96398354827673, 275.0999890103183, 390.69053949143404, 476.95586241303874, 508.35350089265785], "shapeLIy": [196.75474090802786, 377.86802116272213, 383.0264376091071, 311.2894371409587, 229.0329531930789], "shapeLOx": [182.46884823498078, 313.6345373855822, 462.54813103480103, 509.6167552892305, 544.5253665472457], "shapeLOy": [248.4882616006938, 367.2930051037363, 323.97644804478125, 270.167746831359, 205.7644310165283], "pplXY": [[321.1329102198327, 71.549415371238], [445.2588371879685, 218.60072593018285], [319.20691197868877, 397.20796319003847], [200.58388690915135, 220.30666989518778]]}