{"shapeUIx": [165.6440948326846, 254.64579437455876, 354.81148780627956, 461.39907407479086, 524.4030558661042], "shapeUIy": [170.03984500292972, 124.35312772415311, 117.26298398755621, 164.62321997744573, 237.61795921639995], "shapeUOx": [188.83038655505408, 302.44292443142547, 399.1300272212493, 508.0272293093747, 577.363145028402], "shapeUOy": [140.4437672504423, 72.56250612180675, 84.57129619025295, 147.92118409120175, 218.68889496301372], "shapeLIx": [165.64409483268457, 274.55860776812096, 360.42784244024006, 508.0710601852842, 524.4030558661042], "shapeLIy": [170.03984500292975, 371.38135039524667, 402.8595431067587, 313.364590024612, 237.61795921639995], "shapeLOx": [204.4570840225439, 312.7153118603866, 455.818763941413, 527.2993008780971, 546.9284155390683], "shapeLOy": [300.390294012281, 364.8740850273087, 334.674542017461, 288.096985911704, 236.1623590226305], "pplXY": [[327.07283616970074, 82.33772946605893], [440.52274197478016, 215.49629204220815], [319.6818143218767, 398.328264864947], [207.66394315374, 212.28840142288513]]}