{"shapeUIx": [178.76590340476497, 271.2745102702014, 358.4166274268836, 454.70561215010673, 512.3773891201816], "shapeUIy": [169.0356985487178, 137.662283860549, 143.2106245741507, 194.34854290198535, 263.7977171494198], "shapeUOx": [218.27945124576962, 316.1864117471534, 407.99707662893866, 488.1375878506245, 558.7341242692838], "shapeUOy": [111.19616039137699, 84.76129804615466, 113.254722836451, 171.65948863681274, 237.07448917420825], "shapeLIx": [178.76590340476497, 294.126409126608, 379.0013083826674, 487.17646790094375, 512.3773891201816], "shapeLIy": [169.0356985487178, 355.60739548393724, 371.4402096864142, 312.8357830951879, 263.7977171494198], "shapeLOx": [199.06348364931506, 294.26220917685276, 420.1228215893728, 497.77203801663734, 537.0693295505168], "shapeLOy": [255.79352004989195, 333.9383412433477, 322.29859779595097, 292.7698517488078, 251.3919656833645], "pplXY": [[328.69572048049446, 85.29837766895116], [441.34480731094726, 216.49211444693287], [323.9823323866596, 382.14739635914185], [215.2711363419413, 213.71729314210629]]}