{"shapeUIx": [157.96409082218707, 252.1519262399846, 361.75931713987745, 457.80621237813864, 508.35348393565755], "shapeUIy": [196.75463613821597, 128.329125492443, 108.46513165768378, 156.18679471095362, 229.0319582653486], "shapeUOx": [180.16797186865338, 286.8456312912101, 405.32519908053894, 516.6529440257592, 554.8852445092649], "shapeUOy": [157.4509189205208, 75.97622403736247, 82.58827569812775, 140.62516637638876, 207.41034800765755], "shapeLIx": [157.96409082218707, 275.0999215302161, 390.69055494929387, 476.95606994159243, 508.35348393565755], "shapeLIy": [196.75463613821597, 377.86781419843, 383.0263424991329, 311.2888876323757, 229.03195826534858], "shapeLOx": [182.4694290450601, 313.6363558273375, 462.5498625949823, 509.617738857242, 544.5257854129686], "shapeLOy": [248.48846937101038, 367.29309548230606, 323.9755776439411, 270.1665105658627, 205.7632664281917], "pplXY": [[321.1329679941051, 71.54850169586331], [445.25896172215073, 218.60031497501706], [319.2068423986897, 397.2077014218197], [200.58382926307345, 220.30623472190751]]}