{"shapeUIx": [190.02185386491445, 292.86199936668424, 385.9636205065011, 477.27454346835776, 502.14077478735425], "shapeUIy": [162.96055050844535, 121.81898872621699, 140.33007468594275, 214.17046425935436, 282.2127820925204], "shapeUOx": [197.2025434808426, 320.23765797653425, 422.056002740845, 492.6307758340937, 525.6193495862924], "shapeUOy": [152.61433904306634, 88.53275418037508, 128.38973588020215, 192.0410948751321, 260.1358583882549], "shapeLIx": [190.02185386491445, 278.5194199366446, 348.524641474649, 476.10753549337414, 502.14077478735425], "shapeLIy": [162.96055050844535, 343.04990320530635, 378.75920137300744, 323.05858091844203, 282.2127820925204], "shapeLOx": [203.2712244024828, 271.9742581022699, 408.5933488196948, 481.3213044840278, 516.6959584734129], "shapeLOy": [248.63172805908818, 333.6162174985283, 337.0215535024883, 312.04578528429295, 268.2923639590479], "pplXY": [[326.77151035852654, 108.85680484712532], [429.5613975084966, 221.9036225435047], [321.423046688832, 382.991902017888], [221.23029775210367, 214.66688078045246]]}