{"shapeUIx": [190.02185386501816, 292.8619993665344, 385.96362050631916, 477.27454346815114, 502.14077478734526], "shapeUIy": [162.96055050848008, 121.81898872617941, 140.33007468558657, 214.17046425853988, 282.21278209167866], "shapeUOx": [197.2025434810663, 320.2376579766025, 422.0560027405155, 492.63077583400155, 525.619349586715], "shapeUOy": [152.61433904293963, 88.53275418024774, 128.3897358797588, 192.04109487445632, 260.1358583873875], "shapeLIx": [190.02185386501816, 278.51941993646227, 348.5246414746587, 476.10753549354786, 502.14077478734526], "shapeLIy": [162.96055050848008, 343.04990320508534, 378.75920137292263, 323.05858091799126, 282.21278209167866], "shapeLOx": [203.27122440308943, 271.9742581040042, 408.5933488212208, 481.32130448487686, 516.6959584737444], "shapeLOy": [248.63172805933036, 333.616217498664, 337.0215535017636, 312.0457852832859, 268.29236395814723], "pplXY": [[326.77151035855906, 108.85680484644035], [429.56139750857466, 221.9036225431796], [321.4230466887585, 382.99190201760587], [221.23029775206206, 214.666880780093]]}