{"shapeUIx": [158.7900564397152, 240.5153836291998, 344.68275256489045, 436.9816753983513, 502.4952380703676], "shapeUIy": [218.00388252217226, 150.09912098745608, 116.68709801598337, 140.42572336008027, 202.3067891358], "shapeUOx": [183.33900897098087, 282.0168370485272, 384.12412369205305, 508.01904430001895, 562.398245293112], "shapeUOy": [173.5301973382134, 92.53083415795692, 83.24014293354317, 126.63081425091293, 174.92685066810952], "shapeLIx": [158.7900564397152, 269.6803579442509, 394.54222578287954, 477.6560142788264, 502.4952380703676], "shapeLIy": [218.00388252217226, 368.5066992228929, 373.02929701666125, 292.1523526759465, 202.3067891358], "shapeLOx": [187.96176406089424, 330.5739447830316, 487.1286491162531, 521.7228665836881, 549.0452736446698], "shapeLOy": [256.91755652293773, 363.7215891189362, 306.2700388988536, 245.4268558916079, 174.77664927315615], "pplXY": [[322.7805360681929, 69.59645916985207], [439.7429029245738, 214.49716908538244], [320.02340404277663, 380.9321085988238], [207.06835007874724, 218.18451274139358]]}