{"shapeUIx": [157.9640882595448, 252.15192986783154, 361.7593218966727, 457.80621774262875, 508.35348419781474], "shapeUIy": [196.75463600089762, 128.3291269265991, 108.46514089422635, 156.18681549624745, 229.0319797084132], "shapeUOx": [180.1679653023454, 286.84562843033495, 405.32520612945103, 516.6529460758069, 554.885233613488], "shapeUOy": [157.45092410193197, 75.97622838120682, 82.58828726486243, 140.62518377080073, 207.41037081469062], "shapeLIx": [157.9640882595448, 275.09992541501384, 390.6905546800594, 476.95606550603395, 508.35348419781474], "shapeLIy": [196.7546360008976, 377.86781955044586, 383.0263446343125, 311.2888992008578, 229.0319797084132], "shapeLOx": [182.46941429348095, 313.63631284313243, 462.54982409791626, 509.61771733178557, 544.5257768331817], "shapeLOy": [248.48846360521776, 367.2930923857758, 323.9755961746205, 270.1665364531881, 205.76328988569986], "pplXY": [[321.1329670663408, 71.54851967641379], [445.25895956848234, 218.60032339265558], [319.2068441827826, 397.2077082389976], [200.5838303662569, 220.3062439295273]]}