{"shapeUIx": [165.64409686557323, 254.64579152279885, 354.81148394090235, 461.3990697282682, 524.4030556445664], "shapeUIy": [170.03984485819493, 124.35312640865614, 117.26297650745164, 164.6232032570211, 237.61794197983878], "shapeUOx": [188.83039212912644, 302.44292711375505, 399.1300220130693, 508.02722776268155, 577.363153831322], "shapeUOy": [140.4437624194042, 72.56250225516598, 84.57128679930952, 147.9211700476846, 218.68887638781194], "shapeLIx": [165.64409686557323, 274.5586049044913, 360.4278426634929, 508.0710637544008, 524.4030556445664], "shapeLIy": [170.03984485819495, 371.3813461880919, 402.8595413992374, 313.36458069627326, 237.61794197983878], "shapeLOx": [204.4570956410189, 312.7153460052099, 455.8187947585426, 527.2993181450537, 546.9284224834353], "shapeLOy": [300.3902985094394, 364.8740873934386, 334.67452709832855, 288.0969650226292, 236.16233999164092], "pplXY": [[327.0728369492987, 82.33771483123913], [440.5227437623166, 215.49628522940026], [319.68181291828216, 398.328259510464], [207.66394225234254, 212.28839400379061]]}