{"shapeUIx": [178.7659054172198, 271.27450735533165, 358.4166239251368, 454.70560816885774, 512.3773889486649], "shapeUIy": [169.03569930035155, 137.66228318574213, 143.21061770974606, 194.34852716994607, 263.79770088669846], "shapeUOx": [218.27945547485697, 316.186412945617, 407.99707012023947, 488.1375860388246, 558.7341324196871], "shapeUOy": [111.19615815249583, 84.76129570346816, 113.25471430077316, 171.65947560045353, 237.0744724920224], "shapeLIx": [178.7659054172198, 294.12640552259126, 379.00130856946095, 487.1764712556924, 512.3773889486649], "shapeLIy": [169.03569930035155, 355.6073911837256, 371.4402080447764, 312.83577439568705, 263.79770088669846], "shapeLOx": [199.0634954452177, 294.2622428116789, 420.12285111200424, 497.77205443326767, 537.0693359364916], "shapeLOy": [255.79352477202286, 333.93834390405357, 322.29858380157236, 292.769832318445, 251.39194833755906], "pplXY": [[328.69572109825384, 85.29836449267037], [441.34480880133276, 216.49210818062693], [323.9823309560479, 382.14739087051834], [215.27113554235044, 213.7172862036603]]}