{"shapeUIx": [165.64409726389357, 254.645790954229, 354.8114832181104, 461.3990689108571, 524.4030556062589], "shapeUIy": [170.0398449252005, 124.35312621775616, 117.26297509936376, 164.62320006814576, 237.61793868771434], "shapeUOx": [188.8303930839841, 302.4429274840953, 399.1300208484064, 508.0272274297161, 577.3631554961131], "shapeUOy": [140.44376174382245, 72.56250165576174, 84.57128504027393, 147.9211673881948, 218.68887292989388], "shapeLIx": [165.64409726389357, 274.55860426141663, 360.4278427035945, 508.0710644347279, 524.4030556062589], "shapeLIy": [170.0398449252005, 371.3813453493011, 402.85954106984286, 313.36457892544365, 237.61793868771434], "shapeLOx": [204.45709794891806, 312.71535267787806, 455.8188006920245, 527.2993214562987, 546.9284237920933], "shapeLOy": [300.39029941942124, 364.8740878909845, 334.674524257574, 288.0969610625865, 236.16233642177895], "pplXY": [[327.0728370856471, 82.33771210337481], [440.5227440828239, 215.49628394540804], [319.6818126388768, 398.3282584412551], [207.6639420856042, 212.28839259333822]]}