{"shapeUIx": [151.714686876154, 223.10578195553185, 328.21928510098735, 408.35290314840296, 492.1063346595778], "shapeUIy": [251.73942554952345, 181.02649333895812, 138.13372590872618, 139.04750669725743, 188.0871658151447], "shapeUOx": [158.9304378596712, 241.64244542638917, 333.54652176096147, 477.80620279938313, 547.2623228505831], "shapeUOy": [224.9096002478572, 133.66188261522677, 101.29074933803165, 128.61696093231828, 174.9151438366115], "shapeLIx": [151.714686876154, 256.71166843763683, 396.3723267012501, 460.915970302799, 492.1063346595778], "shapeLIy": [251.73942554952345, 357.31882803302835, 357.61649383235425, 282.27938795599744, 188.0871658151447], "shapeLOx": [182.0714369306848, 314.98342409770396, 464.0434841756156, 503.90917878453456, 540.8576911159108], "shapeLOy": [271.4776489882294, 354.42267832867867, 305.6160203909245, 248.61919829145376, 170.88516295179338], "pplXY": [[317.8392301862772, 105.51936525847654], [417.18202121019675, 224.58340744085504], [318.5898209394196, 355.30214941156953], [220.31910236439072, 229.93675992957856]]}