{"shapeUIx": [168.11142472775094, 253.72484538284272, 344.12477810599637, 422.42970807277777, 500.482569046838], "shapeUIy": [219.9998811751259, 172.04896604927444, 152.64515950691919, 155.95865636320144, 195.6373363140421], "shapeUOx": [210.53193475971239, 296.52578677552845, 381.711328636856, 474.7796713658642, 558.79882052364], "shapeUOy": [157.50434170127872, 112.44883712431115, 110.83955418413811, 132.91516406570267, 169.30145137597856], "shapeLIx": [168.11142472775094, 273.04972013686285, 393.5231961368107, 465.83369156901716, 500.482569046838], "shapeLIy": [219.9998811751259, 337.45615370261504, 341.29012228835825, 277.7290349427832, 195.6373363140421], "shapeLOx": [185.3941547355365, 292.46300754368065, 431.2330436160757, 502.99750295128814, 547.665349239407], "shapeLOy": [254.8223240493609, 323.66593136667575, 296.73536366108937, 243.0320524731976, 171.49620768741482], "pplXY": [[325.1555814252099, 95.7908017503415], [427.52282182271637, 218.20984194059824], [325.38844897825595, 351.4934262012656], [225.2638746127588, 222.70940621888195]]}