{"shapeUIx": [165.64409726388664, 254.64579095423906, 354.8114832181226, 461.39906891087094, 524.4030556062596], "shapeUIy": [170.03984492519817, 124.35312621775866, 117.26297509938759, 164.62320006820025, 237.61793868777062], "shapeUOx": [188.8303930839691, 302.4429274840908, 399.13002084842844, 508.0272274297223, 577.3631554960848], "shapeUOy": [140.44376174383098, 72.56250165577025, 84.57128504030358, 147.92116738823998, 218.6888729299519], "shapeLIx": [165.64409726388664, 274.5586042614288, 360.4278427035938, 508.0710644347162, 524.4030556062596], "shapeLIy": [170.03984492519817, 371.3813453493159, 402.85954106984855, 313.3645789254738, 237.61793868777062], "shapeLOx": [204.45709794887753, 312.7153526777621, 455.8188006919225, 527.2993214562418, 546.9284237920713], "shapeLOy": [300.3902994194051, 364.87408789097543, 334.67452425762247, 288.0969610626538, 236.1623364218392], "pplXY": [[327.0728370856449, 82.33771210342064], [440.52274408281875, 215.49628394542978], [319.68181263888175, 398.328258441274], [207.66394208560695, 212.28839259336223]]}