{"shapeUIx": [157.96409132083457, 252.15192552563198, 361.7593162441589, 457.8062113638798, 508.3534838890424], "shapeUIy": [196.75463624723469, 128.32912527108564, 108.46512991012352, 156.18679074194182, 229.03195416653057], "shapeUOx": [180.1679730278051, 286.84563171390477, 405.3251975845296, 516.6529436010453, 554.885246577521], "shapeUOy": [157.45091814622972, 75.97622332870256, 82.58827351741846, 140.62516307138316, 207.4103437267298], "shapeLIx": [157.96409132083457, 275.09992070356515, 390.69055499853437, 476.9560707882598, 508.3534838890424], "shapeLIy": [196.75463624723469, 377.86781314457176, 383.02634208814385, 311.2888854305596, 229.03195416653057], "shapeLOx": [182.46943194251844, 313.6363641759728, 462.5498699952742, 509.61774298348007, 544.5257870375116], "shapeLOy": [248.48847051777844, 367.293096114113, 323.97557410944887, 270.16650564348333, 205.76326200115835], "pplXY": [[321.13296816046955, 71.5484983177693], [445.25896211554226, 218.600313381053], [319.2068420477547, 397.2077000780297], [200.58382905694333, 220.30623296760987]]}