{"shapeUIx": [178.76590340476167, 271.2745102702062, 358.4166274268894, 454.7056121501133, 512.377389120182], "shapeUIy": [169.0356985487167, 137.6622838605502, 143.210624574162, 194.34854290201122, 263.79771714944644], "shapeUOx": [218.27945124576254, 316.1864117471513, 407.9970766289491, 488.1375878506275, 558.7341242692704], "shapeUOy": [111.19616039138103, 84.76129804615871, 113.25472283646505, 171.65948863683417, 237.0744891742358], "shapeLIx": [178.76590340476167, 294.1264091266138, 379.0013083826671, 487.1764679009383, 512.377389120182], "shapeLIy": [169.0356985487167, 355.60739548394423, 371.4402096864169, 312.83578309520215, 263.79771714944644], "shapeLOx": [199.06348364929582, 294.26220917679774, 420.1228215893243, 497.77203801661034, 537.0693295505064], "shapeLOy": [255.79352004988428, 333.93834124334336, 322.298597795974, 292.76985174883976, 251.39196568339312], "pplXY": [[328.69572048049343, 85.29837766897289], [441.3448073109447, 216.4921144469432], [323.982332386662, 382.1473963591508], [215.27113634194262, 213.7172931421177]]}