{"shapeUIx": [168.0974058141942, 253.74289994974097, 344.1669392551793, 422.47587682427866, 500.4863609755531], "shapeUIy": [220.0357203166656, 172.08290946267263, 152.7213784385962, 156.11540239664674, 195.797921151552], "shapeUOx": [210.4394520446931, 296.4480279552986, 381.6956295943289, 474.7801403151619, 558.7115960958008], "shapeUOy": [157.64165432261942, 112.53655455090407, 110.93922278703153, 133.05416772136923, 169.50860514016284], "shapeLIx": [168.0974058141942, 273.03991032738935, 393.5196926254272, 465.800932495731, 500.4863609755531], "shapeLIy": [220.0357203166656, 337.4815286374004, 341.3052554760344, 277.8199266483151, 195.797921151552], "shapeLOx": [185.3223524366419, 292.20791326724554, 430.96827995449905, 502.8439644167885, 547.5944628148918], "shapeLOy": [254.80006301272041, 323.66183566377566, 296.87617610203426, 243.2364294683713, 171.69826761786743], "pplXY": [[325.1438095174631, 95.95031032624686], [427.49903301392686, 218.27884322058017], [325.3969983073261, 351.5257217799575], [225.2739542939938, 222.77962404121703]]}