{"shapeUIx": [190.02185386517726, 292.8619993663046, 385.96362050604006, 477.2745434678342, 502.14077478733134], "shapeUIy": [162.96055050853343, 121.81898872612183, 140.3300746850402, 214.1704642572905, 282.21278209038746], "shapeUOx": [197.2025434814094, 320.23765797670717, 422.05600274001006, 492.6307758338602, 525.6193495873633], "shapeUOy": [152.6143390427453, 88.53275418005244, 128.3897358790788, 192.04109487341975, 260.135858386057], "shapeLIx": [190.02185386517726, 278.51941993618254, 348.52464147467373, 476.10753549381434, 502.14077478733134], "shapeLIy": [162.96055050853343, 343.0499032047463, 378.7592013727925, 323.0585809172998, 282.21278209038746], "shapeLOx": [203.27122440402007, 271.97425810666465, 408.5933488235616, 481.32130448617943, 516.6959584742526], "shapeLOy": [248.63172805970189, 333.61621749887223, 337.02155350065186, 312.04578528174125, 268.2923639567657], "pplXY": [[326.7715103586089, 108.85680484538969], [429.5613975086943, 221.90362254268092], [321.4230466886457, 382.99190201717323], [221.2302977519982, 214.66688077954169]]}