{"shapeUIx": [178.7659034047618, 271.27451027020595, 358.4166274268892, 454.70561215011304, 512.377389120182], "shapeUIy": [169.03569854871677, 137.66228386055016, 143.21062457416156, 194.3485429020102, 263.7977171494454], "shapeUOx": [218.2794512457628, 316.18641174715134, 407.9970766289487, 488.13758785062737, 558.734124269271], "shapeUOy": [111.19616039138086, 84.76129804615854, 113.2547228364645, 171.65948863683334, 237.0744891742347], "shapeLIx": [178.7659034047618, 294.12640912661357, 379.0013083826671, 487.1764679009385, 512.377389120182], "shapeLIy": [169.03569854871677, 355.60739548394395, 371.4402096864168, 312.83578309520163, 263.7977171494454], "shapeLOx": [199.0634836492966, 294.26220917679996, 420.12282158932624, 497.7720380166114, 537.0693295505067], "shapeLOy": [255.7935200498846, 333.93834124334353, 322.2985977959731, 292.7698517488385, 251.39196568339193], "pplXY": [[328.6957204804935, 85.29837766897204], [441.3448073109448, 216.4921144469428], [323.9823323866619, 382.14739635915043], [215.27113634194257, 213.71729314211726]]}