{"shapeUIx": [158.79167782627252, 240.5130773415563, 344.67977317565726, 436.97831124380957, 502.4950768098462], "shapeUIy": [218.00405830662098, 150.098275238313, 116.68130456034491, 140.41264772929884, 202.2932957202496], "shapeUOx": [183.34303682700718, 282.0185027436465, 384.119527479407, 508.01771924184914, 562.4050861865504], "shapeUOy": [173.52716965520372, 92.52823143882772, 83.23289634637686, 126.61988976737106, 174.91258359416852], "shapeLIx": [158.79167782627252, 269.67782309175874, 394.5423931235806, 477.65880421363875, 502.4950768098462], "shapeLIy": [218.00405830662103, 368.5032992523326, 373.02795096395823, 292.1450834989348, 202.2932957202496], "shapeLOx": [187.97112987960875, 330.6011359452859, 487.15291961798766, 521.7364245778538, 549.0506560387514], "shapeLOy": [256.9212331627345, 363.7235814023953, 306.25838663199136, 245.41059396398722, 174.76194948459482], "pplXY": [[322.7811079068899, 69.58520767037837], [439.7442384920943, 214.49188841565768], [320.0222705502749, 380.92777549212195], [207.06766063168106, 218.1787250009354]]}