{"shapeUIx": [190.0218636392261, 292.86198522521556, 385.9636034424526, 477.27452407594757, 502.1407739460754], "shapeUIy": [162.96055400405334, 121.81898534001093, 140.33004125228223, 214.17038770757227, 282.21270296660975], "shapeUOx": [197.2025642445838, 320.23766404981205, 422.055971362927, 492.63076708295114, 525.6193892701017], "shapeUOy": [152.61432772820692, 88.53274254474448, 128.38969429103554, 192.04103140815954, 260.13577706807416], "shapeLIx": [190.0218636392261, 278.5194025654088, 348.524642387832, 476.1075518181131, 502.1407739460754], "shapeLIy": [162.96055400405334, 343.0498823428835, 378.7591933911994, 323.05853857272535, 282.21270296660975], "shapeLOx": [203.27128164338373, 271.97442149331386, 408.593492379845, 481.3213843358759, 516.695989574429], "shapeLOy": [248.63175094738727, 333.61623036622757, 337.02148539840556, 312.04569069576576, 268.2922794525065], "pplXY": [[326.77151338563414, 108.85674062349355], [429.5614047955804, 221.90359202561353], [321.423039747577, 382.9918753925432], [221.23029385247918, 214.66684701050553]]}