{"shapeUIx": [168.1117296838186, 253.72441702608657, 344.12419837306487, 422.42905606609355, 500.4825359589639], "shapeUIy": [219.9998611483441, 172.04876975564017, 152.64403761320116, 155.9561476335067, 195.6347498980208], "shapeUOx": [210.53276919031526, 296.5261868025583, 381.71054452487385, 474.77943875093143, 558.800141084609], "shapeUOy": [157.50362089938434, 112.44825924689928, 110.83814568684002, 132.91305717876654, 169.29866551343187], "shapeLIx": [168.1117296838186, 273.0492889065838, 393.52322964998757, 465.83422697774023, 500.4825359589639], "shapeLIy": [219.9998611483441, 337.45552193903234, 341.2898659532817, 277.7276354174301, 195.6347498980208], "shapeLOx": [185.39589893909118, 292.46813220404346, 431.23766756491307, 503.0000937007182, 547.6663909672324], "shapeLOy": [254.8229996136318, 323.6662870158017, 296.73312552069746, 243.02891879538356, 171.49335302224765], "pplXY": [[325.1556981799082, 95.78860723146245], [427.5230896224868, 218.20882012566463], [325.3882382484163, 351.49262208394197], [225.2637394992209, 222.70829334077104]]}