{"shapeUIx": [178.76590467815856, 271.2745084266769, 358.416625208023, 454.7056096278683, 512.3773890111958], "shapeUIy": [169.0356990157562, 137.66228342755704, 143.21062022548307, 194.34853293958744, 263.79770685141807], "shapeUOx": [218.2794539340852, 316.18641251942944, 407.99707252346235, 488.13758670688156, 558.7341294319003], "shapeUOy": [111.19615895037228, 84.7612965495949, 113.25471742816599, 171.65948037968664, 237.07447860212113], "shapeLIx": [178.76590467815856, 294.1264068535032, 379.0013085011898, 487.1764700253901, 512.3773890111958], "shapeLIy": [169.0356990157562, 355.60739276424584, 371.440208647191, 312.835777585403, 263.79770685141807], "shapeLOx": [199.0634911104326, 294.2622304611001, 420.1228402794294, 497.77204841084074, 537.0693335959583], "shapeLOy": [255.79352303526534, 333.93834292388, 322.29858893350445, 292.7698394421725, 251.39195469340035], "pplXY": [[328.69572087285917, 85.29836931902686], [441.3448082566694, 216.49211047731373], [323.9823314818244, 382.14739288797836], [215.2711358351077, 213.71728874787473]]}