{"shapeUIx": [178.76590340476145, 271.2745102702064, 358.41662742688976, 454.70561215011367, 512.377389120182], "shapeUIy": [169.03569854871665, 137.66228386055027, 143.21062457416275, 194.34854290201287, 263.7977171494482], "shapeUOx": [218.2794512457621, 316.1864117471511, 407.9970766289498, 488.13758785062765, 558.7341242692695], "shapeUOy": [111.19616039138127, 84.76129804615896, 113.25472283646596, 171.65948863683556, 237.07448917423758], "shapeLIx": [178.76590340476145, 294.12640912661413, 379.00130838266705, 487.17646790093795, 512.377389120182], "shapeLIy": [169.03569854871665, 355.6073954839447, 371.44020968641706, 312.83578309520306, 263.7977171494482], "shapeLOx": [199.0634836492946, 294.2622091767942, 420.12282158932123, 497.77203801660863, 537.0693295505056], "shapeLOy": [255.79352004988382, 333.9383412433431, 322.2985977959755, 292.7698517488418, 251.39196568339494], "pplXY": [[328.6957204804934, 85.2983776689743], [441.34480731094465, 216.49211444694387], [323.9823323866621, 382.1473963591514], [215.2711363419427, 213.71729314211842]]}