{"shapeUIx": [158.79168218980578, 240.51307104665835, 344.67976549304075, 436.97830252237435, 502.4950764247563], "shapeUIy": [218.00405968887262, 150.09827360159923, 116.68128952686543, 140.41261339082774, 202.29326023652817], "shapeUOx": [183.34304635337557, 282.01850574521086, 384.1195137409126, 508.01771539099553, 562.4051040149808], "shapeUOy": [173.5271640971201, 92.52822594844143, 83.2328776281197, 126.61986126124539, 174.9125469503968], "shapeLIx": [158.79168218980578, 269.67781548996527, 394.5423935380741, 477.6588115370514, 502.4950764247563], "shapeLIy": [218.00405968887262, 368.50328996568544, 373.02794739092326, 292.14506448791366, 202.29326023652817], "shapeLOx": [187.97115537502162, 330.6012089211453, 487.15298390372556, 521.736460360953, 549.050670020536], "shapeLOy": [256.92124332692913, 363.72358708348435, 306.2583560739145, 245.4105514880145, 174.7619114606563], "pplXY": [[322.78110928896507, 69.58517873773366], [439.74424180088835, 214.4918746963152], [320.022267459687, 380.9277636432144], [207.06765887229622, 218.17870984411746]]}