{"shapeUIx": [151.78761398535647, 222.5522117468948, 327.74905012795085, 407.7846214479157, 492.0536904005024], "shapeUIy": [252.24043820552583, 181.21228180321185, 137.46896056410884, 137.30999032836067, 186.27155866876888], "shapeUOx": [158.92081310028965, 241.1910509104094, 332.2605851791046, 477.50003033199357, 548.021574120892], "shapeUOy": [225.46498904638338, 133.83706481140783, 100.44626286503922, 127.2438551795165, 173.28850767234343], "shapeLIx": [151.78761398535647, 256.093013216757, 396.4694879577303, 461.1912542895269, 492.0536904005024], "shapeLIy": [252.24043820552583, 356.92131520264127, 357.4602625522721, 281.37960356438555, 186.27155866876888], "shapeLOx": [183.3074146411838, 318.64783300461033, 467.1705772921223, 505.57762935146354, 541.4716606273837], "shapeLOy": [272.15284813070764, 354.8773955388485, 304.2427190792972, 246.68633935251432, 169.11429185924675], "pplXY": [[317.8305462208672, 104.40847907690173], [417.2122258557878, 224.0307693322471], [318.40071407775065, 354.6202718834677], [220.24017283688687, 229.3263358452487]]}