{"shapeUIx": [165.6440966369974, 254.64579184675395, 354.8114843638845, 461.3990702054672, 524.4030556677567], "shapeUIy": [170.03984484235895, 124.35312653406086, 117.26297732914307, 164.62320510769024, 237.61794388925938], "shapeUOx": [188.83039154860728, 302.44292686441736, 399.13002264722286, 508.0272279466614, 577.3631528617265], "shapeUOy": [140.44376287136726, 72.5625026366646, 84.57128782796164, 147.92117159572018, 218.6888784152622], "shapeLIx": [165.6440966369974, 274.55860525408235, 360.42784263961573, 508.0710633594841, 524.4030556677567], "shapeLIy": [170.03984484235897, 371.3813466660123, 402.85954158949227, 313.3645817259875, 237.61794388925938], "shapeLOx": [204.4570943240657, 312.71534217188196, 455.8187913287259, 527.2993162277913, 546.9284217201134], "shapeLOy": [300.3902979940734, 364.8740871159672, 334.6745287480772, 288.0969673266599, 236.16234207796236], "pplXY": [[327.0728368671633, 82.33771642976718], [440.5227435713382, 215.49628597830005], [319.6818130775797, 398.32826011928034], [207.6639423503691, 212.28839482344134]]}