{"shapeUIx": [151.7875249898388, 222.55234077528957, 327.7492046216115, 407.7847971528264, 492.05369792588453], "shapeUIy": [252.24040391043098, 181.21231091102408, 137.46926352334543, 137.31068515652154, 186.2722769962981], "shapeUOx": [158.92062757362464, 241.19099961641055, 332.2608746201042, 477.50011078723526, 548.0212143084361], "shapeUOy": [225.46508508926135, 133.8371666851282, 100.44663948747652, 127.24443073545157, 173.28924349414237], "shapeLIx": [151.7875249898388, 256.09317351239326, 396.4694797340619, 461.1911061294877, 492.05369792588453], "shapeLIy": [252.24040391043098, 356.92150554371887, 357.4603351023503, 281.3799876953321, 186.2722769962981], "shapeLOx": [183.30689261654044, 318.64634566004986, 467.1692727648059, 505.5769040887294, 541.471378761141], "shapeLOy": [272.1526389681328, 354.8772774935257, 304.2433370968376, 246.68719724031544, 169.1150572799591], "pplXY": [[317.8305190797853, 104.40906028620728], [417.2121602686524, 224.03104591034648], [318.40077739602896, 354.62051484727533], [220.24020809105477, 229.3266422312823]]}