{"shapeUIx": [190.0218538649117, 292.8619993666882, 385.9636205065059, 477.2745434683631, 502.14077478735453], "shapeUIy": [162.9605505084444, 121.81898872621801, 140.33007468595218, 214.17046425937588, 282.2127820925426], "shapeUOx": [197.2025434808367, 320.2376579765325, 422.0560027408536, 492.63077583409614, 525.6193495862813], "shapeUOy": [152.61433904306966, 88.53275418037843, 128.38973588021386, 192.04109487514992, 260.1358583882778], "shapeLIx": [190.0218538649117, 278.51941993664946, 348.5246414746487, 476.1075354933696, 502.14077478735453], "shapeLIy": [162.9605505084444, 343.04990320531226, 378.75920137300966, 323.0585809184539, 282.2127820925426], "shapeLOx": [203.27122440246677, 271.9742581022241, 408.5933488196545, 481.3213044840053, 516.6959584734043], "shapeLOy": [248.6317280590818, 333.61621749852475, 337.02155350250746, 312.04578528431955, 268.2923639590717], "pplXY": [[326.7715103585257, 108.8568048471434], [429.5613975084945, 221.90362254351325], [321.423046688834, 382.9919020178954], [221.2302977521048, 214.6668807804619]]}