{"shapeUIx": [165.64409725729004, 254.645790963748, 354.8114832297632, 461.3990689240817, 524.4030556068456], "shapeUIy": [170.03984492318096, 124.35312622028383, 117.2629751221584, 164.6232001201783, 237.61793874147847], "shapeUOx": [188.83039306946316, 302.4429274794351, 399.1300208690883, 508.0272274355211, 577.3631554690868], "shapeUOy": [140.44376175243937, 72.56250166419065, 84.57128506866276, 147.92116743140463, 218.6888729854868], "shapeLIx": [165.64409725729, 274.55860427285864, 360.4278427029644, 508.07106442363045, 524.4030556068456], "shapeLIy": [170.03984492318096, 371.3813453633441, 402.85954107525407, 313.36457895425724, 237.61793874147844], "shapeLOx": [204.45709791035836, 312.71535256742646, 455.818800594658, 527.2993214020914, 546.9284237708945], "shapeLOy": [300.3902994040611, 364.87408788241277, 334.67452430388175, 288.09696112696855, 236.16233647944335], "pplXY": [[327.07283708354305, 82.33771214726612], [440.5227440777941, 215.49628396620886], [319.68181264355064, 398.3282584591715], [207.66394208827424, 212.28839261630864]]}