{"shapeUIx": [158.79168218982298, 240.5130710466335, 344.6797654930106, 436.9783025223401, 502.4950764247548], "shapeUIy": [218.00405968887836, 150.098273601593, 116.68128952680641, 140.41261339069277, 202.2932602363887], "shapeUOx": [183.34304635341266, 282.01850574522217, 384.11951374085805, 508.01771539098024, 562.4051040150508], "shapeUOy": [173.52716409709907, 92.52822594842033, 83.23287762804623, 126.61986126113341, 174.9125469502531], "shapeLIx": [158.79168218982298, 269.6778154899351, 394.5423935380757, 477.65881153708017, 502.49507642475476], "shapeLIy": [218.00405968887836, 368.50328996564883, 373.0279473909092, 292.145064487839, 202.2932602363887], "shapeLOx": [187.97115537512212, 330.6012089214327, 487.15298390397845, 521.7364603610937, 549.0506700205908], "shapeLOy": [256.9212433269693, 363.72358708350686, 306.2583560737944, 245.41055148784767, 174.76191146050706], "pplXY": [[322.78110928897047, 69.58517873762017], [439.74424180090125, 214.49187469626136], [320.02226745967477, 380.9277636431676], [207.06765887228931, 218.1787098440579]]}