{"shapeUIx": [157.48931664397534, 235.16699426770796, 339.1205314767491, 422.69478696245085, 496.9447883734887], "shapeUIy": [241.0722850833269, 177.15476579483345, 144.52919232818198, 155.40853258828355, 203.1213023085167], "shapeUOx": [167.5857364389104, 254.53899132364754, 351.741424597336, 481.9145731264206, 549.2401886771995], "shapeUOy": [213.98350411920472, 131.72745151232837, 109.8381082996671, 139.95252784909627, 188.76925601576403], "shapeLIx": [157.48931664397534, 258.8826975043744, 391.57076710885076, 463.5853537949074, 496.9447883734887], "shapeLIy": [241.0722850833269, 350.4291561496886, 354.4186654714057, 287.4298199162036, 203.1213023085167], "shapeLOx": [184.64773391676718, 303.6498037249265, 447.59859692747193, 499.8224013720252, 540.0462516160175], "shapeLOy": [266.32053843448267, 346.343230395731, 309.4904005158051, 257.82175577793794, 186.3550459755258], "pplXY": [[320.23126731164496, 109.09988227714855], [421.0370713061299, 224.66311036843294], [320.5882582652454, 357.1650271244067], [221.1961944317477, 228.661643753525]]}