{"shapeUIx": [151.78761340435526, 222.55221258649598, 327.7490511457633, 407.7846226040955, 492.0536904510258], "shapeUIy": [252.24043800738377, 181.21228201125325, 137.46896255727935, 137.3099948875512, 186.27156338075582], "shapeUOx": [158.92081185217336, 241.1910505337069, 332.2605870296805, 477.50003084915204, 548.021571755951], "shapeUOy": [225.4649897463603, 133.83706551904712, 100.44626534535843, 127.24385896141749, 173.28851252451918], "shapeLIx": [151.78761340435526, 256.09301424104194, 396.4694879030807, 461.191253317237, 492.0536904510258], "shapeLIy": [252.24043800738377, 356.92131644127704, 357.46026302724744, 281.3796060872432, 186.27156338075582], "shapeLOx": [183.30741124186557, 318.64782329059824, 467.17056874807696, 505.57762459765735, 541.4716587734297], "shapeLOy": [272.1528467731036, 354.8773947774026, 304.24272313585567, 246.68634498845296, 169.1142968985359], "pplXY": [[317.83054603927224, 104.40848290858108], [417.2122254196247, 224.0307711514272], [318.4007144899066, 354.6202734640939], [220.2401730696858, 229.32633785696117]]}