{"shapeUIx": [164.28995498136362, 276.3858010317973, 389.229672397208, 498.7026395423253, 546.2036766984465], "shapeUIy": [174.4795846784284, 131.04612337607654, 137.55920668747405, 193.53404006366384, 257.90745854393316], "shapeUOx": [177.79085314487884, 278.19055406404965, 398.0450266542255, 513.6099351615914, 581.4484096590683], "shapeUOy": [156.45327141262848, 99.96395880358814, 102.54271793774515, 163.51896110105972, 246.043718563744], "shapeLIx": [164.28995498136362, 266.53864776469607, 359.8544642855566, 501.8064808355567, 546.2036766984465], "shapeLIy": [174.4795846784284, 350.35640834127327, 377.6499987109905, 321.3983054287478, 257.90745854393316], "shapeLOx": [188.6566429428148, 267.14852541869703, 382.80532592203593, 507.22609895889093, 553.3919237460416], "shapeLOy": [262.588023797962, 342.0261347940724, 353.2209387058336, 313.14980094412147, 257.41007177781137], "pplXY": [[330.0784689492708, 93.70690232699185], [446.7542505627665, 219.22182662110373], [324.6444589836239, 390.72154408179955], [212.7587361991995, 216.2965265323155]]}