{"shapeUIx": [159.79198369951968, 266.6803591826284, 376.89555144955295, 469.86678091360164, 528.7453452080465], "shapeUIy": [186.99596979819785, 125.34217234387935, 121.27517288768033, 164.67596950742637, 230.85286246350225], "shapeUOx": [163.01696993200926, 244.2412472439633, 366.49177768458964, 488.5036468479387, 550.2261813922695], "shapeUOy": [157.89036017871226, 93.29108691570528, 85.24356677685735, 137.25786226526213, 224.02786586188614], "shapeLIx": [159.79198369951968, 271.8977360748083, 380.03102306377934, 466.0518022931261, 528.7453452080465], "shapeLIy": [186.99596979819782, 352.68250511360316, 362.164930946466, 309.172969838311, 230.8528624635022], "shapeLOx": [166.26574307903218, 250.17318692190074, 358.76778877934123, 474.1534815790369, 548.6255826484912], "shapeLOy": [228.1906095227501, 338.06016071887274, 346.9139493924264, 295.0580815856699, 218.62456348935362], "pplXY": [[323.54221656031166, 86.84646319239637], [432.3558227269361, 226.50069849480616], [322.3835309456515, 381.58322610892765], [222.05504564851717, 227.02473130485177]]}