{"shapeUIx": [178.7659232996753, 271.2744813273217, 358.4165932537528, 454.70557323222863, 512.3773874906313], "shapeUIy": [169.0357072073828, 137.66227805014265, 143.21055745308266, 194.34838849753964, 263.79755747103917], "shapeUOx": [218.2794912866128, 316.18642159636596, 407.99701042732875, 488.1375695542516, 558.734204072154], "shapeUOy": [111.19614174684827, 84.76127692317013, 113.25463949480431, 171.65936094461216, 237.07432659134173], "shapeLIx": [178.7659232996753, 294.12637244137915, 379.00131018243474, 487.1765008216629, 512.3773874906313], "shapeLIy": [169.0357072073828, 355.60735278570394, 371.44019352357384, 312.83569782434057, 263.79755747103917], "shapeLOx": [199.063600668018, 294.26254146519113, 420.1231121022867, 497.7721993853731, 537.0693920134663], "shapeLOy": [255.7935671042742, 333.93836798403174, 322.29846050870367, 292.76966137019036, 251.39179624840705], "pplXY": [[328.6957263765236, 85.2982492054869], [441.3448216621315, 216.49205315318468], [323.98231818713435, 382.1473418400459], [215.27112856437876, 213.71722510495616]]}