{"shapeUIx": [168.1117296838191, 253.72441702608586, 344.12419837306396, 422.42905606609247, 500.4825359589639], "shapeUIy": [219.99986114834428, 172.04876975563997, 152.64403761319937, 155.95614763350255, 195.6347498980165], "shapeUOx": [210.5327691903164, 296.5261868025586, 381.71054452487226, 474.779438750931, 558.8001410846111], "shapeUOy": [157.50362089938372, 112.44825924689863, 110.83814568683776, 132.9130571787631, 169.29866551342747], "shapeLIx": [168.1117296838191, 273.0492889065829, 393.5232296499876, 465.83422697774114, 500.4825359589639], "shapeLIy": [219.99986114834428, 337.4555219390312, 341.28986595328126, 277.7276354174278, 195.6347498980165], "shapeLOx": [185.39589893909428, 292.46813220405227, 431.2376675649208, 503.0000937007226, 547.6663909672341], "shapeLOy": [254.82299961363302, 323.66628701580237, 296.73312552069376, 243.02891879537847, 171.49335302224307], "pplXY": [[325.1556981799083, 95.78860723145895], [427.52308962248725, 218.20882012566298], [325.3882382484159, 351.49262208394055], [225.26373949922066, 222.70829334076922]]}