{"shapeUIx": [164.09513050913728, 276.76512912038186, 389.5607953738642, 499.1443878328902, 546.2742525276302], "shapeUIy": [174.04275184259433, 130.84287470742652, 138.06788007677093, 194.9755893359878, 259.448677073112], "shapeUOx": [177.72387916290555, 278.5125634513708, 399.20952757760153, 513.9601979335403, 580.8128549745816], "shapeUOy": [155.8618217475482, 99.69794249242577, 103.16744678306402, 164.6419319943455, 247.3647103119503], "shapeLIx": [164.09513050913728, 267.1549109792628, 359.8112817096734, 501.56147224713715, 546.2742525276303], "shapeLIy": [174.04275184259436, 350.8645635164786, 377.8562780373275, 322.2043871736566, 259.448677073112], "shapeLOx": [187.3532802408268, 263.6554105822292, 379.952353015834, 505.71993252616795, 552.8921036333434], "shapeLOy": [262.0016385307421, 341.6800324565087, 354.5180779578275, 314.87395416777025, 258.87175511094796], "pplXY": [[330.0737800449673, 94.64711361942169], [446.7291606608952, 219.73083292966083], [324.8106432014946, 391.4282569922958], [212.7958357099012, 216.88825323961427]]}