{"shapeUIx": [158.7916821898249, 240.51307104663073, 344.67976549300727, 436.97830252233626, 502.49507642475464], "shapeUIy": [218.00405968887898, 150.0982736015923, 116.68128952679976, 140.41261339067765, 202.29326023637307], "shapeUOx": [183.3430463534168, 282.0185057452235, 384.11951374085197, 508.01771539097854, 562.4051040150587], "shapeUOy": [173.52716409709674, 92.52822594841794, 83.23287762803798, 126.61986126112083, 174.91254695023696], "shapeLIx": [158.7916821898249, 269.67781548993173, 394.5423935380759, 477.6588115370834, 502.49507642475464], "shapeLIy": [218.00405968887904, 368.50328996564474, 373.0279473909077, 292.1450644878306, 202.29326023637304], "shapeLOx": [187.9711553751334, 330.60120892146494, 487.15298390400676, 521.7364603611095, 549.0506700205971], "shapeLOy": [256.9212433269738, 363.72358708350936, 306.25835607378093, 245.41055148782894, 174.7619114604903], "pplXY": [[322.7811092889711, 69.58517873760744], [439.7442418009027, 214.4918746962553], [320.0222674596734, 380.9277636431624], [207.06765887228852, 218.1787098440512]]}