{"shapeUIx": [158.7916821896369, 240.51307104690227, 344.67976549333696, 436.9783025227108, 502.495076424771], "shapeUIy": [218.00405968881608, 150.09827360166045, 116.68128952744539, 140.41261339215382, 202.29326023789866], "shapeUOx": [183.34304635301126, 282.0185057450996, 384.1195137414489, 508.01771539114554, 562.4051040142928], "shapeUOy": [173.52716409732662, 92.5282259486489, 83.23287762884149, 126.61986126234561, 174.91254695180913], "shapeLIx": [158.7916821896369, 269.67781549026205, 394.5423935380582, 477.65881153676855, 502.495076424771], "shapeLIy": [218.00405968881608, 368.50328996604526, 373.0279473910614, 292.14506448864756, 202.29326023789866], "shapeLOx": [187.97115537403397, 330.6012089183218, 487.1529839012411, 521.7364603595705, 549.0506700199966], "shapeLOy": [256.9212433265349, 363.7235870832634, 306.2583560750944, 245.41055148965407, 174.76191146212273], "pplXY": [[322.7811092889121, 69.58517873884891], [439.7442418007612, 214.49187469684452], [320.02226745980676, 380.92776364367353], [207.06765887236398, 218.17870984470264]]}