{"shapeUIx": [168.11153521451178, 253.72469153670335, 344.1245628472229, 422.42946665560885, 500.48255631640114], "shapeUIy": [219.99985986675264, 172.04888504796284, 152.64474436487927, 155.95773408837266, 195.63638615204917], "shapeUOx": [210.53225748075403, 296.5259546796564, 381.7110657297754, 474.77959147760623, 558.79930807407], "shapeUOy": [157.50404039988007, 112.44860428774129, 110.83903165862685, 132.91438670891586, 169.30041464910272], "shapeLIx": [168.11153521451178, 273.04957593484534, 393.5232088380645, 465.83388842863314, 500.48255631640114], "shapeLIy": [219.99985986675264, 337.45592684917176, 341.2900285867128, 277.7285192122103, 195.63638615204917], "shapeLOx": [185.39478221996924, 292.46486751576373, 431.23473503138086, 502.9984526318796, 547.6657345442223], "shapeLOy": [254.82256466556674, 323.6660552435814, 296.7345402406728, 243.03089695242429, 171.49514936250497], "pplXY": [[325.1556261660589, 95.78998570101939], [427.52292327091317, 218.209464059279], [325.38837325269975, 351.4931376932492], [225.26382418824656, 222.70899648017652]]}