{"shapeUIx": [178.76590421060536, 271.27450910402405, 358.4166260210992, 454.70561055235186, 512.3773890509732], "shapeUIy": [169.0356988397977, 137.66228358340095, 143.21062181948338, 194.34853659338552, 263.7977106285384], "shapeUOx": [218.2794529534611, 316.18641224315894, 407.9970740376397, 488.13758712823426, 558.7341275391597], "shapeUOy": [111.19615946674514, 84.76129709166017, 113.2547194101245, 171.65948340713018, 237.07448247534754], "shapeLIx": [178.76590421060536, 294.1264076919678, 379.00130845784304, 487.17646924624813, 512.3773890509732], "shapeLIy": [169.0356988397977, 355.60739376351387, 371.44020902851946, 312.83577960575843, 263.7977106285384], "shapeLOx": [199.06348836945628, 294.26222264698, 420.12283342191165, 497.77204459777784, 537.0693321130343], "shapeLOy": [255.79352193777223, 333.9383423052451, 322.2985921836606, 292.76984395456327, 251.3919587211213], "pplXY": [[328.6957207295646, 85.29837237831592], [441.34480791082404, 216.49211193245105], [323.9823318142592, 382.1473941634281], [215.27113602073842, 213.71729035927729]]}