{"shapeUIx": [158.7916821898246, 240.51307104663115, 344.6797654930077, 436.9783025223369, 502.49507642475464], "shapeUIy": [218.0040596888789, 150.0982736015924, 116.68128952680078, 140.41261339067995, 202.29326023637546], "shapeUOx": [183.34304635341618, 282.01850574522325, 384.1195137408529, 508.0177153909788, 562.4051040150574], "shapeUOy": [173.5271640970971, 92.5282259484183, 83.23287762803923, 126.61986126112276, 174.9125469502394], "shapeLIx": [158.7916821898246, 269.6778154899322, 394.5423935380759, 477.6588115370829, 502.49507642475464], "shapeLIy": [218.0040596888789, 368.5032899656453, 373.0279473909079, 292.1450644878319, 202.29326023637546], "shapeLOx": [187.97115537513167, 330.60120892146006, 487.1529839040025, 521.736460361107, 549.0506700205962], "shapeLOy": [256.9212433269731, 363.72358708350896, 306.258356073783, 245.4105514878318, 174.76191146049285], "pplXY": [[322.781109288971, 69.58517873760935], [439.74424180090244, 214.49187469625622], [320.0222674596736, 380.92776364316325], [207.06765887228866, 218.17870984405226]]}