{"shapeUIx": [178.76590345659739, 271.274510195287, 358.41662733612395, 454.70561204700255, 512.3773891156804], "shapeUIy": [169.03569856650907, 137.66228384206948, 143.21062439640482, 194.3485424953551, 263.7977167291557], "shapeUOx": [218.27945135695182, 316.1864117805734, 407.99707646367153, 488.1375878044517, 558.7341244801931], "shapeUOy": [111.19616032925619, 84.76129798321479, 113.25472261527372, 171.65948829953203, 237.0744887415536], "shapeLIx": [178.76590345659739, 294.12640903513085, 379.0013083875384, 487.1764679876611, 512.3773891156804], "shapeLIy": [169.03569856650907, 355.60739537341846, 371.44020964404683, 312.8357828701868, 263.7977167291557], "shapeLOx": [199.06348395261344, 294.26221004343984, 420.12282235147967, 497.77203844064815, 537.0693297158494], "shapeLOy": [255.7935201710414, 333.93834131131865, 322.29859743415574, 292.7698512461733, 251.3919652339899], "pplXY": [[328.6957204966752, 85.29837732728657], [441.34480734982253, 216.49211428470107], [323.98233234988504, 382.1473962181067], [215.27113632118466, 213.717292962689]]}