{"shapeUIx": [158.79168218982414, 240.51307104663184, 344.6797654930086, 436.9783025223378, 502.49507642475476], "shapeUIy": [218.00405968887875, 150.09827360159255, 116.6812895268024, 140.4126133906836, 202.29326023637924], "shapeUOx": [183.34304635341516, 282.01850574522297, 384.11951374085436, 508.0177153909793, 562.4051040150555], "shapeUOy": [173.52716409709768, 92.52822594841888, 83.23287762804122, 126.6198612611258, 174.91254695024332], "shapeLIx": [158.79168218982414, 269.67781548993304, 394.5423935380758, 477.65881153708216, 502.49507642475464], "shapeLIy": [218.00405968887875, 368.50328996564633, 373.02794739090825, 292.14506448783396, 202.29326023637924], "shapeLOx": [187.97115537512894, 330.6012089214522, 487.15298390399556, 521.7364603611032, 549.0506700205947], "shapeLOy": [256.92124332697205, 363.72358708350833, 306.2583560737863, 245.41055148783636, 174.76191146049692], "pplXY": [[322.7811092889708, 69.58517873761245], [439.74424180090216, 214.49187469625767], [320.02226745967397, 380.9277636431645], [207.06765887228886, 218.17870984405386]]}