{"shapeUIx": [160.38396142044937, 265.850900896114, 376.1694038530996, 468.78182361944766, 528.3639468412384], "shapeUIy": [188.2573333808301, 126.14366820641492, 120.4790417882783, 161.8289957677443, 227.75872681990717], "shapeUOx": [163.14255010138285, 243.46994333774882, 363.5822499033465, 487.4552837143021, 551.3846870524275], "shapeUOy": [159.8302746333531, 94.42634519661586, 84.35160597087811, 135.22192980401294, 221.63514404908565], "shapeLIx": [160.38396142044937, 270.36185785657693, 380.16852993351, 466.48491040973903, 528.3639468412384], "shapeLIy": [188.2573333808301, 351.3649193231751, 361.56735378968114, 307.46285907112343, 227.75872681990717], "shapeLOx": [169.56465537253598, 258.5730679544418, 365.4314264075084, 477.4609675679541, 549.4870045424915], "shapeLOy": [229.57858001180006, 338.79686500633045, 343.87210340188284, 291.38183575317413, 215.88136842248497], "pplXY": [[323.50470890891336, 85.13288172739324], [432.31445989176956, 225.41693767164588], [321.9776654817374, 379.7272869557425], [221.99511176311248, 225.6996522507145]]}