{"shapeUIx": [159.79474832237742, 266.6762941303147, 376.8909755422436, 469.86154187473693, 528.7451367147567], "shapeUIy": [186.99764118414348, 125.34169732999707, 121.2661436256581, 164.65497483344126, 230.83112806952937], "shapeUOx": [163.02185523173944, 244.2418544878736, 366.48187773235406, 488.5009547407261, 550.2369537676276], "shapeUOy": [157.8891060787848, 93.28893638103943, 85.23240521822731, 137.24060198436692, 224.00620266576874], "shapeLIx": [159.79474832237742, 271.89224449140227, 380.031256012238, 466.0562747349344, 528.7451367147567], "shapeLIy": [186.99764118414345, 352.6765087290404, 362.16271327631773, 309.16141728800926, 230.8311280695293], "shapeLOx": [166.28214290233853, 250.21922684146654, 358.80760149583864, 474.1755209038205, 548.6339895160532], "shapeLOy": [228.1972804392521, 338.0640384727661, 346.8952976322326, 295.03231557624366, 218.60183848474185], "pplXY": [[323.5429533141916, 86.82932323086796], [432.3576661598553, 226.49244204536149], [322.38153766403224, 381.5755582208275], [222.05401498662346, 227.01550031936887]]}