{"shapeUIx": [190.02185386495438, 292.86199936662655, 385.963620506431, 477.2745434682782, 502.1407747873508], "shapeUIy": [162.9605505084587, 121.81898872620255, 140.33007468580564, 214.17046425904078, 282.21278209219633], "shapeUOx": [197.20254348092874, 320.23765797656057, 422.0560027407181, 492.6307758340582, 525.6193495864552], "shapeUOy": [152.61433904301754, 88.53275418032607, 128.38973588003145, 192.04109487487193, 260.13585838792096], "shapeLIx": [190.02185386495438, 278.5194199365744, 348.5246414746527, 476.107535493441, 502.1407747873508], "shapeLIy": [162.9605505084587, 343.0499032052213, 378.7592013729748, 323.0585809182685, 282.21278209219633], "shapeLOx": [203.27122440271637, 271.97425810293765, 408.59334882028236, 481.32130448435464, 516.6959584735406], "shapeLOy": [248.63172805918143, 333.61621749858057, 337.02155350220926, 312.0457852839053, 268.2923639587012], "pplXY": [[326.77151035853905, 108.85680484686159], [429.5613975085266, 221.90362254337953], [321.4230466888037, 382.99190201777935], [221.23029775208767, 214.66688078031407]]}