{"shapeUIx": [178.76590340476156, 271.27451027020624, 358.41662742688953, 454.7056121501134, 512.377389120182], "shapeUIy": [169.03569854871668, 137.66228386055022, 143.2106245741623, 194.34854290201187, 263.7977171494471], "shapeUOx": [218.27945124576235, 316.1864117471512, 407.9970766289494, 488.13758785062754, 558.7341242692701], "shapeUOy": [111.19616039138114, 84.76129804615883, 113.2547228364654, 171.65948863683474, 237.07448917423648], "shapeLIx": [178.76590340476156, 294.1264091266139, 379.0013083826671, 487.1764679009381, 512.377389120182], "shapeLIy": [169.03569854871668, 355.6073954839444, 371.44020968641695, 312.83578309520254, 263.7977171494471], "shapeLOx": [199.06348364929534, 294.2622091767963, 420.1228215893231, 497.7720380166097, 537.069329550506], "shapeLOy": [255.79352004988408, 333.93834124334325, 322.2985977959746, 292.76985174884055, 251.3919656833938], "pplXY": [[328.6957204804934, 85.29837766897344], [441.3448073109447, 216.49211444694348], [323.98233238666205, 382.147396359151], [215.27113634194265, 213.71729314211802]]}