{"shapeUIx": [190.02195024740607, 292.861859549445, 385.9634535075751, 477.27435349618725, 502.14076668385525], "shapeUIy": [162.96058849869368, 121.81895779963479, 140.32974710668447, 214.16971256883872, 282.2120049348763], "shapeUOx": [197.2027431735507, 320.23771214049174, 422.0556879986481, 492.6306884364295, 525.6197387134255], "shapeUOy": [152.6142374550465, 88.53264526970429, 128.3893287374052, 192.04047239541745, 260.1350631488285], "shapeLIx": [190.02195024740607, 278.5192456084397, 348.52465034626664, 476.1076957767852, 502.14076668385525], "shapeLIy": [162.96058849869368, 343.0496969409511, 378.75912285025277, 323.0581654288395, 282.2120049348763], "shapeLOx": [203.2717900226025, 271.97586869158835, 408.59476064084134, 481.32208927465297, 516.6962632586984], "shapeLOy": [248.6319548316289, 333.6163456404798, 337.0208849485517, 312.04485741223573, 268.2915364626522], "pplXY": [[326.77153960526147, 108.85617666615977], [429.56146827220783, 221.9033234737273], [321.4229780781897, 382.99163871719435], [221.2302596616346, 214.66654936022036]]}