{"shapeUIx": [159.79198441887573, 266.6803581428991, 376.89555019005513, 469.8667794827802, 528.7453451455923], "shapeUIy": [186.99597004541513, 125.34217208762342, 121.27517042101836, 164.6759638642898, 230.85285663114286], "shapeUOx": [163.01697147461513, 244.2412477072903, 366.49177539047486, 488.5036462070351, 550.2261843191811], "shapeUOy": [157.89035931742742, 93.29108604269565, 85.24356370750843, 137.2578575846084, 224.02785985786994], "shapeLIx": [159.79198441887573, 271.8977348049842, 380.0310231313702, 466.0518034965704, 528.7453451455923], "shapeLIy": [186.99597004541513, 352.6825035797246, 362.16493035848805, 309.1729667158164, 230.85285663114286], "shapeLOx": [166.26574728845466, 250.1731989487635, 358.76779935590264, 474.1534874634376, 548.625584942894], "shapeLOy": [228.19061120421188, 338.0601616623153, 346.91394437151615, 295.05807461028434, 218.62455725321757], "pplXY": [[323.5422167848243, 86.84645845105061], [432.3558232663725, 226.50069624343465], [322.3835304352616, 381.583224151509], [222.0550453604777, 227.02472881494774]]}