{"shapeUIx": [190.2440310040666, 292.0315492814588, 385.39123294542304, 476.526211377509, 502.1790598881154], "shapeUIy": [164.03240436279967, 122.32463725808097, 139.3689770407904, 211.28453177808166, 279.01532282393816], "shapeUOx": [197.01643913972362, 319.23950142344825, 419.6020812248802, 492.02751265406494, 526.9814202628626], "shapeUOy": [154.19888302987198, 89.25298413621353, 127.1167806015699, 189.71296611587877, 257.5062075884483], "shapeLIx": [190.2440310040666, 277.10631055711804, 348.61838612749557, 476.60100242508895, 502.1790598881154], "shapeLIy": [164.03240436279967, 342.0351975071465, 378.322260635588, 321.4700146529021, 279.01532282393816], "shapeLOx": [205.6513022681492, 278.4570324008327, 413.78386102564775, 484.2145269856129, 517.7772289020401], "shapeLOy": [249.8801713123592, 334.3356904191638, 334.67950069737907, 308.7587166918528, 265.3356027363534], "pplXY": [[326.76471553010657, 107.2126532020626], [429.5874325958338, 220.99586192828852], [321.11803753613015, 381.6114215763122], [221.17157203307784, 213.63085864913143]]}