{"shapeUIx": [168.11172968381902, 253.72441702608594, 344.12419837306413, 422.42905606609264, 500.4825359589639], "shapeUIy": [219.99986114834422, 172.04876975564, 152.64403761319966, 155.95614763350326, 195.63474989801722], "shapeUOx": [210.53276919031623, 296.5261868025585, 381.7105445248725, 474.779438750931, 558.8001410846107], "shapeUOy": [157.5036208993838, 112.44825924689874, 110.83814568683815, 132.91305717876367, 169.2986655134282], "shapeLIx": [168.11172968381902, 273.049288906583, 393.5232296499876, 465.83422697774097, 500.4825359589639], "shapeLIy": [219.99986114834422, 337.45552193903137, 341.2898659532813, 277.7276354174282, 195.63474989801722], "shapeLOx": [185.39589893909377, 292.4681322040508, 431.2376675649195, 503.00009370072183, 547.6663909672337], "shapeLOy": [254.8229996136328, 323.6662870158022, 296.7331255206944, 243.02891879537933, 171.49335302224384], "pplXY": [[325.1556981799083, 95.78860723145957], [427.5230896224872, 218.20882012566327], [325.38823824841603, 351.4926220839408], [225.26373949922072, 222.70829334076953]]}