{"shapeUIx": [159.79198415475457, 266.68035852472025, 376.89555065224476, 469.86678000787606, 528.7453451684863], "shapeUIy": [186.99596995395336, 125.34217218122542, 121.27517132626704, 164.67596593560572, 230.8528587719495], "shapeUOx": [163.01697090922505, 244.2412475383015, 366.49177623383645, 488.5036464425686, 550.2261832449642], "shapeUOy": [157.89035963169022, 93.2910863620828, 85.24356483387074, 137.25785930250072, 224.0278620610014], "shapeLIx": [159.79198415475457, 271.89773527181205, 380.0310231065798, 466.0518030548483, 528.7453451684863], "shapeLIy": [186.99596995395336, 352.68250414301286, 362.164930574334, 309.17296786186665, 230.85285877194946], "shapeLOx": [166.26574574268218, 250.17319453307246, 358.76779547334206, 474.153485303427, 548.6255841008525], "shapeLOy": [228.1906105866321, 338.0601613156715, 346.9139462144091, 295.05807717042126, 218.62455954173925], "pplXY": [[323.54221670251076, 86.84646019088234], [432.35582306852746, 226.50069706968503], [322.3835306226898, 381.58322487034627], [222.0550454661634, 227.02472972883425]]}