{"shapeUIx": [190.02185778077848, 292.86199370413567, 385.9636136598981, 477.27453568904957, 502.14077444879285], "shapeUIy": [162.96055188055078, 121.81898734974943, 140.33006127440333, 214.17043356467667, 282.21275036720954], "shapeUOx": [197.2025518401651, 320.23766045577497, 422.0559902128158, 492.63077233702495, 525.619365502547], "shapeUOy": [152.61433442951622, 88.53274947182183, 128.3897191943782, 192.04106942114396, 260.1358257551935], "shapeLIx": [190.02185778077848, 278.5194130016056, 348.52464184157714, 476.10754203915656, 502.14077444879285], "shapeLIy": [162.96055188055078, 343.04989485153754, 378.75919817373966, 323.05856393666767, 282.21275036720954], "shapeLOx": [203.2712473254462, 271.9743235664677, 408.59340636498035, 481.3213364962686, 516.6959709487799], "shapeLOy": [248.6317372202093, 333.61622264360415, 337.0215261936132, 312.04574735003973, 268.29233005616817], "pplXY": [[326.77151157614196, 108.856779075883], [429.5614004367368, 221.90361030207652], [321.42304390927626, 382.9918913569993], [221.23029618687139, 214.66686723843662]]}