{"shapeUIx": [159.79242127808342, 266.67972153544196, 376.8948041939381, 469.86592923006737, 528.7453098406265], "shapeUIy": [186.99617195678601, 125.34205285778917, 121.27370406583154, 164.67258509666055, 230.84936190634926], "shapeUOx": [163.017833552404, 244.24144475599783, 366.49030406865865, 488.50324070708155, 550.2279286536681], "shapeUOy": [157.8899836392126, 93.29064200353174, 85.24174425651199, 137.25506592917336, 224.02431334555553], "shapeLIx": [159.79242127808342, 271.8969193317892, 380.03106220658026, 466.0525238141863, 528.7453098406265], "shapeLIy": [186.996171956786, 352.6815644310576, 362.1645761932306, 309.171101844988, 230.84936190634926], "shapeLOx": [166.26832031308206, 250.18049196907396, 358.7741643991364, 474.15702111544635, 548.6269496267157], "shapeLOy": [228.19164776560314, 338.06075294123247, 346.91094057504773, 295.0539116776025, 218.62085751777778], "pplXY": [[323.5423441705807, 86.843655571669], [432.3561346032942, 226.4993569340217], [322.38321813258113, 381.58202472886603], [222.0548758342486, 227.02324048326096]]}