{"shapeUIx": [168.1116508956481, 253.7245290707357, 344.12434293019317, 422.42921932804086, 500.48254376108036], "shapeUIy": [219.99985219551044, 172.0488105397587, 152.64431877958486, 155.95678245593402, 195.63540506146506], "shapeUOx": [210.53257408565918, 296.5261065260077, 381.71076841119896, 474.77950326584084, 558.7998090123422], "shapeUOy": [157.50376680374742, 112.44838498312284, 110.83849735178187, 132.91358749720297, 169.29935784256037], "shapeLIx": [168.1116508956481, 273.04941242408614, 393.523221548933, 465.83409153013827, 500.48254376108036], "shapeLIy": [219.99985219551044, 337.45568722532136, 341.28993135795065, 277.72798832872485, 195.63540506146506], "shapeLOx": [185.3954438042514, 292.4668113756351, 431.2364890176026, 502.99943537663967, 547.6661297114017], "shapeLOy": [254.82282089125147, 323.6661901241591, 296.73369123785136, 243.02970823762394, 171.4940664751162], "pplXY": [[325.15567046420745, 95.78915320114187], [427.5230248734497, 218.2090764394067], [325.3882933229874, 351.4928327015523], [225.26377292998603, 222.7085743215198]]}