{"shapeUIx": [164.09513050919304, 276.7651291203013, 389.5607953737664, 499.1443878327791, 546.2742525276254], "shapeUIy": [174.04275184261306, 130.84287470740634, 138.06788007657943, 194.97558933554987, 259.4486770726594], "shapeUOx": [177.72387916302583, 278.5125634514075, 399.2095275774244, 513.9601979334908, 580.8128549748088], "shapeUOy": [155.8618217474801, 99.69794249235731, 103.16744678282566, 164.64193199398215, 247.3647103114839], "shapeLIx": [164.09513050919307, 267.15491097916475, 359.81128170967867, 501.56147224723054, 546.2742525276254], "shapeLIy": [174.04275184261306, 350.8645635163597, 377.85627803728187, 322.20438717341426, 259.4486770726594], "shapeLOx": [187.353280241153, 263.6554105831617, 379.95235301665446, 505.7199325266245, 552.8921036335215], "shapeLOy": [262.00163853087236, 341.6800324565816, 354.51807795743775, 314.8739541672288, 258.87175511046365], "pplXY": [[330.0737800449848, 94.6471136190534], [446.7291606609372, 219.73083292948604], [324.81064320145504, 391.42825699214416], [212.79583570987884, 216.888253239421]]}