{"shapeUIx": [157.96409132082727, 252.15192552564253, 361.7593162441717, 457.80621136389436, 508.35348388904305], "shapeUIy": [196.75463624723227, 128.3291252710883, 108.4651299101486, 156.18679074199912, 229.03195416658983], "shapeUOx": [180.16797302778934, 286.84563171389993, 405.3251975845527, 516.6529436010518, 554.8852465774913], "shapeUOy": [157.45091814623868, 75.97622332871154, 82.58827351744968, 140.62516307143073, 207.41034372679087], "shapeLIx": [157.9640913208273, 275.099920703578, 390.6905549985337, 476.9560707882476, 508.35348388904305], "shapeLIy": [196.75463624723224, 377.86781314458733, 383.0263420881498, 311.2888854305913, 229.03195416658983], "shapeLOx": [182.46943194247575, 313.6363641758508, 462.5498699951668, 509.6177429834203, 544.5257870374883], "shapeLOy": [248.48847051776139, 367.29309611410343, 323.97557410949986, 270.1665056435542, 205.76326200122176], "pplXY": [[321.1329681604672, 71.54849831781753], [445.25896211553675, 218.60031338107586], [319.2068420477599, 397.20770007804947], [200.58382905694629, 220.3062329676352]]}