{"shapeUIx": [165.64401524690396, 254.64589228381405, 354.811684871297, 461.39928932004415, 524.4030714860253], "shapeUIy": [170.03997888443314, 124.3532689328036, 117.26335299388077, 164.6239887258027, 237.6187448644395], "shapeUOx": [188.82998490555377, 302.4426114570525, 399.1300369503825, 508.0272495177766, 577.3627214029133], "shapeUOy": [140.44431923847804, 72.56286919540909, 84.5717709134547, 147.92185484646703, 218.68986215357077], "shapeLIx": [165.64401524690396, 274.55860934499515, 360.4278289389013, 508.07089540701446, 524.4030714860253], "shapeLIy": [170.03997888443314, 371.38149497657366, 402.8596163690992, 313.3650298400799, 237.61874486443944], "shapeLOx": [204.45667245675205, 312.7139557101652, 455.81742098389077, 527.2985308433938, 546.9280752192931], "shapeLOy": [300.39015732393244, 364.8740380467656, 334.67523447701257, 288.09797849479196, 236.1633135759118], "pplXY": [[327.0727837597596, 82.3384876839877], [440.522632264845, 215.49662605694357], [319.68186324836097, 398.3284466203656], [207.6639916667993, 212.2887489217382]]}