{"shapeUIx": [164.0951305100028, 276.7651291191316, 389.5607953723462, 499.144387831166, 546.2742525275547], "shapeUIy": [174.04275184288468, 130.8428747071132, 138.06788007379876, 194.97558932919145, 259.4486770660881], "shapeUOx": [177.72387916477186, 278.5125634519399, 399.209527574852, 513.9601979327714, 580.8128549781078], "shapeUOy": [155.86182174649167, 99.69794249136355, 103.16744677936492, 164.64193198870683, 247.36471030471262], "shapeLIx": [164.0951305100028, 267.154910977741, 359.811281709755, 501.5614722485866, 546.2742525275547], "shapeLIy": [174.04275184288468, 350.8645635146341, 377.85627803661964, 322.20438716989537, 259.4486770660881], "shapeLOx": [187.35328024588927, 263.6554105967013, 379.95235302856753, 505.7199325332534, 552.8921036361078], "shapeLOy": [262.00163853276314, 341.68003245764123, 354.5180779517801, 314.87395415936754, 258.8717551034327], "pplXY": [[330.07378004523866, 94.64711361370647], [446.7291606615465, 219.73083292694818], [324.8106432008808, 391.4282569899421], [212.79583570955393, 216.88825323661518]]}