{"shapeUIx": [190.02185386491342, 292.8619993666857, 385.9636205065029, 477.27454346835975, 502.14077478735436], "shapeUIy": [162.96055050844498, 121.81898872621737, 140.33007468594622, 214.17046425936232, 282.2127820925286], "shapeUOx": [197.20254348084043, 320.23765797653357, 422.05600274084816, 492.6307758340946, 525.6193495862883], "shapeUOy": [152.61433904306756, 88.53275418037632, 128.38973588020647, 192.04109487513864, 260.13585838826333], "shapeLIx": [190.02185386491342, 278.5194199366464, 348.52464147464883, 476.10753549337244, 502.14077478735436], "shapeLIy": [162.96055050844498, 343.0499032053085, 378.7592013730083, 323.0585809184464, 282.2127820925286], "shapeLOx": [203.2712244024769, 271.97425810225303, 408.59334881967993, 481.3213044840195, 516.6959584734097], "shapeLOy": [248.63172805908584, 333.61621749852696, 337.02155350249535, 312.0457852843028, 268.29236395905673], "pplXY": [[326.7715103585262, 108.85680484713198], [429.5613975084958, 221.90362254350785], [321.42304668883276, 382.9919020178907], [221.23029775210406, 214.6668807804559]]}