{"shapeUIx": [158.7916821897947, 240.51307104667436, 344.6797654930602, 436.97830252239646, 502.49507642475726], "shapeUIy": [218.0040596888689, 150.09827360160324, 116.6812895269035, 140.41261339091477, 202.29326023661815], "shapeUOx": [183.34304635335167, 282.0185057452036, 384.1195137409478, 508.01771539100537, 562.4051040149357], "shapeUOy": [173.52716409713366, 92.52822594845505, 83.23287762816707, 126.6198612613176, 174.9125469504895], "shapeLIx": [158.7916821897947, 269.67781548998477, 394.54239353807304, 477.6588115370329, 502.49507642475726], "shapeLIy": [218.0040596888689, 368.5032899657091, 373.02794739093235, 292.14506448796186, 202.29326023661812], "shapeLOx": [187.9711553749568, 330.60120892096, 487.1529839035625, 521.7364603608622, 549.0506700205007], "shapeLOy": [256.92124332690327, 363.72358708346985, 306.25835607399193, 245.4105514881221, 174.76191146075251], "pplXY": [[322.7811092889616, 69.58517873780686], [439.74424180088, 214.49187469634995], [320.02226745969483, 380.92776364324453], [207.06765887230068, 218.17870984415586]]}