{"shapeUIx": [157.9640912884516, 252.15192557228784, 361.759316301388, 457.8062114288162, 508.35348389193166], "shapeUIy": [196.7546362375666, 128.32912528364588, 108.46513002204782, 156.1867909973188, 229.03195443039394], "shapeUOx": [180.16797295625722, 286.8456316906687, 405.3251976855949, 516.6529436294385, 554.8852464448389], "shapeUOy": [157.4509181891551, 75.97622337042759, 82.58827365683399, 140.6251632835068, 207.4103439997995], "shapeLIx": [157.9640912884516, 275.0999207594732, 390.6905549954357, 476.95607073379296, 508.35348389193166], "shapeLIy": [196.7546362375666, 377.8678132134015, 383.02634211469257, 311.28888557199895, 229.03195443039394], "shapeLOx": [182.46943175350367, 313.63636363428776, 462.54986951754165, 509.6177427174768, 544.5257869334264], "shapeLOy": [248.48847044252506, 367.2930960721619, 323.97557433674024, 270.1665059595336, 205.76326228433064], "pplXY": [[321.1329681501112, 71.54849853335172], [445.25896209080264, 218.60031348318347], [319.20684207066375, 397.20770016584004], [200.5838290700614, 220.30623308036078]]}