{"shapeUIx": [164.0951305091382, 276.76512912038055, 389.5607953738626, 499.14438783288836, 546.2742525276302], "shapeUIy": [174.04275184259467, 130.8428747074262, 138.06788007676784, 194.97558933598066, 259.4486770731046], "shapeUOx": [177.7238791629075, 278.5125634513714, 399.20952757759864, 513.9601979335396, 580.8128549745853], "shapeUOy": [155.86182174754714, 99.69794249242467, 103.16744678306013, 164.6419319943396, 247.36471031194264], "shapeLIx": [164.0951305091382, 267.15491097926116, 359.8112817096735, 501.5614722471387, 546.2742525276302], "shapeLIy": [174.04275184259467, 350.8645635164766, 377.8562780373267, 322.20438717365266, 259.4486770731046], "shapeLOx": [187.35328024083213, 263.65541058224443, 379.95235301584734, 505.7199325261754, 552.8921036333462], "shapeLOy": [262.0016385307443, 341.6800324565098, 354.51807795782105, 314.87395416776144, 258.87175511094006], "pplXY": [[330.0737800449676, 94.6471136194157], [446.7291606608959, 219.730832929658], [324.8106432014939, 391.4282569922933], [212.79583570990084, 216.88825323961115]]}