{"shapeUIx": [159.79198388170022, 266.6803589193827, 376.89555113032645, 469.866780550989, 528.7453451921928], "shapeUIy": [186.99596986011255, 125.34217227849433, 121.27517226256573, 164.67596807763545, 230.85286098580477], "shapeUOx": [163.0169703236825, 244.2412473624338, 366.4917771046429, 488.50364668584433, 550.2261821339632], "shapeUOy": [157.8903599586135, 93.2910866934585, 85.24356599893794, 137.25786107918955, 224.02786434001283], "shapeLIx": [159.79198388170022, 271.8977357538154, 380.0310230809236, 466.0518025980433, 528.7453451921928], "shapeLIy": [186.99596986011255, 352.68250472524534, 362.16493079751956, 309.1729690471074, 230.85286098580477], "shapeLOx": [166.265744144862, 250.17318996789604, 358.76779145867505, 474.1534830698176, 548.6255832299402], "shapeLOy": [228.19060994837952, 338.06016095755746, 346.9139481202532, 295.0580798181476, 218.6245619088595], "pplXY": [[323.5422166172902, 86.8464619906079], [432.35582286376786, 226.50069792426353], [322.3835308164245, 381.5832256133469], [222.05504557549776, 227.02473067395545]]}