{"shapeUIx": [168.11160583627233, 253.72459256035114, 344.1244277943611, 422.42931487332834, 500.48254853817605], "shapeUIy": [219.99985303620028, 172.04883805163678, 152.64448322652962, 155.95715109296447, 195.6357852127861], "shapeUOx": [210.53245388019195, 296.5260508893415, 381.7108874577169, 474.77953829644196, 558.7996152797755], "shapeUOy": [157.50386723937103, 112.4484668201308, 110.8387036060454, 132.9138966613302, 169.29976530113976], "shapeLIx": [168.11160583627233, 273.04947795291093, 393.52321668311845, 465.83401285877414, 500.48254853817605], "shapeLIy": [219.99985303620028, 337.45578087395904, 341.2899691035059, 277.728193791271, 195.6357852127861], "shapeLOx": [185.3951854273426, 292.4660547130856, 431.23580827724635, 502.9990542683812, 547.6659769914339], "shapeLOy": [254.82272045401487, 323.6661368258265, 296.7340200236926, 243.03016817937896, 171.49448460132606], "pplXY": [[325.15565358220175, 95.78947427014955], [427.5229859735485, 218.20922625128932], [325.3883245520327, 351.4929519329281], [225.26379267090078, 222.70873776013758]]}