{"shapeUIx": [151.7876139855117, 222.55221174667054, 327.7490501276785, 407.7846214476064, 492.0536904004888], "shapeUIy": [252.24043820557785, 181.21228180315558, 137.46896056357568, 137.30999032714158, 186.27155866750897], "shapeUOx": [158.92081310062446, 241.1910509105115, 332.26058517861145, 477.50003033185556, 548.0215741215244], "shapeUOy": [225.4649890461937, 133.8370648112172, 100.44626286437567, 127.24385517850506, 173.28850767104515], "shapeLIx": [151.7876139855117, 256.0930132164841, 396.46948795774495, 461.19125428978697, 492.0536904004888], "shapeLIy": [252.24043820557785, 356.92131520231044, 357.46026255214514, 281.37960356371093, 186.27155866750894], "shapeLOx": [183.30741464209183, 318.6478330072062, 467.17057729440637, 505.57762935273456, 541.4716606278796], "shapeLOy": [272.15284813107013, 354.87739553905163, 304.24271907821253, 246.68633935100706, 169.11429185789868], "pplXY": [[317.83054622091583, 104.40847907587651], [417.2122258559046, 224.03076933176052], [318.40071407764054, 354.6202718830455], [220.24017283682457, 229.32633584471074]]}