{"shapeUIx": [162.34840011177025, 260.7389492750873, 370.10691683451375, 459.5692564477652, 521.9088051649657], "shapeUIy": [201.20322705925517, 141.1136928849363, 129.38933030802633, 160.77294295436354, 220.9079391331927], "shapeUOx": [169.04596630845384, 247.9256314928286, 357.9229130284592, 481.8532218056965, 554.4761912818815], "shapeUOy": [172.6196280575889, 108.19744690802835, 94.03258805367844, 137.3418802051306, 216.38400784744968], "shapeLIx": [162.34840011177025, 264.5307526881113, 383.88317368429887, 465.8944028158359, 521.9088051649657], "shapeLIy": [201.20322705925517, 343.7989712417062, 353.56884568163395, 300.5571026324516, 220.9079391331927], "shapeLOx": [182.20921879077943, 288.66196037626565, 392.636048063384, 488.54840986280453, 549.399362657195], "shapeLOy": [238.10235460292543, 336.74257421154323, 328.15420780816237, 278.5034552984551, 210.45932580346408], "pplXY": [[322.9849162746135, 89.64552475293667], [430.7115108768962, 222.9245581898168], [321.20137568753114, 367.49408090510394], [222.04358381197898, 222.85737509000404]]}