{"shapeUIx": [151.78761398170263, 222.55221175217292, 327.74905013435875, 407.7846214551937, 492.05369040082115], "shapeUIy": [252.24043820429924, 181.21228180453383, 137.46896057665535, 137.30999035705057, 186.27155869841926], "shapeUOx": [158.92081309241237, 241.19105090800866, 332.26058519071313, 477.5000303352397, 548.0215741060068], "shapeUOy": [225.46498905084076, 133.8370648158904, 100.44626288065413, 127.24385520331914, 173.28850770289517], "shapeLIx": [151.78761398170263, 256.09301322318186, 396.46948795738587, 461.1912542834085, 492.05369040082115], "shapeLIy": [252.24043820429924, 356.9213152104279, 357.4602625552602, 281.37960358026305, 186.27155869841926], "shapeLOx": [183.3074146198124, 318.6478329435168, 467.1705772383687, 505.57762932155293, 541.4716606157139], "shapeLOy": [272.1528481221758, 354.8773955340668, 304.24271910482514, 246.68633938798507, 169.11429189097058], "pplXY": [[317.8305462197218, 104.40847910102711], [417.2122258530388, 224.03076934369807], [318.4007140803417, 354.6202718934039], [220.24017283835292, 229.3263358579089]]}