{"shapeUIx": [151.787578360038, 222.5522633342001, 327.74911217493866, 407.78469198309375, 492.05369344427146], "shapeUIy": [252.2404250502439, 181.21229385538695, 137.46908217683264, 137.31026897410754, 186.2718467067719], "shapeUOx": [158.92073801458545, 241.19102944772513, 332.26070017341783, 477.5000623582999, 548.0214297372597], "shapeUOy": [225.46502911274553, 133.83710653617783, 100.44641410266033, 127.24408611164662, 173.28880329005634], "shapeLIx": [151.787578360038, 256.09307688872843, 396.469484644793, 461.1911948700663, 492.05369344427146], "shapeLIy": [252.2404250502439, 356.9213913063781, 357.46029162296276, 281.37975766374086, 186.2718467067719], "shapeLOx": [183.30720586966586, 318.64723754026033, 467.17005448623377, 505.5773386122476, 541.4715474922529], "shapeLOy": [272.1527645801249, 354.87734849048087, 304.2429669535417, 246.68668354194307, 169.1145991891372], "pplXY": [[317.8305352585468, 104.40871255954264], [417.2121994242273, 224.03088034587967], [318.4007393967829, 354.6203690169596], [220.24018700769915, 229.3264587452003]]}