{"shapeUIx": [151.78739152870304, 222.55253489440784, 327.74943449725924, 407.7850588703758, 492.0537089206617], "shapeUIy": [252.24034721423135, 181.2123509001952, 137.46971484084423, 137.3117227227784, 186.27334995310784], "shapeUOx": [158.92035680800672, 241.19093119941323, 332.2613167049036, 477.5002331035842, 548.0206778236222], "shapeUOy": [225.46521431843945, 133.8373108450338, 100.44720004598696, 127.24528912406868, 173.29033741911343], "shapeLIx": [151.78739152870304, 256.09341846501104, 396.46946758479027, 461.19088492292974, 492.0537089206617], "shapeLIy": [252.2403472142314, 356.92179185154055, 357.4604436607015, 281.38056083099883, 186.27334995310784], "shapeLOx": [183.30610787797232, 318.64411556394975, 467.16732164364777, 505.5758200779886, 541.4709587594573], "shapeLOy": [272.15232361927417, 354.87709856189605, 304.2442596505168, 246.6884768923331, 169.1161968482508], "pplXY": [[317.8304792665026, 104.4099244967264], [417.2120635178344, 224.03145800815705], [318.4008726150108, 354.6208804118613], [220.24026043222543, 229.3270994510361]]}