{"shapeUIx": [190.02186005137557, 292.86199041864717, 385.96360969726146, 477.2745311855154, 502.1407742535651], "shapeUIy": [162.96055269640107, 121.81898656579828, 140.33005350998457, 214.17041578500525, 282.21273198947824], "shapeUOx": [197.20255665814227, 320.2376618604061, 422.0559829178851, 492.6307703029173, 525.6193747187899], "shapeUOy": [152.61433181188255, 88.53274677516293, 128.38970953635456, 192.0410546813007, 260.13580687158645], "shapeLIx": [190.02186005137557, 278.51940896294843, 348.5246420535659, 476.1075458306732, 502.1407742535651], "shapeLIy": [162.96055269640107, 343.0498900045691, 378.759196319754, 323.0585541019338, 282.21273198947824], "shapeLOx": [203.2712606239022, 271.9743615218989, 408.5934397101612, 481.32135504316574, 516.6959781715402], "shapeLOy": [248.6317425383682, 333.6162256341587, 337.02151037616835, 312.04572538221316, 268.29231043145694], "pplXY": [[326.7715122786904, 108.85676416216249], [429.561402128355, 221.9036032147319], [321.42304229663034, 382.9918851710658], [221.23029528137403, 214.66685939532476]]}