{"shapeUIx": [159.9982163769294, 266.38091095733046, 376.6304785974116, 469.52442503886175, 528.688555095331], "shapeUIy": [187.32958002614436, 125.48716238575628, 120.8181372732491, 163.4508498392196, 229.56780739183623], "shapeUOx": [163.1038510918906, 243.99900520258643, 365.5053616403428, 488.2105364339379, 550.789388115835], "shapeUOy": [158.3718306461157, 93.50392113341191, 84.70539060715518, 136.31410755316824, 222.93976636822077], "shapeLIx": [159.9982163769294, 271.3673529879273, 380.0524526597482, 466.2886777512469, 528.688555095331], "shapeLIy": [187.32958002614436, 352.2301187673177, 362.0006521075359, 308.49408437833154, 229.56780739183623], "shapeLOx": [167.47012985029573, 253.32413291419667, 361.31836559457196, 475.49526755854515, 549.055844228704], "shapeLOy": [228.697936859224, 338.371951097509, 345.7696792910884, 293.5655648021676, 217.41900400598882], "pplXY": [[323.5528934060675, 85.99350652517528], [432.40025834848376, 226.04173865619515], [322.23496625760606, 380.9793823630449], [222.01240511605482, 226.48097193954976]]}