{"shapeUIx": [168.10745334297525, 253.73009699689223, 344.13400927314507, 422.43990185848986, 500.4832348543223], "shapeUIy": [220.0043676816819, 172.05451373594937, 152.66252575662264, 155.9957256977048, 195.6753806582112], "shapeUOx": [210.51478187042886, 296.5135723291705, 381.7152162977287, 474.78140679769297, 558.778696277752], "shapeUOy": [157.5259965307977, 112.46354852477452, 110.86178719754045, 132.94715973090464, 169.34647432585808], "shapeLIx": [168.10745334297525, 273.0517371230343, 393.5225674213937, 465.82580156040075, 500.4832348543223], "shapeLIy": [220.0043676816819, 337.46383506667115, 341.293767386986, 277.75009908695137, 195.6753806582112], "shapeLOx": [185.3726464628633, 292.3947435870334, 431.167410129579, 502.9601124444712, 547.6492498036796], "shapeLOy": [254.81469813112508, 323.6627856216345, 296.7685905056831, 243.07939973875756, 171.54112747554632], "pplXY": [[325.15331078571427, 95.82599003398666], [427.51797810048373, 218.2255941438263], [325.391025358623, 351.50315488107384], [225.26608844652168, 222.7259970881145]]}