{"shapeUIx": [159.79198381468626, 266.6803590162259, 376.8955512477162, 469.8667806843383, 528.7453451980193], "shapeUIy": [186.99596983723944, 125.34217230247694, 121.27517249245065, 164.67596860348448, 230.85286152927802], "shapeUOx": [163.01697017974953, 244.24124731901506, 366.4917773181209, 488.5036467455005, 550.226181861198], "shapeUOy": [157.8903600392962, 93.29108677504753, 85.24356628500689, 137.25786151538335, 224.02786489963646], "shapeLIx": [159.79198381468626, 271.89773587197493, 380.031023074621, 466.05180248590113, 528.7453451980193], "shapeLIy": [186.99596983723944, 352.682504868115, 362.16493085230314, 309.1729693380877, 230.85286152927802], "shapeLOx": [166.26574375277124, 250.17318884746516, 358.7677904732079, 474.1534825215181, 548.6255830161117], "shapeLOy": [228.19060979178488, 338.0601608697239, 346.9139485881286, 295.05808046818186, 218.62456249006974], "pplXY": [[323.5422165963479, 86.84646243253387], [432.3558228134658, 226.50069813408135], [322.3835308639643, 381.58322579566357], [222.05504560234732, 227.02473090598193]]}