{"shapeUIx": [158.79168218521764, 240.51307105328533, 344.67976550109023, 436.9783025315164, 502.495076425157], "shapeUIy": [218.0040596873405, 150.098273603265, 116.68128954262522, 140.4126134268616, 202.293260273768], "shapeUOx": [183.34304634347225, 282.01850574218304, 384.11951375547744, 508.0177153950693, 562.4051039962843], "shapeUOy": [173.5271641027405, 92.52822595408375, 83.23287764773453, 126.61986129114266, 174.91254698877668], "shapeLIx": [158.7916821852176, 269.67781549802606, 394.54239353764126, 477.65881152936674, 502.495076425157], "shapeLIy": [218.0040596873405, 368.50328997546205, 373.02794739467595, 292.14506450785626, 202.293260273768], "shapeLOx": [187.9711553481879, 330.60120884442756, 487.1529838362173, 521.7364603233875, 549.0506700058775], "shapeLOy": [256.921243316218, 363.7235870774828, 306.25835610597744, 245.41055153256713, 174.76191150050607], "pplXY": [[322.7811092875254, 69.58517876804027], [439.74424179743374, 214.4918747106987], [320.02226746294025, 380.9277636556898], [207.06765887413803, 218.17870986001876]]}