{"shapeUIx": [190.02185386491186, 292.861999366688, 385.9636205065056, 477.2745434683628, 502.14077478735453], "shapeUIy": [162.96055050844444, 121.81898872621794, 140.33007468595162, 214.17046425937457, 282.21278209254126], "shapeUOx": [197.20254348083705, 320.2376579765326, 422.05600274085316, 492.63077583409597, 525.6193495862819], "shapeUOy": [152.61433904306946, 88.53275418037825, 128.38973588021315, 192.04109487514884, 260.13585838827646], "shapeLIx": [190.02185386491186, 278.5194199366491, 348.5246414746487, 476.1075354933699, 502.14077478735453], "shapeLIy": [162.96055050844444, 343.04990320531186, 378.75920137300955, 323.05858091845323, 282.21278209254126], "shapeLOx": [203.27122440246774, 271.9742581022268, 408.5933488196569, 481.32130448400665, 516.6959584734047], "shapeLOy": [248.63172805908215, 333.6162174985249, 337.02155350250626, 312.04578528431796, 268.29236395907026], "pplXY": [[326.7715103585257, 108.8568048471423], [429.5613975084946, 221.90362254351277], [321.42304668883384, 382.991902017895], [221.23029775210472, 214.66688078046136]]}