{"shapeUIx": [151.70179462652519, 222.8455423786253, 328.0085478624135, 408.09412748763197, 492.07297911017884], "shapeUIy": [251.99179182296547, 181.13392775599877, 137.89108026064326, 138.37946928451333, 187.38962011313856], "shapeUOx": [158.85740377670837, 241.3878976067916, 332.98654180125305, 477.67793400359795, 547.5221275270198], "shapeUOy": [225.2095206848459, 133.77263953198934, 100.97538691521187, 128.09886800608143, 174.30745794594728], "shapeLIx": [151.70179462652519, 256.46555238976396, 396.43019690311644, 460.9976260349789, 492.07297911017884], "shapeLIy": [251.99179182296552, 357.2048678147419, 357.5671520045351, 281.9463368803528, 187.38962011313853], "shapeLOx": [182.48936690458396, 316.310474184617, 465.19177990138076, 504.5054983490293, 541.0756738712314], "shapeLOy": [271.75104854100846, 354.6187096713068, 305.1286100719259, 247.91951908391124, 170.21615329367276], "pplXY": [[317.82196550696244, 105.14726660869346], [417.1689028141003, 224.39852545332263], [318.51399165167425, 355.0443040009844], [220.2883365836795, 229.7383314947399]]}