{"shapeUIx": [190.0218538649117, 292.8619993666882, 385.9636205065059, 477.2745434683632, 502.14077478735453], "shapeUIy": [162.96055050844438, 121.81898872621801, 140.33007468595218, 214.17046425937593, 282.2127820925427], "shapeUOx": [197.20254348083668, 320.2376579765325, 422.0560027408536, 492.63077583409614, 525.6193495862813], "shapeUOy": [152.61433904306966, 88.53275418037846, 128.3897358802139, 192.04109487514998, 260.1358583882779], "shapeLIx": [190.0218538649117, 278.51941993664946, 348.5246414746487, 476.1075354933695, 502.14077478735453], "shapeLIy": [162.96055050844438, 343.04990320531226, 378.7592013730097, 323.0585809184539, 282.2127820925427], "shapeLOx": [203.27122440246671, 271.974258102224, 408.59334881965435, 481.3213044840052, 516.6959584734043], "shapeLOy": [248.6317280590818, 333.6162174985247, 337.0215535025075, 312.04578528431966, 268.29236395907174], "pplXY": [[326.7715103585257, 108.85680484714344], [429.5613975084945, 221.9036225435133], [321.423046688834, 382.9919020178954], [221.2302977521048, 214.66688078046195]]}