{"shapeUIx": [157.9640912401952, 252.1519256416719, 361.7593163871726, 457.8062115260812, 508.353483896311], "shapeUIy": [196.75463622454356, 128.32912530333357, 108.46513018967225, 156.186791379148, 229.03195482483912], "shapeUOx": [180.16797284764357, 286.8456316537889, 405.32519783410834, 516.6529436713155, 554.8852462462448], "shapeUOy": [157.4509182570569, 75.97622343490318, 82.58827386576668, 140.6251636009511, 207.41034440936505], "shapeLIx": [157.9640912401952, 275.0999208415969, 390.6905549907651, 476.9560706523509, 508.353483896311], "shapeLIy": [196.75463622454353, 377.8678133157614, 383.02634215433073, 311.2888857835982, 229.03195482483912], "shapeLOx": [182.46943147229166, 313.63636282681784, 462.54986880410735, 509.61774232003506, 544.5257867775637], "shapeLOy": [248.48847033080128, 367.29309601013955, 323.97557467664564, 270.16650643244003, 205.76326270862236], "pplXY": [[321.1329681344371, 71.54849885663882], [445.2589620535041, 218.60031363611657], [319.20684210473877, 397.2077002964032], [200.58382908975318, 220.30623324900893]]}