{"shapeUIx": [157.96409132083596, 252.15192552563, 361.75931624415654, 457.8062113638771, 508.3534838890423], "shapeUIy": [196.75463624723517, 128.32912527108513, 108.46512991011878, 156.18679074193102, 229.03195416651943], "shapeUOx": [180.16797302780805, 286.8456317139057, 405.3251975845252, 516.6529436010441, 554.8852465775267], "shapeUOy": [157.45091814622805, 75.97622332870085, 82.5882735174126, 140.6251630713742, 207.41034372671834], "shapeLIx": [157.96409132083596, 275.09992070356276, 390.6905549985345, 476.95607078826214, 508.3534838890423], "shapeLIy": [196.75463624723514, 377.8678131445688, 383.0263420881427, 311.2888854305536, 229.03195416651943], "shapeLOx": [182.46943194252646, 313.6363641759958, 462.5498699952944, 509.61774298349127, 544.525787037516], "shapeLOy": [248.48847051778162, 367.29309611411475, 323.97557410943926, 270.16650564347003, 205.76326200114642], "pplXY": [[321.13296816046994, 71.54849831776022], [445.2589621155433, 218.6003133810487], [319.20684204775375, 397.20770007802594], [200.5838290569428, 220.3062329676051]]}