{"shapeUIx": [159.80984021867616, 266.6537590574321, 376.86794083308143, 469.8347373017289, 528.7439563113616], "shapeUIy": [187.01194070705068, 125.34292122303157, 121.22058806215402, 164.54629386622645, 230.71837981199738], "shapeUOx": [163.04101553666365, 244.23689489625426, 366.42035669021556, 488.4844861658695, 550.291651337009], "shapeUOy": [157.89706849662022, 93.28604183304027, 85.17670964280771, 137.15251384635684, 223.89904784499726], "shapeLIx": [159.80984021867616, 271.8581916241028, 380.03237927323, 466.0792845452057, 528.7439563113616], "shapeLIy": [187.01194070705066, 352.64325915266693, 362.1509353482913, 309.10201094855245, 230.71837981199738], "shapeLOx": [166.37274938941073, 250.46772793251475, 359.0176806962074, 474.2907658814852, 548.6764018571268], "shapeLOy": [228.23488401620457, 338.0867936532562, 346.7986473546184, 294.90013393875887, 218.4877247247526], "pplXY": [[323.5460124899352, 86.7442834544048], [432.36591492074047, 226.4505277247982], [322.37047995718774, 381.53280514579836], [222.04900454522462, 226.96786861384007]]}