{"shapeUIx": [178.766218531084, 271.27404458738044, 358.4161099535246, 454.70501923076574, 512.3773670376111], "shapeUIy": [169.03590255232606, 137.66223853197502, 143.20960089227898, 194.34615630023387, 263.7952452719913], "shapeUOx": [218.27998984609476, 316.18645925702026, 407.99592664414905, 488.13727706242855, 558.7353474229883], "shapeUOy": [111.19605423882317, 84.76107375814101, 113.25345827044029, 171.65752872549777, 237.07203864037683], "shapeLIx": [178.766218531084, 294.1257702850231, 379.0013343937734, 487.17697642626626, 512.3773670376111], "shapeLIy": [169.03590255232606, 355.60670858685955, 371.43995701368914, 312.8344711557085, 263.7952452719913], "shapeLOx": [199.06535998474686, 294.2674630804499, 420.1273526254543, 497.774545415659, 537.0702834740008], "shapeLOy": [255.794286042375, 333.9387887154295, 322.29647948669947, 292.76692692655087, 251.38939069971835], "pplXY": [[328.6958024808479, 85.2964391214718], [441.345013986095, 216.49117852697674], [323.9821043045262, 382.14651820467583], [215.27102000706583, 213.71624505503775]]}