{"shapeUIx": [159.79198369905203, 266.68035918330395, 376.89555145037315, 469.86678091453314, 528.7453452080874], "shapeUIy": [186.99596979804102, 125.34217234404869, 121.27517288928621, 164.67596951109843, 230.8528624672972], "shapeUOx": [163.0169699310009, 244.24124724365578, 366.4917776860751, 488.50364684835415, 550.2261813903644], "shapeUOy": [157.89036017928316, 93.29108691627924, 85.24356677885598, 137.25786226830868, 224.02786586579663], "shapeLIx": [159.79198369905203, 271.8977360756304, 380.03102306373523, 466.05180229234304, 528.7453452080874], "shapeLIy": [186.99596979804102, 352.6825051145997, 362.1649309468484, 309.17296984034317, 230.8528624672972], "shapeLOx": [166.26574307629699, 250.17318691408155, 358.76778877246136, 474.15348157520856, 548.6255826469976], "shapeLOy": [228.19060952165813, 338.0601607182608, 346.91394939569375, 295.0580815902099, 218.62456349341406], "pplXY": [[323.54221656016506, 86.84646319548432], [432.3558227265842, 226.5006984962718], [322.3835309459831, 381.5832261101993], [222.05504564870483, 227.02473130647218]]}