{"shapeUIx": [178.76590340481602, 271.2745102701276, 358.41662742679404, 454.705612150005, 512.3773891201772], "shapeUIy": [169.03569854873496, 137.66228386053052, 143.21062457397528, 194.34854290158427, 263.7977171490052], "shapeUOx": [218.27945124587978, 316.186411747187, 407.9970766287764, 488.13758785057917, 558.734124269492], "shapeUOy": [111.19616039131465, 84.76129804609198, 113.25472283623267, 171.65948863647998, 237.07448917378116], "shapeLIx": [178.76590340481602, 294.1264091265182, 379.0013083826722, 487.17646790102935, 512.3773891201772], "shapeLIy": [169.03569854873496, 355.6073954838283, 371.44020968637244, 312.8357830949659, 263.7977171490052], "shapeLOx": [199.06348364961383, 294.2622091777069, 420.1228215901242, 497.7720380170555, 537.06932955068], "shapeLOy": [255.79352005001124, 333.9383412434145, 322.2985977955941, 292.7698517483119, 251.391965682921], "pplXY": [[328.6957204805105, 85.29837766861388], [441.34480731098563, 216.4921144467728], [323.9823323866234, 382.1473963590029], [215.2711363419208, 213.7172931419293]]}