{"shapeUIx": [165.58765072882147, 253.73481166256116, 356.26804657698597, 453.62896386299644, 518.9852826898565], "shapeUIy": [191.31656888749177, 145.03144377601552, 134.8722101689377, 169.17158177803174, 229.58773829935353], "shapeUOx": [183.53251381468394, 291.96291337073495, 382.38618697686354, 494.56300371185444, 569.392634629704], "shapeUOy": [172.06488958975612, 99.69016485918249, 101.81716705578876, 152.0483240168751, 217.47519539914492], "shapeLIx": [165.58765072882147, 262.7690467129802, 363.15386323416385, 498.0462686448009, 518.9852826898565], "shapeLIy": [191.3165688874918, 356.70764460738826, 386.79786649792777, 306.0825691901367, 229.58773829935353], "shapeLOx": [204.9759126183656, 309.63333248709245, 445.89729596929266, 520.4009716482777, 542.8863350952506], "shapeLOy": [299.9290379122172, 354.71994465090654, 329.17736248744694, 285.6501666679168, 230.75752880383396], "pplXY": [[325.214150442637, 103.03494010083769], [432.0736721217553, 219.27804855781125], [320.3715111877372, 379.7958051099601], [213.8781211039077, 216.7780628239224]]}