{"shapeUIx": [165.64327541566155, 254.64599296085186, 354.81562035686954, 461.40327248019065, 524.4035467561774], "shapeUIy": [170.0476834997728, 124.359087411877, 117.27038319389229, 164.63613641439773, 237.6307348027985], "shapeUOx": [188.8173707413165, 302.42949084119687, 399.1203366283028, 508.0253375841057, 577.3551733847751], "shapeUOy": [140.46728817541762, 72.57664889181294, 84.58118113064184, 147.93348281897434, 218.70985120020123], "shapeLIx": [165.64327541566155, 274.55302376353796, 360.42750896188284, 508.0681777389029, 524.4035467561774], "shapeLIy": [170.04768349977286, 371.38164022114177, 402.8604447939794, 313.37237858345554, 237.6307348027985], "shapeLOx": [204.45521583724513, 312.70124573222097, 455.7990297336419, 527.2872446520415, 546.9217956449017], "shapeLOy": [300.3909809443543, 364.875837909007, 334.68651107743744, 288.11505065742756, 236.18164629119855], "pplXY": [[327.071234711529, 82.35430747051869], [440.51964819788407, 215.5028559945868], [319.6819962358146, 398.3284878816497], [207.66511722969886, 212.29461155418215]]}