{"shapeUIx": [165.64409726389187, 254.6457909542315, 354.8114832181135, 461.3990689108606, 524.4030556062592], "shapeUIy": [170.0398449251999, 124.3531262177568, 117.2629750993697, 164.62320006815935, 237.61793868772833], "shapeUOx": [188.83039308398037, 302.4429274840942, 399.1300208484119, 508.02722742971764, 577.3631554961061], "shapeUOy": [140.44376174382458, 72.56250165576384, 84.57128504028131, 147.92116738820602, 218.68887292990834], "shapeLIx": [165.64409726389184, 274.55860426141965, 360.4278427035943, 508.0710644347249, 524.4030556062592], "shapeLIy": [170.0398449251999, 371.38134534930475, 402.8595410698443, 313.36457892545116, 237.61793868772833], "shapeLOx": [204.45709794890797, 312.7153526778492, 455.8188006919992, 527.2993214562845, 546.9284237920879], "shapeLOy": [300.39029941941726, 364.87408789098225, 334.67452425758603, 288.09696106260327, 236.16233642179395], "pplXY": [[327.07283708564654, 82.33771210338625], [440.52274408282267, 215.49628394541347], [319.68181263887806, 398.32825844125983], [207.66394208560487, 212.2883925933442]]}