{"shapeUIx": [190.02786978908242, 292.8530352969724, 385.95371823478206, 477.263188798658, 502.1403744944826], "shapeUIy": [162.96458347646404, 121.81819765855565, 140.31048631410812, 214.12471052838427, 282.16536156547943], "shapeUOx": [197.21272963020985, 320.23839631601487, 422.03379422152074, 492.6247920928546, 525.6427883500452], "shapeUOy": [152.61257288309724, 88.52860392621633, 128.3655237477563, 192.00352237329238, 260.0889349760329], "shapeLIx": [190.02786978908242, 278.5070683573602, 348.5251447186227, 476.1172717907624, 502.1403744944826], "shapeLIy": [162.96458347646404, 343.0367058471953, 378.7543418100298, 323.0334334411913, 282.16536156547943], "shapeLOx": [203.3072102098593, 272.0749847821689, 408.6801474776006, 481.36935066297093, 516.714240649256], "shapeLOy": [248.64646267335743, 333.62482723302185, 336.9809907577428, 311.98976011878403, 268.2430264157862], "pplXY": [[326.7730676257448, 108.81974771359384], [429.5653290095717, 221.88571655365212], [321.41867104919754, 382.9750260295748], [221.2280802582246, 214.64682549204431]]}