{"shapeUIx": [159.79198369905922, 266.6803591832936, 376.8955514503606, 469.86678091451887, 528.7453452080867], "shapeUIy": [186.9959697980434, 125.34217234404608, 121.27517288926154, 164.675969511042, 230.8528624672389], "shapeUOx": [163.01696993101638, 244.24124724366052, 366.49177768605233, 488.5036468483478, 550.2261813903935], "shapeUOy": [157.8903601792744, 93.29108691627043, 85.24356677882527, 137.2578622682619, 224.02786586573657], "shapeLIx": [159.79198369905922, 271.8977360756178, 380.0310230637359, 466.05180229235503, 528.7453452080867], "shapeLIy": [186.9959697980434, 352.6825051145844, 362.1649309468425, 309.17296984031196, 230.8528624672389], "shapeLOx": [166.265743076339, 250.1731869142017, 358.7677887725671, 474.1534815752674, 548.6255826470205], "shapeLOy": [228.19060952167493, 338.0601607182702, 346.9139493956435, 295.05808159014015, 218.62456349335167], "pplXY": [[323.5422165601673, 86.84646319543688], [432.35582272658957, 226.5006984962493], [322.383530945978, 381.58322611017974], [222.055045648702, 227.0247313064473]]}