{"shapeUIx": [178.76590340609974, 271.27451026827305, 358.4166274245432, 454.7056121474485, 512.3773891200653], "shapeUIy": [169.03569854916728, 137.66228386006702, 143.2106245695682, 194.34854289150596, 263.79771713858946], "shapeUOx": [218.27945124864527, 316.1864117480282, 407.99707662469586, 488.1375878494382, 558.7341242747206], "shapeUOy": [111.19616038975259, 84.76129804451945, 113.2547228307479, 171.65948862811877, 237.07448916305006], "shapeLIx": [178.76590340609974, 294.1264091242598, 379.0013083827931, 487.17646790317866, 512.3773891200653], "shapeLIy": [169.03569854916728, 355.60739548109245, 371.44020968532266, 312.8357830893885, 263.79771713858946], "shapeLOx": [199.06348365712267, 294.26220919917057, 420.1228216090079, 497.7720380275629, 537.0693295547792], "shapeLOy": [255.79352005300916, 333.93834124509493, 322.2985977866266, 292.76985173585194, 251.39196567177783], "pplXY": [[328.69572048091266, 85.29837766013995], [441.34480731195106, 216.49211444275048], [323.982332385713, 382.1473963555118], [215.27113634140588, 213.71729313748205]]}