{"shapeUIx": [151.78761398548687, 222.55221174670638, 327.74905012772206, 407.78462144765587, 492.053690400491], "shapeUIy": [252.24043820556955, 181.2122818031646, 137.46896056366091, 137.30999032733644, 186.27155866771037], "shapeUOx": [158.9208131005709, 241.1910509104952, 332.26058517869035, 477.50003033187767, 548.0215741214233], "shapeUOy": [225.46498904622405, 133.8370648112477, 100.44626286448174, 127.24385517866672, 173.2885076712527], "shapeLIx": [151.78761398548687, 256.09301321652777, 396.4694879577426, 461.1912542897454, 492.053690400491], "shapeLIy": [252.24043820556957, 356.92131520236336, 357.46026255216543, 281.3796035638187, 186.27155866771037], "shapeLOx": [183.30741464194668, 318.64783300679125, 467.1705772940412, 505.5776293525314, 541.4716606278004], "shapeLOy": [272.1528481310122, 354.8773955390192, 304.2427190783859, 246.686339351248, 169.11429185811414], "pplXY": [[317.83054622090805, 104.40847907604041], [417.21222585588595, 224.0307693318383], [318.4007140776581, 354.620271883113], [220.24017283683452, 229.32633584479672]]}