{"shapeUIx": [190.02185386491857, 292.86199936667833, 385.96362050649384, 477.27454346834946, 502.1407747873539], "shapeUIy": [162.96055050844672, 121.81898872621555, 140.33007468592865, 214.17046425932207, 282.21278209248703], "shapeUOx": [197.20254348085146, 320.237657976537, 422.0560027408319, 492.63077583409006, 525.6193495863092], "shapeUOy": [152.6143390430613, 88.53275418037006, 128.3897358801846, 192.04109487510533, 260.1358583882205], "shapeLIx": [190.02185386491857, 278.5194199366374, 348.52464147464934, 476.1075354933811, 502.1407747873539], "shapeLIy": [162.96055050844672, 343.0499032052976, 378.7592013730041, 323.0585809184241, 282.21278209248703], "shapeLOx": [203.27122440250682, 271.97425810233864, 408.5933488197553, 481.32130448406144, 516.6959584734261], "shapeLOy": [248.6317280590978, 333.61621749853373, 337.0215535024596, 312.0457852842531, 268.2923639590123], "pplXY": [[326.7715103585278, 108.85680484709819], [429.5613975084996, 221.9036225434918], [321.4230466888291, 382.9919020178768], [221.23029775210202, 214.66688078043816]]}