{"shapeUIx": [164.78643441600144, 272.34797047526837, 384.8371728064811, 490.3408766110397, 541.9352517833017], "shapeUIy": [182.7259073874433, 138.0099557557519, 139.23865708841464, 186.3218482851235, 247.76471017256773], "shapeUOx": [177.89152046780652, 275.2365339990889, 387.2315834818402, 507.16587611411285, 580.8721547425022], "shapeUOy": [165.87335440834389, 107.14908382680127, 103.70945760863177, 159.01746082579933, 237.58382284641803], "shapeLIx": [164.78643441600144, 262.2234062986864, 361.92071905872433, 499.69132444208026, 541.9352517833017], "shapeLIy": [182.7259073874433, 346.25731585766374, 373.5246303888228, 315.1386477895451, 247.76471017256773], "shapeLOx": [194.53939400939902, 284.82875220910773, 398.22811695990424, 512.8529414255589, 553.6507216585219], "shapeLOy": [266.1400824734839, 341.9685327086096, 344.1032324350548, 302.997523541194, 247.63942534538083], "pplXY": [[329.20766115512566, 93.92463369929499], [443.9270809709853, 217.62030975727734], [323.67405806647287, 382.54129541216764], [213.86532035503646, 214.67773976697873]]}