{"shapeUIx": [159.7919836990446, 266.6803591833147, 376.8955514503862, 469.866780914548, 528.745345208088], "shapeUIy": [186.99596979803852, 125.34217234405136, 121.27517288931172, 164.67596951115675, 230.8528624673575], "shapeUOx": [163.01696993098483, 244.2412472436509, 366.4917776860987, 488.5036468483607, 550.2261813903341], "shapeUOy": [157.8903601792923, 93.29108691628838, 85.24356677888773, 137.2578622683571, 224.02786586585881], "shapeLIx": [159.7919836990446, 271.8977360756435, 380.03102306373455, 466.05180229233054, 528.745345208088], "shapeLIy": [186.99596979803852, 352.68250511461554, 362.1649309468545, 309.17296984037546, 230.8528624673575], "shapeLOx": [166.26574307625353, 250.17318691395735, 358.76778877235205, 474.1534815751478, 548.6255826469738], "shapeLOy": [228.19060952164082, 338.0601607182511, 346.91394939574565, 295.05808159028203, 218.62456349347858], "pplXY": [[323.54221656016273, 86.8464631955334], [432.3558227265786, 226.5006984962951], [322.38353094598835, 381.58322611021947], [222.05504564870785, 227.02473130649796]]}