{"shapeUIx": [164.09513050913785, 276.76512912038106, 389.56079537386324, 499.14438783288904, 546.2742525276302], "shapeUIy": [174.04275184259456, 130.84287470742632, 138.06788007676897, 194.9755893359833, 259.4486770731073], "shapeUOx": [177.72387916290677, 278.5125634513712, 399.2095275775997, 513.9601979335398, 580.812854974584], "shapeUOy": [155.86182174754754, 99.69794249242508, 103.16744678306156, 164.64193199434175, 247.36471031194546], "shapeLIx": [164.09513050913785, 267.15491097926173, 359.81128170967344, 501.5614722471381, 546.2742525276302], "shapeLIy": [174.04275184259456, 350.86456351647735, 377.856278037327, 322.20438717365414, 259.4486770731073], "shapeLOx": [187.35328024083017, 263.65541058223886, 379.95235301584245, 505.71993252617267, 552.8921036333452], "shapeLOy": [262.0016385307435, 341.68003245650937, 354.51807795782344, 314.8739541677647, 258.87175511094296], "pplXY": [[330.0737800449675, 94.64711361941791], [446.7291606608957, 219.73083292965907], [324.81064320149414, 391.4282569922942], [212.79583570990098, 216.88825323961228]]}