{"shapeUIx": [190.02185386491175, 292.86199936668817, 385.96362050650583, 477.2745434683631, 502.14077478735453], "shapeUIy": [162.96055050844444, 121.81898872621801, 140.33007468595207, 214.1704642593756, 282.2127820925424], "shapeUOx": [197.20254348083677, 320.2376579765325, 422.05600274085356, 492.630775834096, 525.6193495862815], "shapeUOy": [152.61433904306963, 88.53275418037842, 128.38973588021372, 192.0410948751497, 260.13585838827754], "shapeLIx": [190.02185386491175, 278.51941993664934, 348.5246414746487, 476.1075354933696, 502.14077478735453], "shapeLIy": [162.96055050844444, 343.04990320531215, 378.75920137300966, 323.05858091845374, 282.2127820925424], "shapeLOx": [203.27122440246694, 271.97425810222467, 408.593348819655, 481.32130448400557, 516.6959584734044], "shapeLOy": [248.6317280590819, 333.61621749852475, 337.0215535025072, 312.0457852843192, 268.2923639590714], "pplXY": [[326.7715103585257, 108.8568048471432], [429.5613975084945, 221.90362254351317], [321.42304668883395, 382.9919020178953], [221.23029775210475, 214.6668807804618]]}