{"shapeUIx": [190.02185386492252, 292.8619993666726, 385.9636205064869, 477.27454346834156, 502.1407747873536], "shapeUIy": [162.96055050844805, 121.81898872621407, 140.330074685915, 214.1704642592909, 282.2127820924548], "shapeUOx": [197.20254348086002, 320.2376579765396, 422.0560027408193, 492.6307758340865, 525.6193495863254], "shapeUOy": [152.61433904305645, 88.53275418036517, 128.38973588016762, 192.0410948750794, 260.13585838818733], "shapeLIx": [190.02185386492252, 278.5194199366304, 348.5246414746497, 476.1075354933877, 502.1407747873536], "shapeLIy": [162.96055050844805, 343.0499032052891, 378.75920137300085, 323.05858091840685, 282.2127820924548], "shapeLOx": [203.27122440253007, 271.9742581024051, 408.59334881981374, 481.3213044840939, 516.6959584734388], "shapeLOy": [248.63172805910708, 333.6162174985389, 337.0215535024318, 312.0457852842145, 268.2923639589777], "pplXY": [[326.77151035852904, 108.85680484707193], [429.56139750850264, 221.90362254347934], [321.4230466888263, 382.991902017866], [221.23029775210043, 214.66688078042444]]}