{"shapeUIx": [190.02185543407188, 292.8619970983929, 385.9636177601375, 477.2745403482698, 502.14077465127275], "shapeUIy": [162.96055105053816, 121.81898816921907, 140.33006930702763, 214.1704519523584, 282.21276937270227], "shapeUOx": [197.20254684171317, 320.2376589826023, 422.05599773233115, 492.6307744351805, 525.6193559690944], "shapeUOy": [152.61433717235116, 88.53275228073889, 128.38972918731866, 192.04108466777993, 260.1358452968572], "shapeLIx": [190.02185543407188, 278.51941716429826, 348.5246416219794, 476.10753811792875, 502.14077465127275], "shapeLIy": [162.96055105053816, 343.04989985897134, 378.75920009058257, 323.05857410891684, 282.21276937270227], "shapeLOx": [203.27123358558296, 271.97428433638953, 408.5933718876333, 481.3213173177548, 516.6959634767378], "shapeLOy": [248.63173172777834, 333.6162195575009, 337.02154255263633, 312.04577007256637, 268.2923503606471], "pplXY": [[326.7715108477777, 108.856794508793], [429.56139868430756, 221.90361763401378], [321.42304557536954, 382.9918977475031], [221.23029712408552, 214.66687535041441]]}