{"shapeUIx": [157.96409132083596, 252.15192552563, 361.7593162441565, 457.8062113638771, 508.3534838890423], "shapeUIy": [196.75463624723517, 128.32912527108516, 108.46512991011878, 156.18679074193093, 229.03195416651934], "shapeUOx": [180.16797302780807, 286.8456317139057, 405.3251975845252, 516.6529436010441, 554.8852465775267], "shapeUOy": [157.45091814622805, 75.97622332870088, 82.58827351741256, 140.62516307137417, 207.41034372671825], "shapeLIx": [157.96409132083596, 275.09992070356276, 390.6905549985345, 476.95607078826214, 508.3534838890423], "shapeLIy": [196.75463624723517, 377.8678131445688, 383.0263420881427, 311.2888854305536, 229.03195416651934], "shapeLOx": [182.4694319425265, 313.63636417599594, 462.54986999529444, 509.6177429834914, 544.525787037516], "shapeLOy": [248.48847051778165, 367.29309611411475, 323.9755741094392, 270.1665056434699, 205.76326200114636], "pplXY": [[321.13296816046994, 71.54849831776018], [445.2589621155433, 218.6003133810487], [319.2068420477537, 397.2077000780259], [200.5838290569428, 220.3062329676051]]}