{"shapeUIx": [151.78210802213334, 222.5604633807594, 327.7582857086759, 407.7951985202361, 492.05408712480283], "shapeUIy": [252.23697245113982, 181.21318327079507, 137.48714134941673, 137.35233293084121, 186.31542294832855], "shapeUOx": [158.91107940385683, 241.18996187346525, 332.28062855351936, 477.5054528510785, 547.9998586945278], "shapeUOy": [225.46736453320835, 133.84132381894696, 100.46876566566723, 127.2786763893434, 173.33219055497983], "shapeLIx": [151.78210802213334, 256.104132841008, 396.4689982671965, 461.1822581362597, 492.05408712480283], "shapeLIy": [252.23697245113985, 356.9333810921274, 357.464738624901, 281.4028926560666, 186.31542294832855], "shapeLOx": [183.27444078965007, 318.5551666501899, 467.09044450681483, 505.53324705237446, 541.4547040923853], "shapeLOy": [272.13936941153764, 354.86955971261256, 304.28025278110186, 246.73823887325557, 169.16013083093196], "pplXY": [[317.8290752760612, 104.44294613299098], [417.2085367746824, 224.04737421837754], [318.4047296696266, 354.63573203611935], [220.242245472396, 229.3448899315756]]}