{"shapeUIx": [158.7916821898248, 240.51307104663087, 344.67976549300744, 436.97830252233655, 502.49507642475464], "shapeUIy": [218.00405968887898, 150.09827360159233, 116.68128952680016, 140.41261339067847, 202.29326023637392], "shapeUOx": [183.34304635341658, 282.0185057452234, 384.1195137408523, 508.01771539097865, 562.4051040150582], "shapeUOy": [173.52716409709686, 92.52822594841807, 83.23287762803844, 126.61986126112154, 174.91254695023787], "shapeLIx": [158.7916821898248, 269.6778154899319, 394.5423935380759, 477.65881153708324, 502.49507642475464], "shapeLIy": [218.00405968887898, 368.50328996564497, 373.0279473909078, 292.14506448783106, 202.29326023637392], "shapeLOx": [187.9711553751328, 330.6012089214631, 487.1529839040052, 521.7364603611086, 549.0506700205967], "shapeLOy": [256.9212433269735, 363.7235870835092, 306.25835607378167, 245.41055148783, 174.76191146049123], "pplXY": [[322.78110928897104, 69.58517873760812], [439.7442418009026, 214.49187469625562], [320.0222674596735, 380.9277636431627], [207.06765887228858, 218.17870984405158]]}