{"shapeUIx": [151.78761398551026, 222.55221174667264, 327.749050127681, 407.7846214476093, 492.053690400489], "shapeUIy": [252.2404382055774, 181.21228180315615, 137.46896056358065, 137.3099903271529, 186.27155866752068], "shapeUOx": [158.92081310062133, 241.19105091051057, 332.26058517861605, 477.50003033185686, 548.0215741215186], "shapeUOy": [225.46498904619548, 133.837064811219, 100.44626286438185, 127.24385517851447, 173.28850767105723], "shapeLIx": [151.78761398551026, 256.0930132164866, 396.4694879577448, 461.1912542897845, 492.053690400489], "shapeLIy": [252.2404382055774, 356.9213152023135, 357.46026255214633, 281.3796035637172, 186.27155866752068], "shapeLOx": [183.3074146420834, 318.647833007182, 467.1705772943851, 505.57762935272274, 541.471660627875], "shapeLOy": [272.1528481310668, 354.87739553904976, 304.2427190782226, 246.6863393510211, 169.1142918579112], "pplXY": [[317.8305462209154, 104.40847907588606], [417.2122258559035, 224.03076933176507], [318.4007140776415, 354.62027188304944], [220.24017283682514, 229.32633584471577]]}