{"shapeUIx": [157.96409132083562, 252.15192552563047, 361.7593162441571, 457.8062113638777, 508.3534838890423], "shapeUIy": [196.75463624723503, 128.32912527108527, 108.46512991011994, 156.18679074193363, 229.0319541665221], "shapeUOx": [180.16797302780734, 286.84563171390545, 405.3251975845263, 516.6529436010444, 554.8852465775253], "shapeUOy": [157.45091814622845, 75.97622332870127, 82.58827351741402, 140.62516307137636, 207.41034372672112], "shapeLIx": [157.96409132083562, 275.0999207035633, 390.6905549985344, 476.9560707882616, 508.3534838890423], "shapeLIy": [196.75463624723506, 377.86781314456954, 383.026342088143, 311.28888543055507, 229.0319541665221], "shapeLOx": [182.46943194252452, 313.63636417599025, 462.54986999528944, 509.61774298348865, 544.525787037515], "shapeLOy": [248.48847051778085, 367.29309611411435, 323.9755741094416, 270.1665056434732, 205.76326200114931], "pplXY": [[321.1329681604699, 71.54849831776241], [445.2589621155431, 218.60031338104972], [319.206842047754, 397.20770007802685], [200.58382905694293, 220.30623296760626]]}