{"shapeUIx": [165.6440971033657, 254.6457911842544, 354.8114835062658, 461.3990692371757, 524.4030556212361], "shapeUIy": [170.03984488955342, 124.35312628863058, 117.26297566161661, 164.62320134537015, 237.6179400067389], "shapeUOx": [188.83039271161627, 302.4429273489159, 399.13002133084433, 508.0272275666155, 577.3631548306341], "shapeUOy": [140.4437619915209, 72.56250188298355, 84.57128574183318, 147.92116845162994, 218.68887430698663], "shapeLIx": [165.6440971033657, 274.558604528011, 360.42784268776376, 508.07106416227316, 524.4030556212361], "shapeLIy": [170.03984488955348, 371.3813456886493, 402.8595412021211, 313.36457963393684, 237.6179400067389], "shapeLOx": [204.45709701596857, 312.71534999033486, 455.8187983102818, 527.2993201283705, 546.928423269411], "shapeLOy": [300.39029905008005, 364.87408768739317, 334.67452539494315, 288.0969626464613, 236.1623378460378], "pplXY": [[327.0728370321848, 82.33771319006482], [440.52274395635277, 215.49628445825275], [319.6818127518774, 398.3282588739723], [207.66394215190581, 212.28839315784285]]}