{"shapeUIx": [178.76590340476145, 271.2745102702064, 358.4166274268897, 454.70561215011367, 512.377389120182], "shapeUIy": [169.03569854871665, 137.66228386055027, 143.21062457416272, 194.34854290201284, 263.7977171494481], "shapeUOx": [218.2794512457621, 316.1864117471511, 407.99707662894974, 488.13758785062765, 558.7341242692696], "shapeUOy": [111.19616039138127, 84.76129804615898, 113.25472283646593, 171.65948863683553, 237.0744891742375], "shapeLIx": [178.76590340476145, 294.12640912661413, 379.00130838266705, 487.17646790093795, 512.377389120182], "shapeLIy": [169.03569854871665, 355.60739548394463, 371.440209686417, 312.83578309520306, 263.7977171494481], "shapeLOx": [199.06348364929462, 294.26220917679433, 420.1228215893213, 497.7720380166087, 537.0693295505056], "shapeLOy": [255.79352004988382, 333.9383412433431, 322.2985977959754, 292.7698517488417, 251.3919656833949], "pplXY": [[328.6957204804934, 85.29837766897424], [441.34480731094465, 216.49211444694384], [323.9823323866621, 382.14739635915134], [215.2711363419427, 213.71729314211842]]}