{"shapeUIx": [190.02185386507986, 292.86199936644533, 385.963620506211, 477.27454346802824, 502.14077478733986], "shapeUIy": [162.96055050850077, 121.81898872615712, 140.33007468537474, 214.17046425805552, 282.21278209117804], "shapeUOx": [197.2025434811993, 320.2376579766431, 422.05600274031957, 492.6307758339468, 525.6193495869663], "shapeUOy": [152.6143390428643, 88.53275418017202, 128.3897358794952, 192.04109487405444, 260.1358583868717], "shapeLIx": [190.02185386507986, 278.51941993635387, 348.5246414746645, 476.1075354936512, 502.14077478733986], "shapeLIy": [162.96055050850077, 343.0499032049539, 378.75920137287216, 323.0585809177232, 282.21278209117804], "shapeLOx": [203.27122440345025, 271.97425810503563, 408.59334882212835, 481.3213044853819, 516.6959584739413], "shapeLOy": [248.63172805947443, 333.61621749874473, 337.02155350133256, 312.0457852826871, 268.29236395761166], "pplXY": [[326.7715103585784, 108.85680484603304], [429.56139750862104, 221.90362254298626], [321.42304668871475, 382.9919020174381], [221.2302977520373, 214.66688077987925]]}