{"shapeUIx": [151.78761398549605, 222.55221174669313, 327.74905012770597, 407.7846214476376, 492.05369040049015], "shapeUIy": [252.24043820557262, 181.21228180316126, 137.46896056362942, 137.30999032726447, 186.27155866763601], "shapeUOx": [158.9208131005907, 241.19105091050125, 332.26058517866124, 477.5000303318695, 548.0215741214606], "shapeUOy": [225.46498904621285, 133.83706481123642, 100.44626286444259, 127.24385517860705, 173.28850767117606], "shapeLIx": [151.78761398549605, 256.0930132165116, 396.46948795774347, 461.19125428976065, 492.05369040049015], "shapeLIy": [252.24043820557262, 356.9213152023438, 357.460262552158, 281.3796035637789, 186.271558667636], "shapeLOx": [183.30741464200028, 318.64783300694444, 467.1705772941761, 505.57762935260644, 541.4716606278296], "shapeLOy": [272.15284813103364, 354.87739553903117, 304.2427190783219, 246.68633935115903, 169.1142918580346], "pplXY": [[317.83054622091095, 104.40847907597988], [417.2122258558928, 224.0307693318096], [318.4007140776516, 354.6202718830881], [220.24017283683082, 229.32633584476497]]}