{"shapeUIx": [159.79198369904748, 266.68035918331054, 376.8955514503811, 469.86678091454223, 528.7453452080879], "shapeUIy": [186.99596979803948, 125.34217234405033, 121.27517288930184, 164.67596951113416, 230.85286246733412], "shapeUOx": [163.01696993099105, 244.2412472436528, 366.4917776860896, 488.50364684835813, 550.2261813903458], "shapeUOy": [157.89036017928873, 93.29108691628483, 85.24356677887542, 137.25786226833833, 224.0278658658347], "shapeLIx": [159.79198369904748, 271.8977360756384, 380.0310230637348, 466.05180229233537, 528.7453452080879], "shapeLIy": [186.99596979803945, 352.6825051146094, 362.1649309468521, 309.17296984036295, 230.85286246733412], "shapeLOx": [166.26574307627038, 250.1731869140055, 358.76778877239445, 474.1534815751714, 548.625582646983], "shapeLOy": [228.19060952164756, 338.0601607182549, 346.9139493957255, 295.05808159025406, 218.62456349345356], "pplXY": [[323.54221656016364, 86.84646319551436], [432.35582272658075, 226.50069849628602], [322.3835309459863, 381.5832261102117], [222.05504564870665, 227.02473130648795]]}