{"shapeUIx": [177.60041210744754, 267.20519163371483, 357.7007064161571, 452.37176714805173, 513.037814921361], "shapeUIy": [179.28939128403272, 144.5829389050424, 144.39796672470968, 187.64133706886474, 253.37809872237318], "shapeUOx": [211.30292886504117, 305.50742625956696, 394.0282656335121, 484.56849074511683, 561.101680066687], "shapeUOy": [129.49237168812863, 95.46776997729914, 113.14695546892226, 166.18746607289387, 232.2334722719081], "shapeLIx": [177.60041210744754, 285.1272314840829, 379.9163267592103, 486.8409440290119, 513.037814921361], "shapeLIy": [179.28939128403272, 350.78770691861905, 368.07970490461685, 308.2767582428247, 253.37809872237318], "shapeLOx": [204.52329243324465, 308.31039373618466, 428.2349319702806, 502.9951631782672, 539.2657049004738], "shapeLOy": [261.23843098379916, 335.9240025783939, 318.3307644382815, 286.51666185148565, 244.21859894440394], "pplXY": [[327.82360369337994, 88.34868196278808], [439.2205330382594, 216.38804544234094], [323.268531467248, 375.3784767829676], [216.20181170492623, 213.5976545984925]]}