{"shapeUIx": [159.79205354912756, 266.6802578660794, 376.89543043809016, 469.8666432537704, 528.7453393292272], "shapeUIy": [186.99599733669007, 125.34214994123761, 121.27493551868062, 164.67542482060298, 230.85229932821522], "shapeUOx": [163.0171146239732, 244.24128647819293, 366.4915495875658, 488.5035835071782, 550.2264633541442], "shapeUOy": [157.89028659885844, 93.29100801684515, 85.2432717616859, 137.2574112147251, 224.02728963740643], "shapeLIx": [159.79205354912756, 271.89760974207286, 380.03102949164406, 466.05191843777186, 528.7453393292272], "shapeLIy": [186.99599733669004, 352.6823556448614, 362.16487404910515, 309.1726687695974, 230.85229932821522], "shapeLOx": [166.26615296685185, 250.17435404069255, 358.76881184587063, 474.1540502616782, 548.62580349422], "shapeLOy": [228.19077385406928, 338.06025358248115, 346.91346493695886, 295.0574092327241, 218.62396388802335], "pplXY": [[323.5422377510551, 86.8460080035899], [432.35587400116253, 226.50048178187382], [322.3834812252575, 381.58303530664904], [222.05501804684906, 227.02449114614728]]}