{"shapeUIx": [164.09518094961635, 276.7650560039585, 389.56070780413364, 499.1442882423841, 546.2742482576796], "shapeUIy": [174.04277123343977, 130.8428581806798, 138.0677083578126, 194.9751955269549, 259.4482699504637], "shapeUOx": [177.7239843686976, 278.51259259296046, 399.2093636078751, 513.9601523487692, 580.8130589117565], "shapeUOy": [155.86176719756614, 99.69788468899951, 103.16723331020133, 164.6416057790888, 247.36429323309548], "shapeLIx": [164.09518094961635, 267.1548201734314, 359.8112863708149, 501.5615562214901, 546.2742482576796], "shapeLIy": [174.0427712334398, 350.8644556512722, 377.85623692046073, 322.2041694552045, 259.4482699504638], "shapeLOx": [187.35357607808584, 263.6562535145436, 379.9530923756966, 505.720343581764, 552.8922633928989], "shapeLOy": [262.00175705437243, 341.6800993412694, 354.51772767433573, 314.87346792640926, 258.8713212680944], "pplXY": [[330.07379543377954, 94.6467841719753], [446.7291978442407, 219.73067616305516], [324.81060731878415, 391.42811930737867], [212.79581572584055, 216.88807958209918]]}