{"shapeUIx": [165.6436889777495, 254.64613120871203, 354.8129560435673, 461.4006185027457, 524.4032087595775], "shapeUIy": [170.04189660424404, 124.35480253881428, 117.26564625506731, 164.62826228460744, 237.6230352221897], "shapeUOx": [188.82642292687734, 302.4391384102213, 399.1279998131884, 508.02689453176964, 577.3601903357173], "shapeUOy": [140.45040284256157, 72.56658498619979, 84.57480753858465, 147.92580610209336, 218.69625265549945], "shapeLIx": [165.6436889777495, 274.5574300088321, 360.4277280671446, 508.06996395843106, 524.4032087595775], "shapeLIy": [170.04189660424407, 371.38185009843625, 402.8599647778383, 313.36756714372393, 237.6230352221897], "shapeLOx": [204.455474468442, 312.70830728040926, 455.8105858805551, 527.2944503250201, 546.9259925485419], "shapeLOy": [300.3900331657991, 364.87432786893885, 334.679151901658, 288.1037917736257, 236.16932614172964], "pplXY": [[327.07234037179984, 82.34350057958727], [440.52176411745967, 215.49867964049866], [319.6819966442444, 398.3288642722704], [207.6643317868362, 212.29075091681815]]}