{"shapeUIx": [164.0951305091409, 276.7651291203767, 389.56079537385796, 499.14438783288307, 546.27425252763], "shapeUIy": [174.04275184259555, 130.84287470742524, 138.06788007675863, 194.97558933595963, 259.4486770730829], "shapeUOx": [177.7238791629133, 278.5125634513732, 399.20952757759017, 513.9601979335371, 580.8128549745962], "shapeUOy": [155.86182174754384, 99.69794249242139, 103.16744678304869, 164.6419319943221, 247.36471031192022], "shapeLIx": [164.0951305091409, 267.15491097925644, 359.8112817096738, 501.5614722471431, 546.27425252763], "shapeLIy": [174.04275184259558, 350.8645635164709, 377.85627803732456, 322.204387173641, 259.4486770730829], "shapeLOx": [187.35328024084782, 263.6554105822893, 379.95235301588684, 505.71993252619734, 552.8921036333547], "shapeLOy": [262.00163853075054, 341.68003245651335, 354.51807795780235, 314.8739541677354, 258.87175511091675], "pplXY": [[330.07378004496843, 94.647113619398], [446.72916066089795, 219.7308329296496], [324.81064320149204, 391.42825699228604], [212.7958357098998, 216.88825323960182]]}