{"shapeUIx": [168.1117296837833, 253.72441702613756, 344.1241983731268, 422.42905606616387, 500.48253595896705], "shapeUIy": [219.99986114833231, 172.04876975565293, 152.64403761332233, 155.95614763378373, 195.63474989830712], "shapeUOx": [210.53276919023915, 296.526186802535, 381.71054452498595, 474.7794387509627, 558.8001410844652], "shapeUOy": [157.50362089942752, 112.44825924694263, 110.83814568699081, 132.91305717899638, 169.29866551372692], "shapeLIx": [168.1117296837833, 273.04928890664576, 393.5232296499843, 465.83422697768117, 500.48253595896705], "shapeLIy": [219.99986114833231, 337.4555219391075, 341.2898659533106, 277.72763541758343, 195.63474989830712], "shapeLOx": [185.39589893888487, 292.4681322034536, 431.237667564394, 503.00009370042943, 547.6663909671197], "shapeLOy": [254.82299961354937, 323.66628701575553, 296.73312552094393, 243.02891879572613, 171.493353022554], "pplXY": [[325.15569817989706, 95.78860723169544], [427.52308962246025, 218.20882012577522], [325.3882382484413, 351.49262208403786], [225.26373949923504, 222.7082933408933]]}