{"shapeUIx": [164.09711612149073, 276.7622106995742, 389.55747099191353, 499.1405869710112, 546.2741014463326], "shapeUIy": [174.04387012246895, 130.8424725870167, 138.0613288044579, 194.9603959328556, 259.43295014148947], "shapeUOx": [177.72751717582116, 278.51313836891853, 399.2025347966691, 513.9582901949386, 580.8206662821084], "shapeUOy": [155.8606732501217, 99.69625008915492, 103.15933654599185, 164.62941983205593, 247.34894634124143], "shapeLIx": [164.09711612149073, 267.1510316729655, 359.81145316468945, 501.5647085929674, 546.2741014463326], "shapeLIy": [174.04387012246897, 350.860261345741, 377.85467611243706, 322.1960187315676, 259.43295014148947], "shapeLOx": [187.36504772706806, 263.68854972756037, 379.9810929623491, 505.7358592270713, 552.8982050865989], "shapeLOy": [262.00641414624585, 341.68279161396947, 354.5045819163423, 314.8552877143358, 258.85524712235986], "pplXY": [[330.0743253179349, 94.63465182964924], [446.7305143585442, 219.72484533234564], [324.809213444128, 391.42275747205446], [212.79508535486212, 216.88157252850206]]}