{"shapeUIx": [157.9640463763497, 252.15198648821516, 361.759408973068, 457.8063146482138, 508.3534898734245], "shapeUIy": [196.75465956785538, 128.3291684542256, 108.46530737914524, 156.18717868456127, 229.03235304365754], "shapeUOx": [180.16782087589564, 286.8455396959577, 405.3252823043275, 516.6529714814997, 554.8850393700876], "shapeUOy": [157.45108206485128, 75.97634215265471, 82.58849814987039, 140.62549286468231, 207.4107925314332], "shapeLIx": [157.9640463763497, 275.0999666999549, 390.6905492978635, 476.955987892862, 508.3534898734245], "shapeLIy": [196.7546595678554, 377.8679030706568, 383.02638089960874, 311.2891035918674, 229.03235304365754], "shapeLOx": [182.4691817385295, 313.63560572933454, 462.5491667342004, 509.6173461592839, 544.525622603275], "shapeLOy": [248.48837719658005, 367.29305095372104, 323.97592124507247, 270.166995342776, 205.7637161035604], "pplXY": [[321.13294747246795, 71.54885123479852], [445.25891633202593, 218.60047469301335], [319.2068721510504, 397.2078141833995], [200.5838510714936, 220.30640607008635]]}