{"shapeUIx": [157.9640913208354, 252.15192552563076, 361.75931624415745, 457.80621136387816, 508.3534838890424], "shapeUIy": [196.75463624723497, 128.32912527108533, 108.46512991012064, 156.18679074193523, 229.0319541665238], "shapeUOx": [180.1679730278069, 286.84563171390533, 405.3251975845269, 516.6529436010446, 554.8852465775245], "shapeUOy": [157.4509181462287, 75.97622332870154, 82.58827351741489, 140.6251630713777, 207.41034372672283], "shapeLIx": [157.9640913208354, 275.0999207035637, 390.6905549985344, 476.95607078826123, 508.3534838890423], "shapeLIy": [196.75463624723497, 377.86781314456994, 383.02634208814317, 311.288885430556, 229.0319541665238], "shapeLOx": [182.46943194252333, 313.63636417598684, 462.5498699952865, 509.6177429834869, 544.5257870375143], "shapeLOy": [248.4884705177804, 367.29309611411406, 323.975574109443, 270.16650564347526, 205.76326200115108], "pplXY": [[321.13296816046983, 71.54849831776377], [445.2589621155429, 218.60031338105037], [319.2068420477541, 397.2077000780274], [200.58382905694302, 220.30623296760695]]}