{"shapeUIx": [190.02185386491212, 292.8619993666876, 385.96362050650515, 477.2745434683623, 502.14077478735453], "shapeUIy": [162.96055050844456, 121.81898872621784, 140.3300746859507, 214.17046425937252, 282.21278209253916], "shapeUOx": [197.20254348083762, 320.2376579765328, 422.05600274085225, 492.63077583409574, 525.6193495862831], "shapeUOy": [152.61433904306915, 88.5327541803779, 128.38973588021202, 192.04109487514714, 260.1358583882742], "shapeLIx": [190.02185386491212, 278.51941993664866, 348.5246414746488, 476.1075354933702, 502.14077478735453], "shapeLIy": [162.96055050844456, 343.0499032053113, 378.7592013730093, 323.05858091845204, 282.21278209253916], "shapeLOx": [203.27122440246927, 271.9742581022313, 408.59334881966083, 481.32130448400886, 516.6959584734057], "shapeLOy": [248.6317280590828, 333.6162174985253, 337.0215535025044, 312.0457852843154, 268.292363959068], "pplXY": [[326.7715103585258, 108.85680484714055], [429.5613975084948, 221.90362254351194], [321.42304668883367, 382.99190201789423], [221.2302977521046, 214.66688078046045]]}