{"shapeUIx": [178.76590340476233, 271.27451027020516, 358.4166274268882, 454.70561215011196, 512.377389120182], "shapeUIy": [169.03569854871694, 137.66228386054996, 143.2106245741597, 194.348542902006, 263.79771714944104], "shapeUOx": [218.27945124576394, 316.1864117471517, 407.997076628947, 488.1375878506269, 558.7341242692731], "shapeUOy": [111.1961603913802, 84.76129804615789, 113.25472283646221, 171.65948863682985, 237.07448917423022], "shapeLIx": [178.76590340476233, 294.1264091266126, 379.00130838266716, 487.17646790093943, 512.377389120182], "shapeLIy": [169.03569854871694, 355.6073954839428, 371.4402096864163, 312.8357830951993, 263.79771714944104], "shapeLOx": [199.0634836492997, 294.2622091768089, 420.12282158933414, 497.7720380166158, 537.0693295505084], "shapeLOy": [255.79352004988587, 333.9383412433442, 322.2985977959694, 292.7698517488333, 251.3919656833873], "pplXY": [[328.6957204804936, 85.2983776689685], [441.34480731094527, 216.49211444694112], [323.9823323866615, 382.14739635914896], [215.2711363419424, 213.71729314211544]]}