{"shapeUIx": [190.02185386493872, 292.86199936664923, 385.9636205064585, 477.2745434683094, 502.14077478735214], "shapeUIy": [162.96055050845342, 121.81898872620823, 140.33007468585942, 214.17046425916374, 282.21278209232344], "shapeUOx": [197.20254348089495, 320.2376579765502, 422.0560027407679, 492.6307758340721, 525.6193495863914], "shapeUOy": [152.61433904303667, 88.53275418034528, 128.38973588009839, 192.04109487497394, 260.13585838805193], "shapeLIx": [190.02185386493872, 278.51941993660193, 348.5246414746513, 476.1075354934148, 502.14077478735214], "shapeLIy": [162.96055050845342, 343.0499032052546, 378.7592013729876, 323.05858091833653, 282.21278209232344], "shapeLOx": [203.27122440262477, 271.97425810267583, 408.593348820052, 481.3213044842265, 516.6959584734906], "shapeLOy": [248.63172805914488, 333.6162174985601, 337.0215535023187, 312.0457852840573, 268.29236395883714], "pplXY": [[326.7715103585341, 108.85680484696499], [429.5613975085148, 221.90362254342858], [321.42304668881485, 382.99190201782193], [221.23029775209392, 214.66688078036833]]}