{"shapeUIx": [168.3012177085967, 253.95331282035937, 346.67764774688493, 426.0557433254344, 501.6769604725993], "shapeUIy": [222.74246154114053, 173.8948726529287, 154.78393037459549, 161.11283422926985, 201.4316806325306], "shapeUOx": [204.60421388697034, 290.25309679314694, 377.0830765652931, 474.8421198308241, 557.1678463182479], "shapeUOy": [168.27132157524846, 118.67718816703584, 114.40073578840949, 138.0705664917805, 179.47304699717918], "shapeLIx": [168.3012177085967, 269.6545011896497, 392.88929640000913, 465.9477980636925, 501.6769604725993], "shapeLIy": [222.74246154114053, 337.0483177625305, 342.1070479562635, 281.3779832474991, 201.4316806325306], "shapeLOx": [187.5065396334508, 292.5832622295905, 426.7582939104671, 500.42025831979583, 545.6827343575375], "shapeLOy": [256.0978341644099, 325.49552262374533, 300.9587552502343, 250.01814466622346, 180.8969599746512], "pplXY": [[324.63626908572417, 101.33609057065748], [427.14328620191964, 220.24171770438798], [325.18145862756455, 351.66334290169476], [225.1318458589552, 224.17373020789574]]}