{"shapeUIx": [158.79166502427188, 240.51309578498407, 344.6797958042301, 436.97833691927815, 502.4950779526686], "shapeUIy": [218.00405449565795, 150.0982802115969, 116.68134881436238, 140.41274869827242, 202.29340004390136], "shapeUOx": [183.3430085257915, 282.01849353953827, 384.11956741692853, 508.01773046309324, 562.4050337260263], "shapeUOy": [173.52718665668584, 92.52824795258985, 83.23295147131132, 126.61997363746075, 174.9126915686662], "shapeLIx": [158.79166502427188, 269.67784518440857, 394.5423918981461, 477.65878267890076, 502.49507795266857], "shapeLIy": [218.004054495658, 368.50332646122877, 373.0279614601285, 292.14513942111677, 202.29340004390136], "shapeLOx": [187.97105515968278, 330.60092179772346, 487.1527307426929, 521.7363194098082, 549.0506148844154], "shapeLOy": [256.9212034160226, 363.72356482174814, 306.25847649722, 245.41071892437213, 174.76206145031912], "pplXY": [[322.78110380998936, 69.58529291338246], [439.74422870825276, 214.49192879707152], [320.0222796064361, 380.92781020401037], [207.06766581882684, 218.1787695800519]]}