{"shapeUIx": [168.10894324864267, 253.72816559405865, 344.13027493266804, 422.43579867727686, 500.4829471059047], "shapeUIy": [220.00204268049842, 172.0519756879924, 152.65557226825405, 155.98109847579036, 195.66038755361078], "shapeUOx": [210.52219302571643, 296.519232686905, 381.7147124994916, 474.78094825673224, 558.7867157123112], "shapeUOy": [157.5159817878626, 112.45692017994266, 110.85282634907932, 132.9344176293035, 169.32818626139007], "shapeLIx": [168.10894324864267, 273.0515249662119, 393.5228360051839, 465.82890753145637, 500.4829471059047], "shapeLIy": [220.00204268049842, 337.4610273537935, 341.2923452826808, 277.7417340994902, 195.66038755361078], "shapeLOx": [185.3805496592069, 292.4206579389059, 431.1929327283331, 502.9747392355451, 547.6556962554275], "shapeLOy": [254.81739084440113, 323.6637411180828, 296.75546264363976, 243.06057953543103, 171.52302971394224], "pplXY": [[325.1542787651439, 95.8117434574049], [427.5200045535623, 218.21929435859337], [325.3900816856998, 351.4996031779768], [225.2651874479834, 222.719436288341]]}