{"shapeUIx": [159.79198369903963, 266.6803591833219, 376.8955514503949, 469.86678091455786, 528.7453452080885], "shapeUIy": [186.99596979803684, 125.34217234405314, 121.27517288932877, 164.67596951119572, 230.85286246739776], "shapeUOx": [163.01696993097414, 244.24124724364765, 366.49177768611446, 488.5036468483651, 550.2261813903139], "shapeUOy": [157.89036017929834, 93.29108691629446, 85.24356677890894, 137.25786226838943, 224.02786586590028], "shapeLIx": [159.79198369903963, 271.89773607565223, 380.03102306373404, 466.0518022923223, 528.7453452080885], "shapeLIy": [186.99596979803684, 352.6825051146261, 362.16493094685853, 309.17296984039706, 230.85286246739776], "shapeLOx": [166.2657430762245, 250.17318691387436, 358.76778877227906, 474.15348157510715, 548.625582646958], "shapeLOy": [228.19060952162923, 338.0601607182446, 346.9139493957803, 295.05808159033023, 218.62456349352163], "pplXY": [[323.54221656016114, 86.84646319556614], [432.35582272657484, 226.50069849631063], [322.38353094599194, 381.58322611023294], [222.0550456487098, 227.02473130651515]]}