{"shapeUIx": [165.6423694771699, 254.64019644717024, 354.83193048172996, 461.4174655583719, 524.4055331237785], "shapeUIy": [170.09848560303357, 124.39538139358828, 117.30075462185546, 164.67666154119576, 237.66707479152245], "shapeUOx": [188.74942881339967, 302.3517674547942, 399.046801102469, 508.008456983158, 577.3255560053483], "shapeUOy": [140.60443514586865, 72.65760364236715, 84.62182351917554, 147.9760754265248, 218.7939274678892], "shapeLIx": [165.6423694771699, 274.510630561643, 360.4264396911275, 508.05732584327933, 524.4055331237785], "shapeLIy": [170.09848560303357, 371.37214406135956, 402.8600858100652, 313.3972908577875, 237.66707479152245], "shapeLOx": [204.4692111071093, 312.690447149717, 455.74596150978516, 527.2516205847944, 546.8968809253118], "shapeLOy": [300.4057787849034, 364.89066264361617, 334.7254610052923, 288.1773006047312, 236.25391751683955], "pplXY": [[327.06293859504996, 82.42536818835669], [440.50341695421537, 215.52821570654368], [319.68013033834256, 398.31534817981526], [207.6712494141736, 212.31674579539657]]}