{"shapeUIx": [158.7916821898249, 240.5130710466307, 344.6797654930072, 436.97830252233626, 502.49507642475464], "shapeUIy": [218.00405968887898, 150.0982736015923, 116.68128952679972, 140.41261339067745, 202.2932602363729], "shapeUOx": [183.34304635341687, 282.0185057452235, 384.1195137408519, 508.01771539097854, 562.4051040150587], "shapeUOy": [173.5271640970967, 92.52822594841791, 83.23287762803788, 126.61986126112069, 174.9125469502368], "shapeLIx": [158.7916821898249, 269.6778154899317, 394.54239353807594, 477.6588115370834, 502.49507642475464], "shapeLIy": [218.00405968887904, 368.5032899656447, 373.0279473909077, 292.14506448783055, 202.2932602363729], "shapeLOx": [187.97115537513352, 330.60120892146523, 487.1529839040071, 521.7364603611097, 549.0506700205972], "shapeLOy": [256.92124332697387, 363.7235870835094, 306.2583560737808, 245.41055148782874, 174.76191146049013], "pplXY": [[322.7811092889711, 69.5851787376073], [439.7442418009027, 214.49187469625522], [320.0222674596734, 380.9277636431624], [207.06765887228852, 218.17870984405118]]}