{"shapeUIx": [165.6440972638936, 254.64579095422897, 354.81148321811037, 461.3990689108571, 524.4030556062589], "shapeUIy": [170.0398449252005, 124.35312621775616, 117.26297509936362, 164.62320006814548, 237.617938687714], "shapeUOx": [188.83039308398418, 302.4429274840953, 399.13002084840633, 508.0272274297161, 577.3631554961132], "shapeUOy": [140.44376174382242, 72.56250165576168, 84.57128504027376, 147.92116738819453, 218.68887292989362], "shapeLIx": [165.6440972638936, 274.5586042614165, 360.4278427035945, 508.0710644347279, 524.4030556062589], "shapeLIy": [170.0398449252005, 371.381345349301, 402.8595410698428, 313.3645789254434, 237.617938687714], "shapeLOx": [204.4570979489183, 312.7153526778787, 455.8188006920251, 527.2993214562989, 546.9284237920936], "shapeLOy": [300.39029941942135, 364.8740878909846, 334.6745242575737, 288.0969610625861, 236.16233642177863], "pplXY": [[327.0728370856471, 82.33771210337457], [440.52274408282403, 215.49628394540792], [319.68181263887675, 398.328258441255], [207.6639420856042, 212.28839259333807]]}