{"shapeUIx": [157.9640913206229, 252.15192552593763, 361.7593162445305, 457.8062113643018, 508.35348388906095], "shapeUIy": [196.7546362471647, 128.32912527116298, 108.46512991085095, 156.1867907436047, 229.03195416824906], "shapeUOx": [180.16797302734722, 286.8456317137639, 405.3251975852003, 516.652943601233, 554.8852465766581], "shapeUOy": [157.45091814649103, 75.97622332896401, 82.5882735183239, 140.625163072763, 207.41034372850163], "shapeLIx": [157.9640913206229, 275.0999207039364, 390.69055499851436, 476.95607078790516, 508.35348388906095], "shapeLIy": [196.7546362471647, 377.8678131450226, 383.026342088317, 311.28888543147997, 229.03195416824906], "shapeLOx": [182.46943194128085, 313.63636417243373, 462.54986999215924, 509.6177429817467, 544.525787036835], "shapeLOy": [248.48847051728453, 367.2930961138364, 323.9755741109285, 270.16650564553953, 205.7632620029978], "pplXY": [[321.13296816040304, 71.54849831916837], [445.25896211538264, 218.6003133817169], [319.20684204790473, 397.207700078605], [200.58382905702837, 220.30623296834375]]}