{"shapeUIx": [159.79198369903966, 266.6803591833219, 376.89555145039486, 469.8667809145578, 528.7453452080885], "shapeUIy": [186.99596979803687, 125.34217234405317, 121.27517288932873, 164.67596951119563, 230.85286246739764], "shapeUOx": [163.01696993097417, 244.24124724364765, 366.49177768611446, 488.5036468483651, 550.226181390314], "shapeUOy": [157.8903601792983, 93.29108691629445, 85.2435667789089, 137.25786226838937, 224.0278658659002], "shapeLIx": [159.79198369903966, 271.8977360756522, 380.03102306373404, 466.0518022923223, 528.7453452080885], "shapeLIy": [186.99596979803684, 352.68250511462605, 362.16493094685853, 309.172969840397, 230.85286246739764], "shapeLOx": [166.2657430762246, 250.17318691387453, 358.76778877227923, 474.15348157510726, 548.625582646958], "shapeLOy": [228.19060952162926, 338.0601607182446, 346.9139493957802, 295.05808159033006, 218.62456349352155], "pplXY": [[323.54221656016114, 86.84646319556607], [432.35582272657484, 226.50069849631058], [322.3835309459919, 381.58322611023294], [222.0550456487098, 227.0247313065151]]}