{"shapeUIx": [159.7921584108989, 266.6801052821904, 376.89525052632195, 469.86643832908055, 528.7453307478252], "shapeUIy": [186.99604349401937, 125.34211969348584, 121.27458210975438, 164.6746115983012, 230.85145831335748], "shapeUOx": [163.0173248921739, 244.2413375359819, 366.49119989132765, 488.5034869026925, 550.2268835660507], "shapeUOy": [157.8901898429843, 93.2908975802109, 85.24283301228006, 137.2567388060695, 224.0264338512177], "shapeLIx": [159.7921584108989, 271.89741596330373, 380.0310389579476, 466.05209182135786, 528.7453307478252], "shapeLIy": [186.99604349401937, 352.68213054487967, 362.16478890278296, 309.1722197102937, 230.85145831335748], "shapeLOx": [166.26676986202602, 250.17610517385907, 358.770342328767, 474.1549002860535, 548.6261323708242], "shapeLOy": [228.19102199086765, 338.06039469931085, 346.9127418672088, 295.0564066674873, 218.62307186728927], "pplXY": [[323.54226873049095, 86.84533176600323], [432.35594946471366, 226.50015903915383], [322.3834063642213, 381.5827478701333], [222.05497711172606, 227.02413281820918]]}