{"shapeUIx": [178.76640409072087, 271.2737666448369, 358.4158164569277, 454.7046811276824, 512.3773559160311], "shapeUIy": [169.03605494762274, 137.66223428745963, 143.2090166319715, 194.3447781762552, 263.7938159342144], "shapeUOx": [218.28026125241846, 316.1864350845434, 407.9952003669838, 488.1370839114129, 558.7360486728091], "shapeUOy": [111.19608250959391, 84.7609945251138, 113.25273965915315, 171.65640368725408, 237.07065418062695], "shapeLIx": [178.76640409072087, 294.1253660556122, 379.0013485458213, 487.1772698681654, 512.3773559160311], "shapeLIy": [169.03605494762274, 355.6062987304334, 371.43980965596603, 312.83371655239756, 263.7938159342144], "shapeLOx": [199.06647635469068, 294.27055410498593, 420.1299884511982, 497.77599958337424, 537.0708286869578], "shapeLOy": [255.7947473580604, 333.93906381725157, 322.2952583055591, 292.76524687079683, 251.38792525003268], "pplXY": [[328.69584533643683, 85.29534305172083], [441.3451258470142, 216.49064382354112], [323.981968413272, 382.1459937257227], [215.27095477372373, 213.71564173172777]]}