{"shapeUIx": [164.09525660751882, 276.7649460286421, 389.56057750157134, 499.1441398962155, 546.2742420060629], "shapeUIy": [174.04280322971832, 130.84283543153978, 138.06745253694493, 194.9746074766849, 259.4476618639313], "shapeUOx": [177.72413799043017, 278.5126315725607, 399.2091132585345, 513.960083058552, 580.8133629835858], "shapeUOy": [155.86169363452677, 99.69780280838818, 103.1669155731524, 164.6411192679921, 247.36367315259395], "shapeLIx": [164.09525660751882, 267.1546814675569, 359.8112932532391, 501.5616816007147, 546.2742420060629], "shapeLIy": [174.04280322971834, 350.8642934153325, 377.85617540197734, 322.2038446139198, 259.4476618639313], "shapeLOx": [187.35402078360354, 263.6575173625574, 379.95419821303483, 505.7209579640636, 552.8925014446871], "shapeLOy": [262.00193571704915, 341.680200700932, 354.51720476588014, 314.87274261979536, 258.8706753516778], "pplXY": [[330.0738180161532, 94.64629426328943], [446.72925271050224, 219.73044256692455], [324.8105533613747, 391.42791216845205], [212.79578605160003, 216.88782041695157]]}