{"shapeUIx": [165.6440972638762, 254.6457909542541, 354.81148321814095, 461.39906891089174, 524.4030556062605], "shapeUIy": [170.03984492519467, 124.35312621776248, 117.2629750994234, 164.62320006828216, 237.61793868785531], "shapeUOx": [188.83039308394657, 302.4429274840838, 399.1300208484615, 508.02722742973157, 577.3631554960423], "shapeUOy": [140.44376174384382, 72.5625016557831, 84.57128504034817, 147.92116738830794, 218.68887293003917], "shapeLIx": [165.6440972638762, 274.5586042614471, 360.42784270359283, 508.07106443469877, 524.4030556062605], "shapeLIy": [170.0398449251947, 371.38134534933806, 402.8595410698571, 313.36457892551914, 237.61793868785531], "shapeLOx": [204.45709794881654, 312.7153526775877, 455.81880069176907, 527.2993214561563, 546.9284237920378], "shapeLOy": [300.39029941938077, 364.8740878909618, 334.67452425769534, 288.09696106275516, 236.16233642192984], "pplXY": [[327.07283708564165, 82.33771210348957], [440.5227440828109, 215.4962839454625], [319.68181263888914, 398.3282584413023], [207.66394208561115, 212.28839259339838]]}