{"shapeUIx": [165.69036429398972, 254.1806322958853, 355.2988149757237, 460.6844142223288, 523.8571524797624], "shapeUIy": [174.1806781267996, 127.844624785922, 119.91643920281042, 165.65217766606867, 237.00930860806085], "shapeUOx": [186.05029945420034, 298.7360119970121, 394.3568119372496, 505.7684604921011, 575.7280487353798], "shapeUOy": [148.67640361553853, 78.14760115415646, 87.38247067426403, 149.07788857137012, 220.50027784321264], "shapeLIx": [165.69036429398972, 271.5524472669903, 360.66216400192576, 506.80277445976634, 523.8571524797624], "shapeLIy": [174.1806781267996, 369.3169223594123, 401.19475336858875, 312.9706915707457, 237.00930860806085], "shapeLOx": [205.44192413684044, 313.0966907558662, 453.96481495057714, 525.9328987133546, 545.8396148361973], "shapeLOy": [301.34640325841207, 364.49080701946497, 334.96170123303386, 289.1704089428445, 237.1069336110125], "pplXY": [[326.5926295593686, 86.67397009800763], [438.998018996699, 216.59970540897424], [319.6556061282646, 395.65030777489244], [208.57497330341843, 213.3491508658225]]}