{"shapeUIx": [164.0951305091373, 276.76512912038186, 389.56079537386415, 499.1443878328902, 546.2742525276302], "shapeUIy": [174.04275184259433, 130.84287470742652, 138.06788007677088, 194.97558933598765, 259.4486770731118], "shapeUOx": [177.72387916290558, 278.51256345137085, 399.2095275776015, 513.9601979335403, 580.8128549745817], "shapeUOy": [155.86182174754822, 99.69794249242575, 103.16744678306392, 164.64193199434538, 247.36471031195006], "shapeLIx": [164.0951305091373, 267.15491097926275, 359.8112817096734, 501.5614722471372, 546.2742525276303], "shapeLIy": [174.04275184259436, 350.86456351647854, 377.85627803732746, 322.2043871736565, 259.4486770731118], "shapeLOx": [187.3532802408269, 263.6554105822296, 379.95235301583426, 505.7199325261681, 552.8921036333434], "shapeLOy": [262.0016385307422, 341.6800324565087, 354.5180779578273, 314.87395416777, 258.8717551109478], "pplXY": [[330.0737800449673, 94.64711361942155], [446.7291606608953, 219.7308329296608], [324.81064320149454, 391.4282569922957], [212.7958357099012, 216.8882532396142]]}