{"shapeUIx": [190.02185390541712, 292.86199930816997, 385.9636204354912, 477.27454338770247, 502.140774783824], "shapeUIy": [162.96055052210312, 121.81898871160533, 140.33007454690141, 214.17046394138237, 282.2127817639001], "shapeUOx": [197.20254356807445, 320.23765800304733, 422.0560026120722, 492.6307757980902, 525.6193497512547], "shapeUOy": [152.6143389938289, 88.53275413078688, 128.38973570716252, 192.0410946113385, 260.13585804970484], "shapeLIx": [190.02185390541712, 278.51941986537304, 348.5246414784646, 476.1075355611853, 502.140774783824], "shapeLIy": [162.96055052210312, 343.0499031189822, 378.75920133988757, 323.05858074247607, 282.2127817639001], "shapeLOx": [203.2712246394047, 271.974258779481, 408.593349415487, 481.32130481554185, 516.6959586027403], "shapeLOy": [248.63172815368253, 333.616217551555, 337.02155321956366, 312.0457848911846, 268.29236360749064], "pplXY": [[326.7715103712125, 108.85680457978444], [429.5613975389507, 221.90362241660335], [321.423046660107, 382.9919019077321], [221.23029773585876, 214.66688064014178]]}