{"shapeUIx": [178.81677187861337, 271.17230071056866, 358.35792484680167, 454.63026911716236, 512.383184859555], "shapeUIy": [169.18947841970765, 137.73465156250978, 143.08664371923166, 193.99241547705958, 263.4145093008834], "shapeUOx": [218.22105765641535, 316.014433000774, 407.6192801317741, 488.0469026966115, 558.8998590408909], "shapeUOy": [111.48605673885947, 84.90003214484607, 113.10594606355991, 171.3851237754229, 236.80276221173432], "shapeLIx": [178.81677187861337, 293.91078189867244, 379.00417666962335, 487.2478424845016, 512.383184859555], "shapeLIy": [169.18947841970765, 355.46102653355035, 371.39326089155645, 312.64766184213477, 263.4145093008834], "shapeLOx": [199.43506235666632, 295.1997876744438, 420.83452287463626, 498.1569756485136, 537.1949460831446], "shapeLOy": [255.9705044324882, 334.0559741729545, 321.99819753998406, 292.36729012680604, 251.07021253704897], "pplXY": [[328.69231440037674, 85.09867938662185], [441.34744752598306, 216.37671199812908], [323.9365036946267, 381.95811538503233], [215.2627722029069, 213.57519791126552]]}