{"shapeUIx": [159.79198369903963, 266.6803591833219, 376.8955514503949, 469.86678091455786, 528.7453452080885], "shapeUIy": [186.9959697980368, 125.34217234405314, 121.27517288932877, 164.67596951119575, 230.85286246739778], "shapeUOx": [163.0169699309741, 244.24124724364765, 366.49177768611446, 488.5036468483651, 550.2261813903139], "shapeUOy": [157.89036017929834, 93.29108691629446, 85.24356677890894, 137.25786226838946, 224.0278658659003], "shapeLIx": [159.79198369903963, 271.89773607565223, 380.03102306373404, 466.0518022923223, 528.7453452080885], "shapeLIy": [186.99596979803684, 352.6825051146261, 362.1649309468586, 309.17296984039706, 230.85286246739778], "shapeLOx": [166.2657430762245, 250.1731869138743, 358.767788772279, 474.15348157510715, 548.6255826469579], "shapeLOy": [228.19060952162923, 338.0601607182446, 346.9139493957804, 295.05808159033023, 218.6245634935217], "pplXY": [[323.54221656016114, 86.84646319556616], [432.35582272657484, 226.50069849631063], [322.38353094599194, 381.583226110233], [222.0550456487098, 227.02473130651515]]}