{"shapeUIx": [157.96409132070107, 252.1519255258248, 361.7593162443933, 457.80621136414595, 508.35348388905413], "shapeUIy": [196.75463624719046, 128.32912527113436, 108.4651299105823, 156.18679074299067, 229.03195416761451], "shapeUOx": [180.1679730275164, 286.84563171381603, 405.32519758495283, 516.6529436011638, 554.8852465769768], "shapeUOy": [157.45091814639426, 75.9762233288673, 82.58827351798952, 140.62516307225346, 207.4103437278473], "shapeLIx": [157.96409132070107, 275.0999207037994, 390.69055499852175, 476.95607078803613, 508.35348388905413], "shapeLIy": [196.75463624719046, 377.86781314485614, 383.02634208825305, 311.2888854311401, 229.03195416761451], "shapeLOx": [182.46943194173772, 313.6363641737404, 462.5498699933094, 509.6177429823867, 544.5257870370849], "shapeLOy": [248.48847051746685, 367.2930961139385, 323.9755741103821, 270.1665056447803, 205.76326200231853], "pplXY": [[321.1329681604276, 71.54849831865168], [445.2589621154416, 218.60031338147172], [319.20684204784936, 397.20770007839263], [200.583829056997, 220.30623296807275]]}