{"shapeUIx": [151.73895066077523, 222.64737738622176, 327.8414415531042, 407.89260301717184, 492.0576813352568], "shapeUIy": [252.17400338078966, 181.20083126088429, 137.64140762394464, 137.72868212807728, 186.7078542147056], "shapeUOx": [158.8609429879768, 241.22594989115123, 332.50687901046933, 477.56311997251504, 547.8141712179296], "shapeUOy": [225.41839810015873, 133.840358657835, 100.6598751288512, 127.58322251878948, 173.70010187361103], "shapeLIx": [151.73895066077523, 256.226791726737, 396.46159201868653, 461.10653999664675, 492.0576813352568], "shapeLIy": [252.17400338078966, 357.0428536285835, 357.5047121473245, 281.6064413029975, 186.7078542147056], "shapeLOx": [182.9727019446902, 317.71405973621916, 466.37871397479887, 505.1428682577064, 541.309509476913], "shapeLOy": [272.00540354645756, 354.787078113843, 304.6051251483603, 247.1868780953057, 169.55392858990137], "pplXY": [[317.8210445538085, 104.72441047985896], [417.18448558217676, 224.1864221681436], [318.4431609678976, 354.78336631327556], [220.25937467039975, 229.50182263217184]]}