{"shapeUIx": [168.11172968381916, 253.7244170260858, 344.1241983730639, 422.42905606609236, 500.4825359589639], "shapeUIy": [219.99986114834428, 172.04876975563997, 152.64403761319923, 155.95614763350227, 195.6347498980162], "shapeUOx": [210.53276919031651, 296.52618680255864, 381.7105445248721, 474.77943875093086, 558.8001410846113], "shapeUOy": [157.50362089938366, 112.44825924689857, 110.8381456868376, 132.91305717876284, 169.29866551342715], "shapeLIx": [168.11172968381916, 273.0492889065828, 393.5232296499876, 465.8342269777412, 500.4825359589639], "shapeLIy": [219.99986114834428, 337.4555219390311, 341.28986595328126, 277.7276354174277, 195.6347498980162], "shapeLOx": [185.39589893909448, 292.4681322040529, 431.2376675649213, 503.00009370072286, 547.6663909672342], "shapeLOy": [254.82299961363304, 323.66628701580237, 296.73312552069353, 243.0289187953781, 171.49335302224276], "pplXY": [[325.1556981799083, 95.78860723145873], [427.52308962248725, 218.20882012566284], [325.3882382484159, 351.49262208394043], [225.26373949922066, 222.70829334076907]]}