{"shapeUIx": [168.18511486311382, 253.88166733756003, 345.39304211666905, 424.06957388013217, 500.91273370915786], "shapeUIy": [221.58563628374836, 173.15620308663327, 154.00738307097464, 158.91377495080138, 198.84699388505464], "shapeUOx": [207.35513433229184, 293.20114127241516, 379.22959795021785, 474.6021079960639, 557.4558129862075], "shapeUOy": [163.29853156998905, 115.81661045110441, 112.93839457206847, 135.82192359046547, 174.76929794231708], "shapeLIx": [168.18511486311382, 271.3989609012924, 393.2597490362043, 465.61646679416424, 500.91273370915786], "shapeLIy": [221.58563628374836, 337.34842627970784, 341.7041786812692, 279.7204274394009, 198.84699388505464], "shapeLOx": [186.03802423384485, 291.30808106951037, 427.92927856075846, 500.9968002018816, 546.3418383384111], "shapeLOy": [255.2889504737804, 324.4859599271266, 299.2850429793888, 247.09913968226525, 176.54528072438586], "pplXY": [[324.83650421485476, 99.15017658159582], [427.1223076791187, 219.50168120296811], [325.33169316304657, 351.6027532664134], [225.33211150154253, 223.75897840400768]]}