{"shapeUIx": [164.09513180727294, 276.7651272438485, 389.56079310191325, 499.1443852517632, 546.274252415061], "shapeUIy": [174.04275229123613, 130.84287424675784, 138.0678756270026, 194.9755791548038, 259.44866655040477], "shapeUOx": [177.72388194303429, 278.5125642833817, 399.20952343388035, 513.9601967761887, 580.8128602548411], "shapeUOy": [155.86182020044856, 99.69794092118906, 103.16744124631889, 164.64192355016746, 247.36469948202324], "shapeLIx": [164.09513180727294, 267.1549086855989, 359.81128183155033, 501.56147441834656, 546.274252415061], "shapeLIy": [174.04275229123613, 350.8645607480909, 377.8562769764113, 322.20438154037055, 259.44866655040477], "shapeLOx": [187.35328783789518, 263.65543228519823, 379.9523720993161, 505.7199431431365, 552.8921077724023], "shapeLOy": [262.00164156583514, 341.68003415992234, 354.5180688993727, 314.87394158364174, 258.87174386154436], "pplXY": [[330.0737804496849, 94.6471050669735], [446.7291616335659, 219.73082886822567], [324.81064228033927, 391.428253459448], [212.79583519037186, 216.88824874752544]]}