{"shapeUIx": [165.64390982829613, 254.6459969135927, 354.81202184778, 461.39964846388375, 524.403104086545], "shapeUIy": [170.04037565627922, 124.35360913917279, 117.26396887640377, 164.62519311733456, 237.61996445573672], "shapeUOx": [188.82914283330388, 302.44184361313603, 399.1297169557887, 508.0272066594521, 577.3620298491697], "shapeUOy": [140.4456665686548, 72.56370935135087, 84.57257784735461, 147.92294176263636, 218.69154119219652], "shapeLIx": [165.64390982829613, 274.55842160258567, 360.42780337813787, 508.07063548162614, 524.403104086545], "shapeLIy": [170.04037565627922, 371.38164993154925, 402.8597225747359, 313.3657342739547, 237.61996445573672], "shapeLOx": [204.45620415771072, 312.7121378318601, 455.8154208892603, 527.2973577017605, 546.9275114546915], "shapeLOy": [300.3900452704053, 364.8740536727486, 334.6763297894634, 288.09958085660406, 236.16492362100627], "pplXY": [[327.07267736335365, 82.3398020135301], [440.5224195631931, 215.49718039509168], [319.6819174414528, 398.3286369089361], [207.66407850102115, 212.2893037916296]]}