{"shapeUIx": [165.64409726389349, 254.64579095422914, 354.81148321811054, 461.3990689108573, 524.4030556062589], "shapeUIy": [170.03984492520044, 124.35312621775617, 117.26297509936398, 164.62320006814633, 237.61793868771488], "shapeUOx": [188.83039308398395, 302.4429274840953, 399.1300208484066, 508.02722742971616, 577.3631554961128], "shapeUOy": [140.44376174382256, 72.5625016557618, 84.57128504027423, 147.92116738819522, 218.68887292989447], "shapeLIx": [165.64409726389349, 274.5586042614167, 360.4278427035945, 508.07106443472776, 524.4030556062589], "shapeLIy": [170.03984492520044, 371.3813453493012, 402.8595410698429, 313.3645789254439, 237.61793868771488], "shapeLOx": [204.4570979489177, 312.7153526778769, 455.8188006920235, 527.299321456298, 546.9284237920931], "shapeLOy": [300.3902994194211, 364.87408789098447, 334.6745242575745, 288.0969610625872, 236.16233642177957], "pplXY": [[327.07283708564705, 82.3377121033753], [440.5227440828239, 215.49628394540827], [319.68181263887686, 398.3282584412553], [207.66394208560422, 212.28839259333844]]}