{"shapeUIx": [159.7919865366322, 266.6803550800111, 376.8955464891418, 469.8667752774295, 528.7453449627525], "shapeUIy": [186.9959707924697, 125.3421713467222, 121.27516317091565, 164.67594726882456, 230.852839478196], "shapeUOx": [163.0169759882345, 244.2412490399494, 366.4917686075876, 488.50364431420064, 550.2261929237247], "shapeUOy": [157.89035683659273, 93.29108350456218, 85.24355468787194, 137.25784382363418, 224.02784221906896], "shapeLIx": [159.7919865366322, 271.89773105012944, 380.0310233296176, 466.05180703561155, 528.7453449627525], "shapeLIy": [186.99597079246968, 352.68249906114636, 362.16492862856046, 309.1729575348609, 230.852839478196], "shapeLOx": [166.26575968714005, 250.1732343517116, 358.76783047162144, 474.15350477227065, 548.6255916869852], "shapeLOy": [228.1906161601706, 338.06016444662066, 346.91392960686557, 295.05805410195904, 218.62453892649563], "pplXY": [[323.54221744246354, 86.84644452097719], [432.35582484843917, 226.50068962579059], [322.38352893181093, 381.58321838491474], [222.05504451449806, 227.02472149352428]]}