{"shapeUIx": [158.76805515047818, 240.54641734912275, 344.7288504948661, 437.0328832362773, 502.4981557813482], "shapeUIy": [218.01407774568025, 150.11982957377944, 116.77510606835719, 140.61808744963514, 202.50428359682414], "shapeUOx": [183.26557350900518, 281.9736770276704, 384.16864213315034, 508.0331100134864, 562.2957611838896], "shapeUOy": [173.6080734913174, 92.58804384966344, 83.35132738204636, 126.79395065995917, 175.14787294091414], "shapeLIx": [158.76805515047818, 269.70425471677424, 394.5392663470867, 477.61491140780316, 502.4981557813482], "shapeLIy": [218.01407774568025, 368.5510408278275, 373.0481500432744, 292.2600537604144, 202.50428359682414], "shapeLOx": [187.836964573745, 330.19615180352787, 486.7792665219857, 521.5260484473107, 548.9640198934654], "shapeLOy": [256.870456039788, 363.6981242948597, 306.441651636517, 245.6688512918916, 175.00059334844326], "pplXY": [[322.77054323977984, 69.77058000781605], [439.7204699863254, 214.57680068358164], [320.03855793790575, 380.9888693868323], [207.07940834367872, 218.27008287295976]]}