{"shapeUIx": [190.0218539659553, 292.86199922069943, 385.9636203293936, 477.27454326718805, 502.140774778553], "shapeUIy": [162.9605505426242, 121.81898868984084, 140.33007433914514, 214.17046346621729, 282.2127812728169], "shapeUOx": [197.20254369830312, 320.23765804250127, 422.0560024194374, 492.63077574424324, 525.6193499977514], "shapeUOy": [152.61433892053964, 88.53275405684667, 128.38973544861648, 192.04109421715776, 260.1358575438884], "shapeLIx": [190.0218539659553, 278.51941975875343, 348.5246414841637, 476.1075356625191, 502.140774778553], "shapeLIy": [162.9605505426242, 343.0499029899397, 378.7592012903901, 323.0585804795291, 282.2127812728169], "shapeLOx": [203.2712249935601, 271.9742597916684, 408.59335030588215, 481.32130531096516, 516.6959587959835], "shapeLOy": [248.63172829510222, 333.6162176308505, 337.02155279677737, 312.0457843037667, 268.2923630822072], "pplXY": [[326.77151039015547, 108.85680418035497], [429.5613975844361, 221.90362222698496], [321.4230466171676, 382.99190174306284], [221.23029771158903, 214.6668804304722]]}