{"shapeUIx": [158.79168218982485, 240.51307104663078, 344.67976549300727, 436.9783025223363, 502.49507642475464], "shapeUIy": [218.00405968887898, 150.09827360159233, 116.6812895267999, 140.41261339067788, 202.29326023637333], "shapeUOx": [183.34304635341675, 282.0185057452235, 384.1195137408521, 508.01771539097854, 562.4051040150586], "shapeUOy": [173.52716409709677, 92.52822594841798, 83.23287762803812, 126.61986126112106, 174.9125469502372], "shapeLIx": [158.79168218982485, 269.67781548993173, 394.5423935380759, 477.65881153708335, 502.49507642475464], "shapeLIy": [218.00405968887904, 368.50328996564474, 373.0279473909077, 292.1450644878308, 202.29326023637333], "shapeLOx": [187.97115537513324, 330.60120892146443, 487.1529839040064, 521.7364603611093, 549.050670020597], "shapeLOy": [256.9212433269737, 363.7235870835093, 306.25835607378116, 245.41055148782925, 174.76191146049058], "pplXY": [[322.78110928897104, 69.58517873760763], [439.7442418009027, 214.4918746962554], [320.02226745967346, 380.9277636431625], [207.06765887228858, 218.17870984405135]]}