{"shapeUIx": [158.79167530091757, 240.5130809819544, 344.679777631575, 436.97831630084113, 502.4950770341314], "shapeUIy": [218.00405753326913, 150.0982762042114, 116.68131327693564, 140.41266762683725, 202.2933162800113], "shapeUOx": [183.34303127535594, 282.0185009631812, 384.11953539021266, 508.01772146215023, 562.4050758516985], "shapeUOy": [173.5271729475641, 92.52823466052367, 83.23290720206444, 126.61990629084531, 174.91260485224365], "shapeLIx": [158.79167530091757, 269.67782746836116, 394.54239288267644, 477.6587999699603, 502.4950770341314], "shapeLIy": [218.00405753326913, 368.5033046228827, 373.02795303327696, 292.1450945173401, 202.2933162800113], "shapeLOx": [187.97111513309525, 330.60109370611804, 487.1528823838245, 521.7364038485263, 549.0506479323606], "shapeLOy": [256.9212272883194, 363.72357812398, 306.2584043402908, 245.4106185837837, 174.7619715351133], "pplXY": [[322.78110710244346, 69.58522445393555], [439.7442365688511, 214.49189636984116], [320.02227233770475, 380.927782343996], [207.06766165266967, 218.17873378490444]]}