{"shapeUIx": [190.02185386491175, 292.8619993666881, 385.9636205065058, 477.27454346836305, 502.14077478735453], "shapeUIy": [162.96055050844444, 121.81898872621798, 140.33007468595196, 214.17046425937542, 282.21278209254217], "shapeUOx": [197.20254348083682, 320.2376579765325, 422.05600274085344, 492.630775834096, 525.6193495862815], "shapeUOy": [152.6143390430696, 88.53275418037836, 128.3897358802136, 192.04109487514955, 260.1358583882773], "shapeLIx": [190.02185386491175, 278.51941993664934, 348.5246414746487, 476.1075354933697, 502.14077478735453], "shapeLIy": [162.96055050844444, 343.0499032053121, 378.75920137300966, 323.0585809184537, 282.21278209254217], "shapeLOx": [203.2712244024671, 271.97425810222506, 408.5933488196554, 481.32130448400574, 516.6959584734044], "shapeLOy": [248.63172805908192, 333.6162174985248, 337.021553502507, 312.04578528431904, 268.29236395907117], "pplXY": [[326.7715103585257, 108.85680484714301], [429.5613975084945, 221.90362254351308], [321.42304668883395, 382.99190201789526], [221.23029775210475, 214.66688078046172]]}