{"shapeUIx": [190.02185386557414, 292.8619993657313, 385.963620505344, 477.27454346704354, 502.1407747872968], "shapeUIy": [162.96055050866659, 121.81898872597817, 140.3300746836773, 214.1704642541741, 282.2127820871668], "shapeUOx": [197.20254348226518, 320.23765797696814, 422.0560027387493, 492.6307758335077, 525.6193495889801], "shapeUOy": [152.61433904226087, 88.53275417956533, 128.38973587738263, 192.04109487083423, 260.1358583827383], "shapeLIx": [190.02185386557414, 278.5194199354848, 348.52464147471113, 476.1075354944789, 502.1407747872968], "shapeLIy": [162.96055050866659, 343.0499032039005, 378.75920137246794, 323.05858091557513, 282.2127820871668], "shapeLOx": [203.27122440634133, 271.9742581133005, 408.5933488294004, 481.32130448942837, 516.6959584755202], "shapeLOy": [248.63172806062857, 333.6162174993916, 337.021553497879, 312.04578527788834, 268.29236395331975], "pplXY": [[326.77151035873334, 108.85680484276907], [429.561397508993, 221.90362254143707], [321.42304668836425, 382.991902016094], [221.23029775183895, 214.66688077816647]]}