{"shapeUIx": [159.9158928623744, 266.4975950292252, 376.7289925822788, 469.6606267781076, 528.7222630013471], "shapeUIy": [187.17342155785127, 125.40488853777929, 120.96662534684079, 163.8884368467596, 230.03115618429123], "shapeUOx": [163.09341320148596, 244.1178783939967, 365.91677862368084, 488.3410878405327, 550.6011119120972], "shapeUOy": [158.12231893684842, 93.37618118321906, 84.87540763597089, 136.63977026026205, 223.3072711021573], "shapeLIx": [159.91589286237442, 271.5853410557394, 380.04148664586126, 466.2107935241539, 528.7222630013471], "shapeLIy": [187.17342155785127, 352.40967044341994, 362.0691325167607, 308.74123906160816, 230.0311561842912], "shapeLOx": [167.00044393704172, 252.12039127236503, 360.3620112725751, 475.0057123029736, 548.9133943499828], "shapeLOy": [228.49990394053575, 338.2522673983326, 346.19612642384624, 294.1040638111338, 217.83611372354386], "pplXY": [[323.5541822496606, 86.2761816836158], [432.3955518027782, 226.20414654431147], [322.2931497782336, 381.2244257470862], [222.02433469053943, 226.67785806525953]]}