{"shapeUIx": [168.08225834205086, 253.7976956266516, 344.48728401377696, 422.8473823196849, 500.5498058463386], "shapeUIy": [220.47943906419636, 172.41480191649003, 153.17786451537629, 157.0253201821388, 196.74887804191334], "shapeUOx": [209.58528806178455, 295.58245393788945, 381.0973384248414, 474.69916333513163, 558.210087229492], "shapeUOy": [159.1632869706128, 113.43990268735988, 111.58831978920382, 133.92318909419436, 171.01935813349957], "shapeLIx": [168.08225834205086, 272.67532037444914, 393.4697943633137, 465.65585562350907, 500.5498058463386], "shapeLIy": [220.47943906419636, 337.5060627120809, 341.40701205280766, 278.39226279269315, 196.74887804191334], "shapeLOx": [185.2823338116056, 291.39530555708654, 429.71493463474155, 502.0798520362738, 547.1551713754208], "shapeLOy": [254.8446701538165, 323.81105804457707, 297.6861745469906, 244.48221781686516, 173.10567501424245], "pplXY": [[325.0471246146796, 97.00259692026877], [427.3357812154298, 218.69938140551758], [325.40394050382326, 351.58572388660707], [225.3288393952655, 223.1587783642893]]}