{"shapeUIx": [153.72223442102313, 227.9672140576873, 332.42476030222826, 413.66428738192565, 493.55476500542017], "shapeUIy": [247.3354329295111, 179.13268884399585, 140.72374199779355, 146.37986371434334, 195.2383731670299], "shapeUOx": [162.01858596403483, 246.8649592150758, 341.33790008210224, 479.5174682524789, 546.5809004004569], "shapeUOy": [220.25218756861454, 132.26867852302183, 104.87176313346352, 133.88452510720145, 181.3183903460881], "shapeLIx": [153.72223442102313, 258.36888766587856, 394.7063462894049, 461.3694830507637, 493.55476500542017], "shapeLIy": [247.3354329295111, 355.7686753149741, 357.04878037403637, 285.1324936815855, 195.2383731670299], "shapeLOx": [181.36398464377382, 306.58198060532254, 454.8357169088469, 500.32515242223326, 539.6468888249526], "shapeLOy": [268.6663697600171, 351.38918796018845, 308.6726984906939, 254.00738038362206, 177.95925191499904], "pplXY": [[318.62019391526337, 107.78603581361021], [418.4449023732259, 225.3017375057189], [319.48488456536177, 357.01252673374836], [220.67632625210018, 230.28027830068748]]}