{"shapeUIx": [158.7916821898249, 240.5130710466307, 344.6797654930072, 436.97830252233626, 502.49507642475464], "shapeUIy": [218.00405968887898, 150.0982736015923, 116.68128952679974, 140.4126133906775, 202.29326023637296], "shapeUOx": [183.3430463534168, 282.0185057452235, 384.1195137408519, 508.01771539097854, 562.4051040150587], "shapeUOy": [173.52716409709672, 92.52822594841793, 83.23287762803791, 126.61986126112075, 174.91254695023684], "shapeLIx": [158.7916821898249, 269.6778154899317, 394.5423935380759, 477.6588115370834, 502.49507642475464], "shapeLIy": [218.00405968887904, 368.5032899656447, 373.0279473909077, 292.14506448783055, 202.29326023637296], "shapeLOx": [187.9711553751335, 330.6012089214652, 487.15298390400704, 521.7364603611096, 549.0506700205972], "shapeLOy": [256.9212433269738, 363.72358708350936, 306.2583560737809, 245.4105514878288, 174.76191146049018], "pplXY": [[322.7811092889711, 69.58517873760732], [439.7442418009027, 214.49187469625525], [320.0222674596734, 380.9277636431624], [207.06765887228852, 218.17870984405118]]}