{"shapeUIx": [151.78761398550185, 222.55221174668478, 327.7490501276958, 407.784621447626, 492.0536904004897], "shapeUIy": [252.24043820557458, 181.21228180315916, 137.46896056360953, 137.3099903272189, 186.2715586675889], "shapeUOx": [158.9208131006032, 241.19105091050506, 332.26058517864277, 477.5000303318644, 548.0215741214843], "shapeUOy": [225.46498904620574, 133.8370648112293, 100.44626286441778, 127.24385517856922, 173.28850767112752], "shapeLIx": [151.78761398550185, 256.0930132165014, 396.46948795774404, 461.1912542897704, 492.0536904004897], "shapeLIy": [252.24043820557458, 356.9213152023314, 357.4602625521532, 281.3796035637537, 186.2715586675889], "shapeLOx": [183.3074146420342, 318.64783300704147, 467.1705772942614, 505.5776293526539, 541.4716606278482], "shapeLOy": [272.15284813104716, 354.87739553903873, 304.2427190782813, 246.6863393511027, 169.1142918579842], "pplXY": [[317.83054622091277, 104.40847907594157], [417.2122258558972, 224.03076933179142], [318.4007140776475, 354.6202718830723], [220.24017283682852, 229.32633584474488]]}