{"shapeUIx": [151.78761397601014, 222.55221176039632, 327.7490501443409, 407.78462146653146, 492.0536904013176], "shapeUIy": [252.24043820238506, 181.21228180659125, 137.46896059620036, 137.30999040174532, 186.27155874461045], "shapeUOx": [158.92081308014446, 241.1910509042735, 332.2605852088035, 477.50003034029817, 548.0215740828187], "shapeUOy": [225.4649890577763, 133.83706482286883, 100.4462629049788, 127.24385524039958, 173.28850775048744], "shapeLIx": [151.78761397601014, 256.09301323319414, 396.4694879568494, 461.1912542738768, 492.0536904013176], "shapeLIy": [252.24043820238512, 356.92131522255966, 357.46026255991535, 281.37960360499767, 186.27155874461045], "shapeLOx": [183.3074145865157, 318.6478328483363, 467.17057715462636, 505.57762927495577, 541.4716605975344], "shapeLOy": [272.15284810888255, 354.877395526616, 304.2427191445939, 246.6863394432425, 169.11429194038968], "pplXY": [[317.83054621793787, 104.4084791386088], [417.2122258487569, 224.03076936153647], [318.40071408437865, 354.6202719088848], [220.24017284063666, 229.3263358776315]]}