{"shapeUIx": [157.96481926094089, 252.14090428210147, 361.8294295514953, 457.86587186974214, 508.3610026789214], "shapeUIy": [196.9437778513034, 128.46882592787014, 108.59212827655554, 156.35706523253947, 229.18054900038882], "shapeUOx": [179.91737887278913, 286.56199690638636, 405.0603104968187, 516.5870243547605, 554.7659408456698], "shapeUOy": [157.96697179358165, 76.28586126231906, 82.75506127978892, 140.79770067044626, 207.73803255037], "shapeLIx": [157.96481926094089, 274.9413075900573, 390.68399112718936, 476.91099696508036, 508.3610026789214], "shapeLIy": [196.9437778513034, 377.8247525367568, 383.01882906474884, 311.38596845838447, 229.18054900038882], "shapeLOx": [182.51576789289044, 313.56327969102006, 462.31754013413627, 509.4681128384758, 544.4261815742531], "shapeLOy": [248.536683238727, 367.3376511423815, 324.13009108954196, 270.4138814264967, 206.0466935953038], "pplXY": [[321.1026595207489, 71.83087943541571], [445.19596615014234, 218.70040634396855], [319.20271586004327, 397.15646195693824], [200.6113270028637, 220.39430391834875]]}