{"shapeUIx": [168.11172885248195, 253.72441822423235, 344.12419984085557, 422.4290577317596, 500.482536032932], "shapeUIy": [219.9998608962926, 172.04877007538647, 152.64404048420073, 155.9561541860266, 195.6347566684878], "shapeUOx": [210.5327673590832, 296.5261862123113, 381.71054712525097, 474.7794394810512, 558.8001376808157], "shapeUOy": [157.50362199041857, 112.44826031167432, 110.83814926264729, 132.91306262068719, 169.2986725163456], "shapeLIx": [168.11172885248195, 273.04929034516823, 393.52322957058595, 465.8342255802316, 500.482536032932], "shapeLIy": [219.9998608962926, 337.45552370661517, 341.28986663463263, 277.7276390461645, 195.6347566684878], "shapeLOx": [185.39589408542827, 292.46811829859706, 431.23765530477914, 503.0000868747842, 547.6663882972538], "shapeLOy": [254.82299768056092, 323.6662859374617, 296.7331313523974, 243.02892690366616, 171.4933602854296], "pplXY": [[325.15569791465117, 95.78861276026001], [427.5230889885719, 218.20882274550564], [325.3882388367148, 351.49262433902175], [225.26373983558875, 222.7082962335703]]}