{"shapeUIx": [151.78760826957816, 222.55222001251818, 327.74906012064827, 407.7846328020474, 492.05369089453535], "shapeUIy": [252.2404362000863, 181.21228381052185, 137.46898013868298, 137.31003512947302, 186.27160497431424], "shapeUOx": [158.92080090240069, 241.19104729588327, 332.2606034696337, 477.500035437313, 548.0215508903686], "shapeUOy": [225.46499577306676, 133.83707167988172, 100.44628721828691, 127.24389233092234, 173.28855530022503], "shapeLIx": [151.78760826957816, 256.0930233417595, 396.4694874222398, 461.19124473549766, 492.05369089453535], "shapeLIy": [252.2404362000863, 356.92132739662156, 357.46026722194705, 281.37962835028037, 186.27160497431422], "shapeLOx": [183.307381180822, 318.64773745027185, 467.17049329902284, 505.57758262676515, 541.4716424191317], "shapeLOy": [272.1528347578717, 354.87738802790017, 304.24275893843185, 246.68639471961, 169.11434134124613], "pplXY": [[317.83054444402774, 104.40851669005221], [417.2122215824037, 224.03078719904747], [318.4007181350503, 354.6202874451947], [220.24017512130513, 229.32635561065962]]}