{"shapeUIx": [159.79372526495905, 266.6778054824433, 376.8926392717497, 469.8634518905431, 528.7452113778666], "shapeUIy": [186.9969427011891, 125.3418159987762, 121.26943300442879, 164.6626631559447, 230.83909115093374], "shapeUOx": [163.02016343535573, 244.2417595647384, 366.4856603281413, 488.50197680232696, 550.2330230449226], "shapeUOy": [157.88934167632183, 93.28959771899675, 85.23646248245143, 137.2469046337216, 224.01405836912582], "shapeLIx": [159.79372526495908, 271.89434327691924, 380.03117264176547, 466.0546378110208, 528.7452113778666], "shapeLIy": [186.9969427011891, 352.67873800683117, 362.1635290170717, 309.16564071221325, 230.83909115093374], "shapeLOx": [166.27605144958468, 250.20221586097242, 358.79296646342704, 474.16743284109145, 548.6309262926832], "shapeLOy": [228.19478990566373, 338.0625762882499, 346.9021259014106, 295.0417305477617, 218.61010572697992], "pplXY": [[323.54269490599444, 86.8355428114799], [432.35701010794116, 226.49545212761518], [322.3822786175119, 381.57841112640176], [222.05438768767453, 227.0188773975245]]}