{"shapeUIx": [164.09513051129622, 276.7651291172632, 389.5607953700779, 499.1443878285898, 546.2742525274418], "shapeUIy": [174.04275184331905, 130.84287470664532, 138.0678800693575, 194.9755893190356, 259.44867705559227], "shapeUOx": [177.72387916756014, 278.5125634527895, 399.20952757074247, 513.9601979316222, 580.8128549833768], "shapeUOy": [155.86182174491427, 99.69794248977702, 103.16744677383754, 164.64193198028107, 247.3647102938979], "shapeLIx": [164.09513051129625, 267.1549109754666, 359.8112817098769, 501.5614722507524, 546.274252527442], "shapeLIy": [174.04275184331905, 350.86456351187763, 377.8562780355619, 322.204387164275, 259.44867705559227], "shapeLOx": [187.35328025345456, 263.6554106183279, 379.9523530475957, 505.71993254384154, 552.8921036402387], "shapeLOy": [262.0016385357834, 341.68003245933403, 354.5180779427436, 314.8739541468114, 258.871755092203], "pplXY": [[330.07378004564407, 94.64711360516652], [446.7291606625196, 219.73083292289476], [324.8106431999635, 391.42825698642474], [212.79583570903498, 216.88825323213365]]}