{"shapeUIx": [178.76595325518548, 271.27443750579874, 358.4165426340561, 454.7055154595967, 512.3773851630765], "shapeUIy": [169.0357225598716, 137.66227092244668, 143.21045777591925, 194.34815810536708, 263.79731908334423], "shapeUOx": [218.2795482496296, 316.18643266134023, 407.9969072439815, 488.1375412794944, 558.7343227881943], "shapeUOy": [111.19612024340908, 84.7612489519117, 113.25451595891857, 171.65917089312478, 237.0740861695565], "shapeLIx": [178.76595325518548, 294.12631521063884, 379.0013128045267, 487.17654993388834, 512.3773851630765], "shapeLIy": [169.0357225598716, 355.60728813900437, 371.4401693094416, 312.83557080042203, 263.79731908334423], "shapeLOx": [199.06377763416805, 294.26304139765784, 420.1235470168487, 497.7724406318366, 537.0694848132732], "shapeLOy": [255.7936386591535, 333.93840907265, 322.29825577973116, 292.7693779151061, 251.39154495929387], "pplXY": [[328.69573485724686, 85.29805914929847], [441.34484255124227, 216.49196209032394], [323.9822966993984, 382.1472592576259], [215.2711170927686, 213.71712370275486]]}