{"shapeUIx": [168.1117296838188, 253.72441702608631, 344.12419837306453, 422.4290560660931, 500.4825359589639], "shapeUIy": [219.9998611483442, 172.04876975564008, 152.64403761320042, 155.95614763350503, 195.63474989801904], "shapeUOx": [210.53276919031572, 296.5261868025584, 381.71054452487317, 474.77943875093126, 558.8001410846098], "shapeUOy": [157.5036208993841, 112.44825924689901, 110.83814568683908, 132.91305717876511, 169.29866551343008], "shapeLIx": [168.1117296838188, 273.04928890658346, 393.52322964998757, 465.83422697774057, 500.4825359589639], "shapeLIy": [219.9998611483442, 337.4555219390319, 341.2898659532815, 277.72763541742916, 195.63474989801904], "shapeLOx": [185.39589893909246, 292.46813220404704, 431.23766756491625, 503.00009370072, 547.6663909672332], "shapeLOy": [254.82299961363228, 323.6662870158019, 296.7331255206959, 243.02891879538146, 171.4933530222458], "pplXY": [[325.1556981799082, 95.78860723146103], [427.52308962248696, 218.20882012566395], [325.38823824841614, 351.4926220839414], [225.2637394992208, 222.7082933407703]]}