{"shapeUIx": [157.96408377443328, 252.15193613348393, 361.75933051715884, 457.8062274237065, 508.35348470028595], "shapeUIy": [196.75463657487563, 128.32913000748687, 108.46515755108211, 156.18685261904977, 229.0320179641501], "shapeUOx": [180.16795263784041, 286.8456220979641, 405.3252172352209, 516.652949408375, 554.8852140316424], "shapeUOy": [157.45093548408994, 75.97623733452869, 82.58830820010904, 140.62521500056118, 207.41041228146256], "shapeLIx": [157.96408377443328, 275.09993151399556, 390.69055417775513, 476.956057580862, 508.35348470028595], "shapeLIy": [196.75463657487563, 377.86782879385055, 383.0263484152637, 311.28891993364, 229.0320179641501], "shapeLOx": [182.46938874372432, 313.63623746313476, 462.54975582699444, 509.61767904392, 544.5257613732472], "shapeLOy": [248.48845376018886, 367.2930872559262, 323.97562931046775, 270.1665828949517, 205.76333229760303], "pplXY": [[321.13296530255764, 71.54855233771991], [445.2589555452795, 218.60033855945403], [319.2068472678142, 397.20771999880407], [200.58383238142085, 220.30626041351167]]}