{"shapeUIx": [190.02185402450476, 292.86199913609505, 385.96362022680717, 477.27454315065796, 502.14077477345893], "shapeUIy": [162.96055056254187, 121.81898866884089, 140.33007413825652, 214.1704630067266, 282.2127807979295], "shapeUOx": [197.2025438241517, 320.23765808054384, 422.05600223302383, 492.630775692143, 525.6193502361059], "shapeUOy": [152.61433884985917, 88.5327539854529, 128.38973519862398, 192.04109383599462, 260.1358570548233], "shapeLIx": [190.02185402450476, 278.5194196555755, 348.5246414896728, 476.10753576051, 502.14077477345893], "shapeLIy": [162.96055056254187, 343.0499028651258, 378.7592012425225, 323.05858022526246, 282.2127807979295], "shapeLOx": [203.2712253361046, 271.9742607705917, 408.59335116694933, 481.32130579005997, 516.69595898284], "shapeLOy": [248.63172843189759, 333.61621770756625, 337.0215523879411, 312.0457837357446, 268.2923625742979], "pplXY": [[326.771510408464, 108.85680379415071], [429.5613976284053, 221.90362204363342], [321.42304657563557, 382.9919015837882], [221.23029768812398, 214.66688022772254]]}