{"shapeUIx": [190.02185386656407, 292.8619993643013, 385.9636205036079, 477.27454346507164, 502.1407747872104], "shapeUIy": [162.96055050899886, 121.81898872561996, 140.33007468027802, 214.17046424640102, 282.21278207913343], "shapeUOx": [197.20254348439946, 320.2376579776186, 422.0560027356043, 492.6307758326281, 525.619349593013], "shapeUOy": [152.6143390410531, 88.53275417835081, 128.389735873152, 192.04109486438523, 260.1358583744607], "shapeLIx": [190.02185386656407, 278.51941993374413, 348.52464147480447, 476.1075354961366, 502.1407747872104], "shapeLIy": [162.96055050899886, 343.04990320179087, 378.7592013716584, 323.0585809112734, 282.21278207913343], "shapeLOx": [203.27122441213157, 271.97425812985284, 408.5933488439641, 481.3213044975322, 516.695958478682], "shapeLOy": [248.63172806294014, 333.61621750068707, 337.02155349096256, 312.04578526827805, 268.29236394472457], "pplXY": [[326.77151035904365, 108.85680483623261], [429.5613975097378, 221.9036225383346], [321.4230466876622, 382.99190201340195], [221.23029775144173, 214.6668807747364]]}