{"shapeUIx": [151.78761375256335, 222.5522120832564, 327.7490505359277, 407.78462191133144, 492.05369042077], "shapeUIy": [252.2404381265871, 181.21228188688593, 137.4689613629971, 137.30999215553254, 186.27156055715267], "shapeUOx": [158.9208125995485, 241.1910507587379, 332.2605859199022, 477.50003053906465, 548.0215731730323], "shapeUOy": [225.46498932813205, 133.83706509569197, 100.44626385922754, 127.24385669527032, 173.28850961735503], "shapeLIx": [151.78761375256335, 256.0930136267747, 396.46948793581623, 461.1912538998637, 492.05369042077], "shapeLIy": [252.24043812658715, 356.9213156988643, 357.4602627426079, 281.379604575504, 186.27156055715267], "shapeLOx": [183.30741327930784, 318.64782911235636, 467.1705738682325, 505.5776274463865, 541.4716598843023], "shapeLOy": [272.15284758688506, 354.8773952339164, 304.24272070505356, 246.6863416113295, 169.11429387912284], "pplXY": [[317.83054614802865, 104.40848061282546], [417.2122256808868, 224.03077006139006], [318.4007142428708, 354.62027251669144], [220.2401729302106, 229.32633665149837]]}