{"shapeUIx": [168.11172968381916, 253.72441702608575, 344.1241983730639, 422.42905606609236, 500.4825359589639], "shapeUIy": [219.99986114834428, 172.04876975563997, 152.6440376131992, 155.9561476335022, 195.63474989801614], "shapeUOx": [210.53276919031651, 296.52618680255864, 381.71054452487203, 474.77943875093086, 558.8001410846113], "shapeUOy": [157.50362089938363, 112.44825924689857, 110.83814568683756, 132.9130571787628, 169.29866551342707], "shapeLIx": [168.11172968381916, 273.0492889065828, 393.5232296499876, 465.8342269777412, 500.4825359589639], "shapeLIy": [219.99986114834428, 337.4555219390311, 341.28986595328126, 277.7276354174276, 195.63474989801614], "shapeLOx": [185.39589893909454, 292.468132204053, 431.2376675649214, 503.0000937007229, 547.6663909672342], "shapeLOy": [254.8229996136331, 323.66628701580237, 296.7331255206935, 243.02891879537802, 171.49335302224267], "pplXY": [[325.15569817990837, 95.78860723145866], [427.52308962248725, 218.20882012566284], [325.3882382484159, 351.49262208394043], [225.26373949922066, 222.70829334076907]]}