{"shapeUIx": [159.79897907235843, 266.6700066452409, 376.88428705799936, 469.85382329958827, 528.7448301645878], "shapeUIy": [187.0010412480156, 125.34157991608576, 121.25289843293424, 164.62374642883287, 230.79876010141538], "shapeUOx": [163.0281079949181, 244.24142407298996, 366.4654883843999, 488.49655623947046, 550.2528176348964], "shapeUOy": [157.88959626719677, 93.28707192231661, 85.21612922161218, 137.21512549553302, 223.97479508221394], "shapeLIx": [159.79897907235843, 271.8831551208256, 380.0315848870122, 466.0629123474758, 528.7448301645878], "shapeLIy": [187.0010412480156, 352.6672348857556, 362.15937281995633, 309.14430491635255, 230.79876010141538], "shapeLOx": [166.30745205890338, 250.28932811901922, 358.8674329068035, 474.2084874790786, 548.6463243936248], "shapeLOy": [228.20770424194743, 338.0702480755239, 346.86756053321506, 294.9941986335017, 218.56861278741638], "pplXY": [[323.5439279358443, 86.80442930941618], [432.36020364336457, 226.4802997435936], [322.37845481497976, 381.56366959661506], [222.0525328343952, 227.00180050174671]]}