{"shapeUIx": [165.64409726389343, 254.64579095422923, 354.8114832181107, 461.3990689108574, 524.4030556062589], "shapeUIy": [170.0398449252004, 124.35312621775624, 117.26297509936424, 164.62320006814684, 237.61793868771542], "shapeUOx": [188.83039308398378, 302.44292748409526, 399.13002084840684, 508.02722742971616, 577.3631554961125], "shapeUOy": [140.44376174382265, 72.56250165576192, 84.57128504027453, 147.92116738819567, 218.688872929895], "shapeLIx": [165.64409726389343, 274.55860426141686, 360.4278427035945, 508.0710644347276, 524.4030556062589], "shapeLIy": [170.03984492520044, 371.38134534930134, 402.859541069843, 313.3645789254442, 237.61793868771542], "shapeLOx": [204.45709794891727, 312.7153526778758, 455.81880069202253, 527.2993214562974, 546.928423792093], "shapeLOy": [300.390299419421, 364.87408789098436, 334.67452425757494, 288.0969610625878, 236.16233642178014], "pplXY": [[327.07283708564705, 82.33771210337575], [440.5227440828238, 215.49628394540846], [319.6818126388769, 398.32825844125546], [207.66394208560422, 212.28839259333867]]}