{"shapeUIx": [178.7659034068751, 271.27451026715283, 358.41662742318397, 454.7056121459045, 512.3773891199978], "shapeUIy": [169.03569854942918, 137.66228385978758, 143.21062456690657, 194.34854288541894, 263.79771713229854], "shapeUOx": [218.27945125031465, 316.1864117485351, 407.99707662222994, 488.1375878487488, 558.7341242778784], "shapeUOy": [111.19616038881118, 84.7612980435708, 113.25472282743549, 171.65948862306897, 237.0744891565695], "shapeLIx": [178.7659034068751, 294.1264091228949, 379.00130838286617, 487.1764679044768, 512.3773891199978], "shapeLIy": [169.03569854942918, 355.6073954794398, 371.4402096846887, 312.83578308602, 263.79771713229854], "shapeLOx": [199.06348366165858, 294.2622092121353, 420.12282162041356, 497.7720380339093, 537.0693295572548], "shapeLOy": [255.79352005482025, 333.93834124611027, 322.29859778121056, 292.76985172832667, 251.39196566504816], "pplXY": [[328.69572048115543, 85.29837765502248], [441.344807312534, 216.49211444032125], [323.9823323851631, 382.14739635340277], [215.27113634109492, 213.71729313479608]]}