{"shapeUIx": [190.02185386533114, 292.86199936608233, 385.9636205057702, 477.2745434675277, 502.140774787318], "shapeUIy": [162.96055050858504, 121.81898872606612, 140.33007468451177, 214.17046425608228, 282.21278208913884], "shapeUOx": [197.2025434817412, 320.23765797680835, 422.0560027395213, 492.63077583372353, 525.6193495879901], "shapeUOy": [152.61433904255748, 88.53275417986359, 128.3897358784212, 192.04109487241735, 260.13585838477036], "shapeLIx": [190.02185386533114, 278.5194199359121, 348.5246414746882, 476.107535494072, 502.140774787318], "shapeLIy": [162.96055050858504, 343.0499032044184, 378.75920137266667, 323.0585809166312, 282.21278208913884], "shapeLOx": [203.27122440492002, 271.9742581092373, 408.5933488258253, 481.321304487439, 516.695958474744], "shapeLOy": [248.63172806006114, 333.61621749907357, 337.02155349957684, 312.0457852802475, 268.2923639554297], "pplXY": [[326.77151035865717, 108.85680484437368], [429.5613975088101, 221.90362254219866], [321.42304668853654, 382.9919020167548], [221.23029775193646, 214.66688077900852]]}