{"shapeUIx": [168.1117296834668, 253.72441702659472, 344.12419837368213, 422.4290560667945, 500.4825359589947], "shapeUIy": [219.99986114822667, 172.04876975576792, 152.64403761440957, 155.95614763626958, 195.63474990087613], "shapeUOx": [210.5327691895559, 296.526186802326, 381.7105445259905, 474.77943875124373, 558.8001410831755], "shapeUOy": [157.50362089981545, 112.448259247332, 110.838145688344, 132.91305718105892, 169.29866551637468], "shapeLIx": [168.1117296834668, 273.0492889072018, 393.5232296499544, 465.83422697715105, 500.4825359589947], "shapeLIy": [219.99986114822667, 337.45552193978193, 341.28986595356946, 277.7276354189592, 195.63474990087613], "shapeLOx": [185.3958989370338, 292.46813219816124, 431.2376675597369, 503.00009369783794, 547.6663909661085], "shapeLOy": [254.82299961281052, 323.6662870153415, 296.7331255231559, 243.02891879879962, 171.49335302530318], "pplXY": [[325.15569817979775, 95.78860723378624], [427.52308962222196, 218.20882012676748], [325.38823824866574, 351.49262208489847], [225.2637394993621, 222.70829334199024]]}