{"shapeUIx": [190.02186930911054, 292.86197701434617, 385.9635935707615, 477.27451285334854, 502.140773462064], "shapeUIy": [162.96055610594493, 121.81898342769928, 140.33002190268346, 214.17034336893204, 282.2126571330815], "shapeUOx": [197.20257618253464, 320.2376674521324, 422.05595304904165, 492.6307619833303, 525.6194122434116], "shapeUOy": [152.6143213752962, 88.53273591807954, 128.3896702287647, 192.04099466357735, 260.13573003668876], "shapeLIx": [190.02186930911054, 278.519392424894, 348.52464291472654, 476.1075612730668, 502.140773462064], "shapeLIy": [162.96055610594493, 343.04987022969533, 378.7591887650902, 323.0585140529005, 282.2126571330815], "shapeLOx": [203.27131487225094, 271.97451626003175, 408.59357557525493, 481.32143060066926, 516.6960075752377], "shapeLOy": [248.63176424692725, 333.61623785693774, 337.02144595645484, 312.04563592978917, 268.2922305551638], "pplXY": [[326.77151512886104, 108.85670347696166], [429.5614089995844, 221.90357436224622], [321.4230357176645, 382.9918599320223], [221.23029159805415, 214.66682745472636]]}