{"shapeUIx": [158.79168218974957, 240.51307104673955, 344.67976549313937, 436.9783025224864, 502.4950764247612], "shapeUIy": [218.0040596888538, 150.0982736016196, 116.68128952705858, 140.41261339126936, 202.29326023698462], "shapeUOx": [183.34304635325424, 282.01850574517385, 384.1195137410913, 508.0177153910455, 562.4051040147517], "shapeUOy": [173.52716409718886, 92.5282259485105, 83.23287762836006, 126.61986126161177, 174.91254695086715], "shapeLIx": [158.79168218974954, 269.6778154900641, 394.5423935380688, 477.65881153695716, 502.4950764247612], "shapeLIy": [218.0040596888538, 368.50328996580527, 373.0279473909693, 292.1450644881581, 202.2932602369846], "shapeLOx": [187.9711553746927, 330.601208920205, 487.1529839028982, 521.7364603604926, 549.0506700203564], "shapeLOy": [256.9212433267979, 363.72358708341073, 306.25835607430747, 245.41055148856054, 174.76191146114465], "pplXY": [[322.78110928894745, 69.58517873810506], [439.744241800846, 214.4918746964915], [320.02226745972683, 380.9277636433673], [207.06765887231876, 218.17870984431238]]}