{"shapeUIx": [165.66365360294225, 254.38714720990703, 355.1050259607783, 461.2694085312617, 524.2488845918845], "shapeUIy": [171.98431048364233, 125.89528572614604, 118.3877593262202, 165.22102926329288, 237.62168151552834], "shapeUOx": [187.18799477457554, 300.3523462405513, 396.656229655016, 507.0803631043444, 576.5831988741036], "shapeUOy": [144.66602918261407, 75.2666025274502, 85.83309462276554, 148.6092568050917, 220.01522909027875], "shapeLIx": [165.66365360294225, 273.0566236349314, 360.49704655498647, 507.56995933436235, 524.2488845918845], "shapeLIy": [171.98431048364233, 370.5633795918737, 402.30299827189515, 313.41359248204884, 237.62168151552834], "shapeLOx": [205.04314581435943, 313.0355366425913, 454.9052890982654, 526.6185376554622, 546.3656193349277], "shapeLOy": [300.9266428860627, 364.95355039069784, 335.0715149625482, 288.9343805508363, 237.06380886378696], "pplXY": [[326.8287832230097, 84.41352264558058], [439.85202081513864, 216.08182061028452], [319.6394608780291, 397.25412226663326], [208.0278591877016, 212.8213508249941]]}