{"shapeUIx": [190.02185386491172, 292.86199936668817, 385.9636205065059, 477.2745434683631, 502.14077478735453], "shapeUIy": [162.96055050844444, 121.81898872621795, 140.3300746859521, 214.17046425937573, 282.2127820925425], "shapeUOx": [197.2025434808367, 320.2376579765325, 422.0560027408536, 492.63077583409614, 525.6193495862814], "shapeUOy": [152.61433904306963, 88.53275418037842, 128.38973588021378, 192.0410948751498, 260.13585838827765], "shapeLIx": [190.02185386491172, 278.5194199366494, 348.5246414746487, 476.1075354933696, 502.14077478735453], "shapeLIy": [162.96055050844444, 343.04990320531215, 378.75920137300966, 323.05858091845386, 282.2127820925425], "shapeLOx": [203.27122440246686, 271.9742581022244, 408.59334881965475, 481.3213044840055, 516.6959584734043], "shapeLOy": [248.63172805908184, 333.61621749852475, 337.02155350250735, 312.0457852843194, 268.29236395907157], "pplXY": [[326.7715103585257, 108.85680484714331], [429.5613975084945, 221.90362254351322], [321.423046688834, 382.9919020178953], [221.23029775210475, 214.66688078046187]]}