{"shapeUIx": [190.05926433033466, 292.80183968368095, 385.9044384874896, 477.205616886615, 502.1395421134869], "shapeUIy": [163.00190841371585, 121.82453690301563, 140.21235355715288, 213.88649321879774, 281.91647696795707], "shapeUOx": [197.2473521042786, 320.21858075049647, 421.89135529818566, 492.58799319290875, 525.7625778585689], "shapeUOy": [152.64331748598175, 88.52945071504708, 128.2446267995719, 191.8101770880412, 259.8566784458238], "shapeLIx": [190.05926433033466, 278.42716689397787, 348.5277736712343, 476.16722522274813, 502.1395421134869], "shapeLIy": [163.00190841371585, 342.96258768671555, 378.7278475010658, 322.90354355980526, 281.91647696795707], "shapeLOx": [203.50566353492167, 272.61796880909134, 409.1357251247129, 481.6204790313138, 516.8072704180315], "shapeLOy": [248.73133011545252, 333.6762476001422, 336.7722713027833, 311.7027764149704, 267.99410256567813], "pplXY": [[326.7790803361886, 108.63884560951445], [429.58201232363615, 221.7958621221218], [321.3944008695085, 382.8797425372952], [221.21771223059642, 214.54460609319216]]}