{"shapeUIx": [164.0951305091726, 276.76512912033087, 389.5607953738023, 499.14438783281986, 546.2742525276271], "shapeUIy": [174.04275184260618, 130.84287470741376, 138.06788007664971, 194.97558933571054, 259.44867707282543], "shapeUOx": [177.72387916298172, 278.51256345139404, 399.2095275774894, 513.960197933509, 580.8128549747255], "shapeUOy": [155.8618217475051, 99.69794249238245, 103.16744678291312, 164.64193199411545, 247.36471031165496], "shapeLIx": [164.0951305091726, 267.1549109792007, 359.81128170967673, 501.56147224719626, 546.2742525276273], "shapeLIy": [174.04275184260618, 350.86456351640334, 377.8562780372986, 322.20438717350316, 259.44867707282543], "shapeLOx": [187.35328024103333, 263.6554105828196, 379.95235301635347, 505.71993252645706, 552.8921036334561], "shapeLOy": [262.0016385308246, 341.68003245655484, 354.5180779575807, 314.8739541674274, 258.87175511064135], "pplXY": [[330.0737800449784, 94.64711361918852], [446.7291606609218, 219.73083292955016], [324.81064320146953, 391.42825699219975], [212.79583570988706, 216.88825323949192]]}