{"shapeUIx": [168.11172968326267, 253.7244170268895, 344.12419837404025, 422.4290560672013, 500.4825359590125], "shapeUIy": [219.9998611481587, 172.04876975584216, 152.64403761511082, 155.9561476378729, 195.63474990253312], "shapeUOx": [210.53276918911502, 296.526186802191, 381.7105445266383, 474.7794387514249, 558.8001410823434], "shapeUOy": [157.503620900066, 112.44825924758334, 110.83814568921682, 132.91305718238922, 169.2986655180826], "shapeLIx": [168.11172968326267, 273.04928890756025, 393.52322964993516, 465.8342269768091, 500.4825359590125], "shapeLIy": [219.9998611481587, 337.45552194021684, 341.2898659537364, 277.72763541984654, 195.63474990253312], "shapeLOx": [185.39589893584, 292.468132194748, 431.23766755673324, 503.00009369616646, 547.6663909654561], "shapeLOy": [254.82299961233403, 323.66628701507454, 296.73312552458253, 243.02891880078204, 171.49335302707638], "pplXY": [[325.1556981797337, 95.78860723513485], [427.52308962206814, 218.20882012740753], [325.3882382488105, 351.4926220854535], [225.26373949944409, 222.7082933426978]]}