{"shapeUIx": [178.7659037275679, 271.27450980333157, 358.41662686277397, 454.70561150910714, 512.377389092314], "shapeUIy": [169.0356986626155, 137.66228374763392, 143.2106234690544, 194.34854037241047, 263.7977145348685], "shapeUOx": [218.27945193372943, 316.1864119502438, 407.99707559500376, 488.13758756209756, 558.7341255808335], "shapeUOy": [111.19616001330492, 84.76129765931762, 113.25472146163581, 171.659486539292, 237.0744864856261], "shapeLIx": [178.7659037275679, 294.1264085542437, 379.00130841288467, 487.17646844038444, 512.377389092314], "shapeLIy": [169.0356986626155, 355.60739479517946, 371.4402094227276, 312.8357816957769, 263.7977145348685], "shapeLOx": [199.06348553921816, 294.2622145732142, 420.12282633222077, 497.77204065495243, 537.0693305784853], "shapeLOy": [255.79352080532226, 333.9383416677603, 322.29859554544146, 292.76984862281984, 251.3919628899183], "pplXY": [[328.6957205807321, 85.29837554566913], [441.344807552089, 216.49211343823882], [323.98233215749195, 382.1473954801514], [215.2711362129939, 213.71729202613523]]}