{"shapeUIx": [157.96406245029522, 252.15196516541874, 361.7593741465048, 457.8062760664251, 508.35348748359803], "shapeUIy": [196.75464661743308, 128.3291497803845, 108.4652411428594, 156.18703576691115, 229.03220632724629], "shapeUOx": [180.16788191134805, 286.84558009724344, 405.32525897694484, 516.6529629577832, 554.8851163521203], "shapeUOy": [157.45101036257407, 75.97629202252669, 82.5884139223813, 140.6253705061303, 207.41062330327378], "shapeLIx": [157.96406245029522, 275.09995421835276, 390.69055151142163, 476.9560184511154, 508.3534874835979], "shapeLIy": [196.75464661743308, 377.8678716207306, 383.02636677902063, 311.2890228453242, 229.03220632724629], "shapeLOx": [182.46926969046385, 313.63587777737496, 462.5494232573865, 509.61749152201884, 544.5256839032558], "shapeLOy": [248.48840917083686, 367.29306546696495, 323.9757931437507, 270.1668138381786, 205.76354607595084], "pplXY": [[321.132955661455, 71.54871830064899], [445.25893414012063, 218.60041455688253], [319.2068615979119, 397.2077743583573], [200.58384272023358, 220.30634208657443]]}