{"shapeUIx": [151.7876136175756, 222.55221227833255, 327.7490507723806, 407.7846221799323, 492.0536904325052], "shapeUIy": [252.24043808049078, 181.21228193517896, 137.46896182604655, 137.30999321474286, 186.2715616518645], "shapeUOx": [158.9208123096531, 241.19105067131505, 332.2605863499502, 477.50003065923846, 548.0215726236086], "shapeUOy": [225.46498949058963, 133.83706526000157, 100.4462644354444, 127.24385757388488, 173.28851074457634], "shapeLIx": [151.7876136175756, 256.0930138648056, 396.46948792312145, 461.1912536739775, 492.0536904325052], "shapeLIy": [252.24043808049083, 356.9213159866537, 357.46026285295864, 281.3796051616194, 186.2715616518645], "shapeLOx": [183.30741248950244, 318.6478268554489, 467.17057188320643, 505.57762634195007, 541.4716594535944], "shapeLOy": [272.1528472714458, 354.8773950569832, 304.2427216474872, 246.68634292067858, 169.1142950498319], "pplXY": [[317.83054610584793, 104.40848150297515], [417.2122255795692, 224.03077048401943], [318.4007143386324, 354.6202728839412], [220.24017298429197, 229.32633711886487]]}