{"shapeUIx": [164.09513050914296, 276.7651291203737, 389.56079537385426, 499.14438783287886, 546.2742525276298], "shapeUIy": [174.04275184259626, 130.84287470742447, 138.06788007675146, 194.97558933594328, 259.448677073066], "shapeUOx": [177.72387916291777, 278.5125634513746, 399.2095275775835, 513.9601979335353, 580.8128549746048], "shapeUOy": [155.86182174754128, 99.69794249241882, 103.16744678303978, 164.64193199430855, 247.3647103119028], "shapeLIx": [164.09513050914296, 267.1549109792528, 359.81128170967395, 501.5614722471467, 546.2742525276298], "shapeLIy": [174.04275184259626, 350.8645635164665, 377.85627803732285, 322.20438717363197, 259.44867707306594], "shapeLOx": [187.35328024086, 263.65541058232407, 379.9523530159174, 505.7199325262144, 552.8921036333614], "shapeLOy": [262.00163853075543, 341.6800324565161, 354.5180779577878, 314.87395416771517, 258.87175511089873], "pplXY": [[330.0737800449691, 94.64711361938423], [446.7291606608995, 219.73083292964307], [324.8106432014905, 391.42825699228035], [212.79583570989894, 216.88825323959463]]}