{"shapeUIx": [158.79168218254858, 240.51307105714028, 344.6797655057734, 436.97830253683514, 502.4950764253902], "shapeUIy": [218.00405968645072, 150.0982736042351, 116.68128955179395, 140.4126134478247, 202.29326029543256], "shapeUOx": [183.34304633770904, 282.0185057404191, 384.1195137639477, 508.01771539743856, 562.4051039854071], "shapeUOy": [173.52716410601437, 92.52822595736859, 83.23287765914621, 126.61986130853602, 174.91254701110603], "shapeLIx": [158.79168218254858, 269.6778155027138, 394.54239353738944, 477.658811524896, 502.4950764253902], "shapeLIy": [218.00405968645077, 368.50328998114907, 373.0279473968591, 292.1450645194581, 202.29326029543253], "shapeLOx": [187.97115533257866, 330.601208799799, 487.15298379694457, 521.7364603015336, 549.0506699973495], "shapeLOy": [256.9212433099875, 363.7235870739921, 306.25835612463044, 245.41055155848645, 174.76191152369012], "pplXY": [[322.78110928668764, 69.58517878567251], [439.74424179542365, 214.49187471906671], [320.0222674648327, 380.92776366294663], [207.0676588752096, 218.1787098692696]]}