{"shapeUIx": [165.64409726389357, 254.645790954229, 354.8114832181104, 461.3990689108571, 524.4030556062589], "shapeUIy": [170.0398449252005, 124.35312621775616, 117.26297509936371, 164.62320006814565, 237.6179386877142], "shapeUOx": [188.83039308398412, 302.4429274840953, 399.1300208484064, 508.0272274297161, 577.3631554961132], "shapeUOy": [140.44376174382245, 72.56250165576172, 84.57128504027386, 147.92116738819468, 218.68887292989376], "shapeLIx": [165.64409726389357, 274.5586042614166, 360.4278427035945, 508.0710644347279, 524.4030556062589], "shapeLIy": [170.0398449252005, 371.38134534930106, 402.85954106984286, 313.36457892544354, 237.6179386877142], "shapeLOx": [204.45709794891818, 312.71535267787834, 455.8188006920248, 527.2993214562987, 546.9284237920934], "shapeLOy": [300.3902994194213, 364.8740878909845, 334.67452425757386, 288.09696106258633, 236.1623364217788], "pplXY": [[327.0728370856471, 82.33771210337473], [440.5227440828239, 215.496283945408], [319.6818126388768, 398.32825844125506], [207.6639420856042, 212.2883925933382]]}