{"shapeUIx": [151.78761398551123, 222.55221174667122, 327.74905012767937, 407.7846214476074, 492.0536904004889], "shapeUIy": [252.24043820557773, 181.2122818031558, 137.46896056357735, 137.30999032714536, 186.27155866751286], "shapeUOx": [158.92081310062343, 241.19105091051125, 332.26058517861304, 477.500030331856, 548.0215741215225], "shapeUOy": [225.4649890461943, 133.8370648112178, 100.44626286437772, 127.2438551785082, 173.28850767104916], "shapeLIx": [151.7876139855112, 256.09301321648496, 396.4694879577449, 461.1912542897861, 492.0536904004889], "shapeLIy": [252.24043820557773, 356.92131520231146, 357.46026255214554, 281.379603563713, 186.27155866751286], "shapeLOx": [183.307414642089, 318.64783300719813, 467.1705772943993, 505.5776293527306, 541.4716606278781], "shapeLOy": [272.15284813106905, 354.877395539051, 304.2427190782158, 246.68633935101175, 169.11429185790286], "pplXY": [[317.83054622091566, 104.4084790758797], [417.2122258559042, 224.03076933176203], [318.4007140776408, 354.6202718830468], [220.24017283682474, 229.32633584471242]]}