{"shapeUIx": [157.96409132083247, 252.151925525635, 361.75931624416256, 457.806211363884, 508.3534838890426], "shapeUIy": [196.75463624723398, 128.3291252710864, 108.46512991013068, 156.1867907419582, 229.03195416654754], "shapeUOx": [180.16797302780057, 286.84563171390334, 405.3251975845362, 516.6529436010471, 554.8852465775126], "shapeUOy": [157.45091814623228, 75.97622332870512, 82.58827351742738, 140.6251630713968, 207.4103437267473], "shapeLIx": [157.96409132083247, 275.09992070356884, 390.69055499853414, 476.95607078825634, 508.3534838890426], "shapeLIy": [196.754636247234, 377.8678131445762, 383.02634208814555, 311.28888543056866, 229.03195416654754], "shapeLOx": [182.46943194250622, 313.6363641759379, 462.54986999524345, 509.617742983463, 544.525787037505], "shapeLOy": [248.48847051777358, 367.2930961141102, 323.9755741094635, 270.1665056435036, 205.7632620011765], "pplXY": [[321.13296816046886, 71.5484983177831], [445.2589621155407, 218.60031338105955], [319.2068420477562, 397.2077000780354], [200.58382905694418, 220.3062329676171]]}