{"shapeUIx": [165.6440913016942, 254.64579923008537, 354.8114948614231, 461.3990819620505, 524.4030563015878], "shapeUIy": [170.0398461980871, 124.35313067041697, 117.26299754776437, 164.6232498790987, 237.6179899930002], "shapeUOx": [188.83037551585508, 302.4429182370538, 399.1300348400796, 508.0272316997695, 577.3631291466523], "shapeUOy": [140.44377832164508, 72.56251440229823, 84.57131330074719, 147.92120939186742, 218.68892901896902], "shapeLIx": [165.6440913016942, 274.5586119302238, 360.4278420165809, 508.07105379871075, 524.4030563015878], "shapeLIy": [170.03984619808716, 371.3813575588433, 402.8595461231298, 313.36460678823096, 237.6179899930002], "shapeLOx": [204.45706415436234, 312.71525238505393, 455.8187093834705, 527.2992701778538, 546.9284029645644], "shapeLOy": [300.39028648714515, 364.8740812534526, 334.6745687437496, 288.09702350467217, 236.16239364614884], "pplXY": [[327.07283465347757, 82.33775626432866], [440.52273857603615, 215.49630437771083], [319.6818167162159, 398.32827396559105], [207.66394481706433, 212.28841473566393]]}