{"shapeUIx": [190.0369333683154, 292.83898126532705, 385.9393381170156, 477.24654716717043, 502.13995756756213], "shapeUIy": [162.97315892979645, 121.81865284240853, 140.2818631225668, 214.05652421193744, 282.09443555325316], "shapeUOx": [197.224992231062, 320.23573131196326, 421.9963434867935, 492.61494937992995, 525.6773644520341], "shapeUOy": [152.6163524032566, 88.52601807433504, 128.33026440624022, 191.94793093932952, 260.02103277232953], "shapeLIx": [190.0369333683154, 278.48614574611895, 348.5258704834781, 476.13170461609104, 502.13995756756213], "shapeLIy": [162.97315892979645, 343.0161424193315, 378.74694213328564, 322.9961421860261, 282.09443555325316], "shapeLOx": [203.3628226264875, 272.2284624356124, 408.8103633451197, 481.4412145459966, 516.7411245279116], "shapeLOy": [248.66974849967443, 333.6387678364276, 336.92085532974454, 311.9069836897579, 268.1708698652565], "pplXY": [[326.77505842926007, 108.76635884938044], [429.57060925479584, 221.85952711706568], [321.4118904674996, 382.94867145674345], [221.22494628595285, 214.61721344212415]]}