{"shapeUIx": [158.7916817452503, 240.5130716884908, 344.6797662739282, 436.9783034091138, 502.495076463723], "shapeUIy": [218.0040595430543, 150.09827376484407, 116.68129105545022, 140.4126168846307, 202.2932638471177], "shapeUOx": [183.3430453900299, 282.01850544754603, 384.11951514813575, 508.0177157848857, 562.4051022017803], "shapeUOy": [173.52716464917427, 92.52822649950781, 83.23287953087643, 126.61986416059672, 174.91255067411487], "shapeLIx": [158.7916817452503, 269.6778162687254, 394.542393496037, 477.6588107919427, 502.495076463723], "shapeLIy": [218.0040595430543, 368.5032909125593, 373.0279477546695, 292.14506642175763, 202.2932638471177], "shapeLOx": [187.97115277591882, 330.6012014873338, 487.1529773598262, 521.7364567191692, 549.0506685988084], "shapeLOy": [256.92124228989866, 363.72358650292045, 306.25835918282905, 245.41055580847024, 174.7619153261707], "pplXY": [[322.7811091490198, 69.58518167805397], [439.74424146534875, 214.49187609136555], [320.02226777478415, 380.9277648514237], [207.06765905102378, 218.17871138601907]]}