{"shapeUIx": [159.8031440578988, 266.6637860737743, 376.8779067421648, 469.8464092559029, 528.7445149280242], "shapeUIy": [187.00492809462432, 125.34186765261714, 121.24026524295888, 164.5936530069718, 230.76754361907146], "shapeUOx": [163.0334802945552, 244.24014276227672, 366.4485840884207, 488.4920368550359, 550.267983618082], "shapeUOy": [157.8916243165811, 93.28616523498724, 85.20067463714322, 137.19071458053196, 223.94506519363773], "shapeLIx": [159.8031440578988, 271.8737926845793, 380.0318946872515, 466.0692898915048, 528.7445149280242], "shapeLIy": [187.0049280946243, 352.658058348438, 362.15611919372964, 309.12785448875303, 230.76754361907146], "shapeLOx": [166.33246327049358, 250.35799399558533, 358.92553577622186, 474.2403822803643, 548.6580870678034], "shapeLOy": [228.21807942273372, 338.07651902228264, 346.8408112818348, 294.9575904540794, 218.53697368132558], "pplXY": [[323.54478512204855, 86.78083658728761], [432.36250691457656, 226.4686857828621], [322.37540322061767, 381.5518772133494], [222.0511402871761, 226.98861241546743]]}