{"shapeUIx": [151.78761306755268, 222.55221307332872, 327.74905173535296, 407.7846232738999, 492.0536904802507], "shapeUIy": [252.24043789133847, 181.21228213102358, 137.46896371199233, 137.309997529399, 186.27156611120478], "shapeUOx": [158.92081113035337, 241.19105031726198, 332.26058810423666, 477.50003114931667, 548.0215703857563], "shapeUOy": [225.46499014876798, 133.8370659272967, 100.44626678217682, 127.24386115261518, 173.28851533503666], "shapeLIx": [151.78761306755268, 256.09301483583056, 396.46948787144595, 461.19125275384295, 492.0536904802507], "shapeLIy": [252.24043789133847, 356.92131715948506, 357.460263302523, 281.37960754901945, 186.27156611120478], "shapeLOx": [183.30740927091392, 318.64781765966967, 467.17056379645226, 505.57762184280216, 541.4716576993509], "shapeLOy": [272.1528459857521, 354.8773943355764, 304.2427254863912, 246.68634825391786, 169.1142998178028], "pplXY": [[317.8305459342065, 104.4084851280459], [417.2122251671532, 224.0307722053617], [318.4007147288851, 354.620274380621], [220.24017320451517, 229.3263390226006]]}