{"shapeUIx": [170.63636363636363, 252.0, 348.66666666666663, 443.969696969697, 505.9393939393939], "shapeUIy": [231.4242424242424, 179.36363636363637, 161.33333333333331, 181.7878787878788, 222.45454545454544], "shapeUOx": [183.9090909090909, 267.4242424242424, 374.93939393939394, 486.4242424242424, 566.8787878787879], "shapeUOy": [201.15151515151516, 139.66666666666669, 127.45454545454545, 158.15151515151516, 209.36363636363635], "shapeLIx": [170.63636363636363, 261.6363636363636, 373.72727272727275, 465.5151515151515, 505.9393939393939], "shapeLIy": [231.4242424242424, 327.33333333333337, 337.72727272727275, 291.0, 222.45454545454544], "shapeLOx": [201.2121212121212, 301.3030303030303, 426.2121212121212, 505.6363636363636, 547.7272727272727], "shapeLOy": [266.1515151515151, 322.6363636363636, 305.27272727272725, 259.96969696969694, 210.2121212121212], "pplXY": [[326.06060606060606, 113.87878787878788], [423.3636363636364, 222.72727272727275], [322.6363636363636, 348.66666666666663], [230.3030303030303, 224.1212121212121]]}