{"shapeUIx": [157.96409131951114, 252.15192552754237, 361.75931624648484, 457.8062113665208, 508.3534838891586], "shapeUIy": [196.7546362468039, 128.32912527157393, 108.46512991467607, 156.18679075234581, 229.03195417728216], "shapeUOx": [180.16797302493245, 286.8456317130132, 405.3251975887138, 516.6529436022169, 554.8852465721211], "shapeUOy": [157.45091814788262, 75.97622333034857, 82.58827352308575, 140.62516308001767, 207.4103437378216], "shapeLIx": [157.96409131951114, 275.09992070588066, 390.6905549984091, 476.956070786041, 508.3534838891586], "shapeLIy": [196.7546362468039, 377.86781314739005, 383.0263420892269, 311.28888543631854, 229.03195417728216], "shapeLOx": [182.46943193478208, 313.63636415384195, 462.5498699757894, 509.6177429726361, 544.5257870332773], "shapeLOy": [248.4884705146922, 367.29309611238585, 323.9755741187069, 270.16650565634984, 205.76326201267148], "pplXY": [[321.13296816005237, 71.54849832652742], [445.2589621145424, 218.6003133852078], [319.2068420486926, 397.20770008162583], [200.58382905747575, 220.3062329722016]]}