{"shapeUIx": [164.09513050913765, 276.76512912038135, 389.5607953738636, 499.14438783288944, 546.2742525276302], "shapeUIy": [174.04275184259447, 130.84287470742638, 138.0678800767697, 194.97558933598495, 259.448677073109], "shapeUOx": [177.72387916290634, 278.5125634513711, 399.2095275776004, 513.96019793354, 580.8128549745832], "shapeUOy": [155.8618217475478, 99.69794249242535, 103.16744678306247, 164.64193199434314, 247.36471031194725], "shapeLIx": [164.09513050913765, 267.1549109792621, 359.81128170967344, 501.5614722471378, 546.2742525276302], "shapeLIy": [174.0427518425945, 350.8645635164778, 377.8562780373272, 322.20438717365505, 259.448677073109], "shapeLOx": [187.35328024082892, 263.6554105822353, 379.9523530158393, 505.71993252617096, 552.8921036333445], "shapeLOy": [262.001638530743, 341.68003245650914, 354.51807795782486, 314.8739541677667, 258.8717551109448], "pplXY": [[330.0737800449674, 94.6471136194193], [446.72916066089545, 219.7308329296597], [324.8106432014943, 391.4282569922948], [212.79583570990107, 216.888253239613]]}