{"shapeUIx": [151.78747329349935, 222.55241589994435, 327.74929384275913, 407.7848987038842, 492.05370221447373], "shapeUIy": [252.2403824843208, 181.2123267716076, 137.46943863942087, 137.31108748877304, 186.27269302033648], "shapeUOx": [158.92052194072238, 241.1909722539761, 332.2610450428238, 477.5001579969744, 548.0210061954529], "shapeUOy": [225.46513664215294, 133.83722339485547, 100.44685703953374, 127.24476369709218, 173.2896681723353], "shapeLIx": [151.78747329349935, 256.09326792904346, 396.4694750103943, 461.1910203486779, 492.05370221447373], "shapeLIy": [252.24038248432083, 356.9216163542602, 357.46037717478816, 281.38020998585534, 186.27269302033648], "shapeLOx": [183.3065888471628, 318.64548182076794, 467.1685164974498, 505.5764838457816, 541.4712158077657], "shapeLOy": [272.15251699269544, 354.8772083796076, 304.2436948654352, 246.68769358944283, 169.11549951027783], "pplXY": [[317.8305035685931, 104.40939577446211], [417.2121226306302, 224.0312058010724], [318.4008142511714, 354.620656321502], [220.24022841810134, 229.32681955739926]]}