{"shapeUIx": [161.42121220598105, 263.9995293083321, 374.2473084925067, 465.3335177051016, 526.1166155032212], "shapeUIy": [192.78806676309324, 130.72189354199458, 122.29432397530627, 159.42972253601496, 223.7779108295872], "shapeUOx": [164.5010044483838, 243.50916273006266, 358.9854936522644, 484.5134420047592, 552.3576503114276], "shapeUOy": [165.27685482625415, 99.34596447537372, 86.48330194556202, 134.4629908684353, 219.0405311468418], "shapeLIx": [161.42121220598105, 267.49581141137327, 381.3552259077802, 466.2155217782367, 526.1166155032212], "shapeLIy": [192.78806676309324, 348.2616181762461, 358.86247096265953, 304.4800586769609, 223.7779108295872], "shapeLOx": [175.54225301198315, 273.3344420786426, 377.4358616011198, 482.49837271017907, 549.782624978702], "shapeLOy": [232.52579646157113, 338.78160865649045, 337.4383406072849, 285.4933143368629, 212.76060279594589], "pplXY": [[323.17755306752673, 85.30189233329304], [431.62576300127466, 224.0423920741723], [321.36494110693917, 374.75257939567484], [222.0059388775807, 223.98426669264896]]}