{"shapeUIx": [158.91166484284867, 241.8241123307543, 346.7549287838894, 438.8317242298226, 502.62746129402575], "shapeUIy": [219.58501190100804, 151.90128919554928, 120.139192478232, 146.1066609571123, 207.3405191636763], "shapeUOx": [180.68590484029733, 279.8013271959716, 383.4711854037975, 507.40953300146464, 559.391964909197], "shapeUOy": [179.0837438709912, 96.52935793716038, 87.49526889084466, 131.47548997976045, 181.83556317007682], "shapeLIx": [158.91166484284867, 268.63278397920897, 394.19150370353395, 476.3882699844263, 502.62746129402575], "shapeLIy": [219.58501190100804, 367.95108265185394, 372.5910611770992, 294.7241620773546, 207.3405191636763], "shapeLOx": [186.352687865689, 322.48872698027935, 477.8471820622811, 516.5892819872955, 546.6104889710533], "shapeLOy": [256.0968230722834, 362.76524203153355, 310.45684462196834, 251.89764263148155, 181.35388572315793], "pplXY": [[322.47164436981785, 75.67693336352353], [438.76528539748415, 216.77741166237743], [320.4264604512106, 380.98345066783196], [207.81606267367835, 220.41569536445368]]}