{"shapeUIx": [178.77105222125942, 271.266439986843, 358.4092303017936, 454.6969465786876, 512.377243125796], "shapeUIy": [169.0423545616497, 137.66382499993347, 143.19563435742907, 194.3119170171432, 263.7595408878059], "shapeUOx": [218.28368460686133, 316.1818991860857, 407.9731734465954, 488.1314552519199, 558.7523928164271], "shapeUOy": [111.20359016433144, 84.76294077584426, 113.2364854948388, 171.6300582666189, 237.03991844185666], "shapeLIx": [178.77105222125942, 294.11303157763626, 379.0016288579119, 487.1842337602682, 512.377243125796], "shapeLIy": [169.0423545616497, 355.5955273633897, 371.43616454606445, 312.8159388155186, 263.7595408878059], "shapeLOx": [199.09548374649484, 294.34837460607224, 420.1941336667287, 497.8110922657658, 537.0834181716575], "shapeLOy": [255.8071850374829, 333.94686658326856, 322.26635243474317, 292.72588850919465, 251.35456012770084], "pplXY": [[328.69652330840586, 85.27104251473436], [441.34721013861065, 216.47835942937945], [323.978423586742, 382.1321737592341], [215.2695598039967, 213.70144582705515]]}