{"shapeUIx": [157.96383821565354, 252.15223718468968, 361.7599461298752, 457.8068989107072, 508.3535340307479], "shapeUIy": [196.7550681827549, 128.32957903448897, 108.4663086324488, 156.18924363051627, 229.03446018456307], "shapeUOx": [180.16668652976085, 286.8446265246738, 405.3252203559393, 516.6530059381059, 554.8838942824066], "shapeUOy": [157.45269168139453, 75.97738892201525, 82.58979009321982, 140.62730397063189, 207.413433431486], "shapeLIx": [157.96383821565354, 275.09992061356957, 390.69051163845984, 476.95554493091004, 508.3535340307479], "shapeLIy": [196.7550681827549, 377.86827184306605, 383.02657509668495, 311.29028874417736, 229.03446018456307], "shapeLOx": [182.46812349162616, 313.63204470629614, 462.5455871760414, 509.61528688537317, 544.5247005047208], "shapeLOy": [248.48803682674605, 367.2929479237638, 323.97778352285115, 270.16967347484115, 205.7663100691572], "pplXY": [[321.13280041967744, 71.55092096746955], [445.2586109756925, 218.60137984953764], [319.2069977025702, 397.20827712663925], [200.58398439696757, 220.30734192198048]]}