{"shapeUIx": [168.11172641689316, 253.72442172616735, 344.1242041707022, 422.4290626410449, 500.4825362539708], "shapeUIy": [219.99986023930933, 172.04877106929095, 152.64404894475607, 155.95617345806346, 195.63477657728745], "shapeUOx": [210.53276187666134, 296.52618435038966, 381.7105546205394, 474.77944159455984, 558.8001276571357], "shapeUOy": [157.50362541849032, 112.44826356643652, 110.8381598082074, 132.91307864310798, 169.29869318863442], "shapeLIx": [168.11172641689316, 273.0492944898501, 393.52322933483805, 465.83422146961595, 500.4825362539708], "shapeLIy": [219.99986023930933, 337.4555288728879, 341.289868635278, 277.7276497262288, 195.63477657728745], "shapeLOx": [185.39587989220004, 292.468077543874, 431.2376192959233, 503.0000668148167, 547.6663804303431], "shapeLOy": [254.82299204172358, 323.6662828071838, 296.733148508415, 243.02895077271236, 171.49338170090394], "pplXY": [[325.15569712348855, 95.78862907771413], [427.5230871059358, 218.2088304645319], [325.38824055653714, 351.49263092875054], [225.26374082950534, 222.70830474573785]]}