{"shapeUIx": [159.79209415423372, 266.68019883003603, 376.8953605941455, 469.8665637263372, 528.7453359822638], "shapeUIy": [186.9960147239156, 125.34213788658363, 121.27479837163648, 164.6751094644938, 230.8519732195598], "shapeUOx": [163.01719674715883, 244.24130704068156, 366.49141490919504, 488.50354625257313, 550.2266263839547], "shapeUOy": [157.8902477484623, 93.29096444372354, 85.2431014468614, 137.25715036087132, 224.02695731632744], "shapeLIx": [159.79209415423372, 271.8975351213669, 380.0310331756977, 466.0519856758057, 528.7453359822638], "shapeLIy": [186.9960147239156, 352.6822685514461, 362.16484105068355, 309.1724945862578, 230.8519732195598], "shapeLOx": [166.26639168890765, 250.1750322289925, 358.769405035671, 474.1543797897269, 548.6259311143824], "shapeLOy": [228.19086979487855, 338.06030805469925, 346.91318451846075, 295.0570203241662, 218.62361765096654], "pplXY": [[323.5422498313543, 86.84574542698851], [432.35590337557426, 226.50035654460422], [322.3834522591006, 381.58292410380596], [222.0550021449516, 227.02435216846857]]}