{"shapeUIx": [178.76590340476145, 271.27451027020646, 358.41662742688976, 454.7056121501138, 512.377389120182], "shapeUIy": [169.03569854871665, 137.6622838605503, 143.21062457416278, 194.34854290201298, 263.79771714944826], "shapeUOx": [218.27945124576203, 316.1864117471511, 407.99707662894986, 488.13758785062765, 558.7341242692695], "shapeUOy": [111.19616039138131, 84.761298046159, 113.25472283646602, 171.65948863683565, 237.07448917423767], "shapeLIx": [178.76590340476145, 294.1264091266142, 379.00130838266705, 487.17646790093795, 512.377389120182], "shapeLIy": [169.03569854871665, 355.6073954839447, 371.44020968641706, 312.83578309520317, 263.79771714944826], "shapeLOx": [199.0634836492945, 294.262209176794, 420.122821589321, 497.7720380166085, 537.0693295505056], "shapeLOy": [255.79352004988377, 333.9383412433431, 322.2985977959756, 292.7698517488419, 251.39196568339503], "pplXY": [[328.6957204804934, 85.29837766897438], [441.34480731094453, 216.49211444694393], [323.9823323866621, 382.1473963591514], [215.2711363419427, 213.71729314211848]]}