{"shapeUIx": [164.09513083851556, 276.76512864440303, 389.56079479683933, 499.14438717742297, 546.274252498986], "shapeUIy": [174.04275195489097, 130.84287458946162, 138.0678789467933, 194.97558675128533, 259.4486744017878], "shapeUOx": [177.72387987052866, 278.5125636649828, 399.2095265285326, 513.9601976403658, 580.8128563153222], "shapeUOy": [155.86182135062722, 99.6979420911999, 103.16744537690651, 164.64192985029834, 247.36470756111763], "shapeLIx": [164.09513083851556, 267.15491039860893, 359.81128174065634, 501.5614727983492, 546.274252498986], "shapeLIy": [174.042751954891, 350.8645628142827, 377.85627776805524, 322.20438574339175, 259.4486744017878], "shapeLOx": [187.3532821679398, 263.65541608925247, 379.95235785961586, 505.71993522119584, 552.8921046843951], "shapeLOy": [262.0016393003779, 341.6800328881718, 354.51807565807604, 314.87395097262754, 258.8717522540458], "pplXY": [[330.07378014792187, 94.64711144713779], [446.7291609081728, 219.73083189832317], [324.81064296783876, 391.4282560962224], [212.79583557792063, 216.8882520991298]]}