{"shapeUIx": [165.64409726389334, 254.64579095422937, 354.8114832181109, 461.3990689108576, 524.4030556062589], "shapeUIy": [170.03984492520038, 124.35312621775627, 117.26297509936458, 164.6232000681477, 237.61793868771628], "shapeUOx": [188.83039308398355, 302.44292748409515, 399.1300208484072, 508.0272274297163, 577.3631554961121], "shapeUOy": [140.4437617438228, 72.56250165576202, 84.57128504027499, 147.92116738819635, 218.68887292989592], "shapeLIx": [165.64409726389334, 274.55860426141703, 360.4278427035944, 508.0710644347274, 524.4030556062589], "shapeLIy": [170.03984492520044, 371.38134534930157, 402.85954106984303, 313.3645789254447, 237.61793868771628], "shapeLOx": [204.45709794891667, 312.715352677874, 455.818800692021, 527.2993214562966, 546.9284237920926], "shapeLOy": [300.3902994194207, 364.8740878909842, 334.6745242575756, 288.0969610625888, 236.16233642178105], "pplXY": [[327.072837085647, 82.33771210337643], [440.52274408282375, 215.49628394540878], [319.681812638877, 398.32825844125574], [207.66394208560428, 212.28839259333904]]}