{"shapeUIx": [151.78761398489962, 222.5522117475547, 327.74905012875206, 407.7846214488257, 492.0536904005423], "shapeUIy": [252.24043820537264, 181.21228180337724, 137.46896056567758, 137.30999033194783, 186.2715586724761], "shapeUOx": [158.92081309930452, 241.19105091010897, 332.2605851805557, 477.5000303323994, 548.0215741190308], "shapeUOy": [225.46498904694113, 133.83706481196856, 100.44626286699165, 127.24385518249262, 173.28850767616353], "shapeLIx": [151.78761398489962, 256.09301321756016, 396.4694879576872, 461.19125428876197, 492.0536904005423], "shapeLIy": [252.24043820537264, 356.9213152036148, 357.46026255264576, 281.37960356637075, 186.2715586724761], "shapeLOx": [183.30741463851186, 318.64783299697194, 467.17057728540146, 505.5776293477238, 541.4716606259246], "shapeLOy": [272.15284812964103, 354.87739553825065, 304.2427190824891, 246.68633935694933, 169.11429186321334], "pplXY": [[317.83054622072393, 104.4084790799183], [417.212225855444, 224.03076933367888], [318.40071407807454, 354.62027188470995], [220.24017283707016, 229.32633584683168]]}