{"shapeUIx": [178.765903404762, 271.27451027020567, 358.4166274268888, 454.7056121501126, 512.377389120182], "shapeUIy": [169.03569854871682, 137.66228386055008, 143.21062457416085, 194.34854290200855, 263.7977171494437], "shapeUOx": [218.27945124576325, 316.1864117471515, 407.9970766289481, 488.1375878506272, 558.7341242692718], "shapeUOy": [111.19616039138062, 84.7612980461583, 113.25472283646361, 171.65948863683198, 237.07448917423295], "shapeLIx": [178.765903404762, 294.12640912661317, 379.0013083826671, 487.17646790093886, 512.377389120182], "shapeLIy": [169.03569854871682, 355.6073954839435, 371.4402096864166, 312.8357830952007, 263.7977171494437], "shapeLOx": [199.06348364929778, 294.26220917680337, 420.1228215893293, 497.7720380166132, 537.0693295505074], "shapeLOy": [255.7935200498851, 333.9383412433438, 322.29859779597166, 292.76985174883646, 251.39196568339017], "pplXY": [[328.69572048049355, 85.29837766897066], [441.344807310945, 216.49211444694214], [323.9823323866617, 382.14739635914987], [215.27113634194248, 213.71729314211652]]}