{"shapeUIx": [190.0233665205928, 292.85978159467805, 385.96106558204303, 477.2716267217911, 502.1406590596572], "shapeUIy": [162.96134043180808, 121.81863770149002, 140.325042575075, 214.15882502966468, 282.2007366740926], "shapeUOx": [197.20540463512592, 320.2381959382195, 422.0507674259232, 492.62934315095754, 525.6253455029183], "shapeUOy": [152.61328737064173, 88.53136041549756, 128.38349910644314, 192.0314950546902, 260.1237222954361], "shapeLIx": [190.0233665205928, 278.5165150345723, 348.5247739442906, 476.1100159421555, 502.1406590596572], "shapeLIy": [162.96134043180808, 343.04663277058586, 378.75797692827916, 323.05216466658044, 282.2007366740926], "shapeLOx": [203.28017252017915, 271.999526724462, 408.615320558015, 481.33349212764944, 516.700645222244], "shapeLOy": [248.63534989911938, 333.61829867541104, 337.01121403307735, 312.0314699975408, 268.2796752653885], "pplXY": [[326.77193701621184, 108.84721444318329], [429.56244952384475, 221.89902544692865], [321.42196008899816, 382.9877240330794], [221.22971935397476, 214.66176057372468]]}