{"shapeUIx": [168.1116978741457, 253.72446249070794, 344.1242559014637, 422.42912115324015, 500.4825389883099], "shapeUIy": [219.9998552537501, 172.04878462095058, 152.64414974106168, 155.95640181433942, 195.6350123381711], "shapeUOx": [210.53269371332902, 296.5261581093593, 381.7106383584886, 474.77946551218946, 558.8000084683556], "shapeUOy": [157.50367331303303, 112.44830621820799, 110.8382857105388, 132.9132690538891, 169.29894064627123], "shapeLIx": [168.1116978741457, 273.0493407314577, 393.5232264676725, 465.8341727525284, 500.4825389883099], "shapeLIy": [219.9998552537501, 337.45558901007047, 341.28989223127024, 277.72777651986, 195.6350123381711], "shapeLOx": [185.39571444620756, 292.46759940507434, 431.23719429400114, 502.99982966220534, 547.6662867473148], "shapeLOy": [254.82292677506106, 323.66624708764124, 296.733351924286, 243.02923430435322, 171.4936372242026], "pplXY": [[325.15568738388913, 95.788824294292], [427.5230641949167, 218.20892238032553], [325.38826058737465, 351.4927075889911], [225.2637527591221, 222.70840573802374]]}