{"shapeUIx": [158.79168108127408, 240.5130726467456, 344.6797674415536, 436.97830473482435, 502.49507652211526], "shapeUIy": [218.0040593288765, 150.09827401119583, 116.68129334068905, 140.4126221062014, 202.29326924303902], "shapeUOx": [183.34304394599664, 282.01850499707905, 384.11951724446646, 508.01771637205655, 562.4050994913507], "shapeUOy": [173.52716548397905, 92.52822732856343, 83.23288237585957, 126.61986849449409, 174.9125562426595], "shapeLIx": [158.79168108127408, 269.6778174287567, 394.5423934331131, 477.6588096783461, 502.49507652211526], "shapeLIy": [218.0040593288765, 368.5032923262403, 373.027948298149, 292.1450693122602, 202.29326924303902], "shapeLOx": [187.97114889515268, 330.60119038370624, 487.152967582046, 521.7364512771587, 549.0506664733779], "shapeLOy": [256.9212407421063, 363.7235856370904, 306.25836382935483, 245.41056226643855, 174.76192110564122], "pplXY": [[322.7811089393792, 69.58518607493852], [439.7442409630679, 214.49187817690822], [320.0222682452393, 380.92776665521626], [207.06765931834116, 218.1787136906043]]}