{"shapeUIx": [157.96408651162795, 252.15193231962752, 361.7593252211567, 457.80622148080386, 508.35348438843965], "shapeUIy": [196.75463612781792, 128.32912805944093, 108.46514732734371, 156.18682987522715, 229.03199453111134], "shapeUOx": [180.16796050604404, 286.8456261199732, 405.3252106038558, 516.652947404914, 554.8852260429279], "shapeUOy": [157.4509282628476, 75.97623170997866, 82.58829534158295, 140.6251958482153, 207.41038679090326], "shapeLIx": [157.96408651162795, 275.09992787509975, 390.6905544879948, 476.95606243671347, 508.35348438843965], "shapeLIy": [196.75463612781792, 377.8678231674693, 383.026346102606, 311.28890722310257, 229.03199453111134], "shapeLOx": [182.46940430441953, 313.63628348397935, 462.54979759772203, 509.6177024832904, 544.5257708608663], "shapeLOy": [248.48845973917486, 367.29309035217307, 323.97560900465567, 270.1665544176617, 205.7633062532208], "pplXY": [[321.13296639559854, 71.54853226348851], [445.2589580307355, 218.60032925182378], [319.20684538952355, 397.207712842399], [200.5838311415708, 220.30625030979598]]}