{"shapeUIx": [164.09513050913733, 276.7651291203818, 389.56079537386415, 499.14438783289006, 546.2742525276302], "shapeUIy": [174.04275184259436, 130.84287470742652, 138.06788007677076, 194.97558933598734, 259.4486770731115], "shapeUOx": [177.72387916290566, 278.51256345137085, 399.2095275776013, 513.9601979335403, 580.8128549745818], "shapeUOy": [155.86182174754816, 99.69794249242571, 103.16744678306377, 164.64193199434513, 247.36471031194978], "shapeLIx": [164.09513050913733, 267.15491097926264, 359.8112817096734, 501.5614722471372, 546.2742525276303], "shapeLIy": [174.04275184259438, 350.8645635164784, 377.85627803732746, 322.20438717365636, 259.4486770731115], "shapeLOx": [187.35328024082713, 263.65541058223016, 379.9523530158348, 505.71993252616846, 552.8921036333435], "shapeLOy": [262.0016385307423, 341.68003245650874, 354.5180779578271, 314.87395416776974, 258.87175511094745], "pplXY": [[330.0737800449673, 94.6471136194213], [446.7291606608953, 219.73083292966066], [324.81064320149454, 391.4282569922956], [212.7958357099012, 216.8882532396141]]}