{"shapeUIx": [168.1117296803574, 253.72441703108507, 344.1241983791399, 422.4290560729927, 500.4825359592666], "shapeUIy": [219.99986114719567, 172.04876975690192, 152.64403762509434, 155.9561476606964, 195.63474992612004], "shapeUOx": [210.53276918283387, 296.52618680026205, 381.7105445358499, 474.77943875400223, 558.8001410705002], "shapeUOy": [157.50362090364519, 112.44825925116793, 110.83814570164316, 132.91305720132732, 169.29866554239862], "shapeLIx": [168.1117296803574, 273.04928891265826, 393.5232296496608, 465.83422697194163, 500.4825359592666], "shapeLIy": [219.99986114719567, 337.45552194640635, 341.289865956113, 277.7276354324786, 195.63474992612004], "shapeLOx": [185.39589891885103, 292.46813214616844, 431.23766751397864, 503.00009367237425, 547.6663909561704], "shapeLOy": [254.82299960555378, 323.6662870112769, 296.73312554489115, 243.0289188290031, 171.4933530523215], "pplXY": [[325.15569817882084, 95.78860725433569], [427.52308961987853, 218.20882013651908], [325.3882382508702, 351.49262209335154], [225.26373950061105, 222.70829335276986]]}