{"shapeUIx": [168.11172915714758, 253.72441778543916, 344.1241993018776, 422.42905712027516, 500.48253600566824], "shapeUIy": [219.99986098572919, 172.04876995614873, 152.64403943027014, 155.95615178198167, 195.634754184634], "shapeUOx": [210.5327680344165, 296.5261864334018, 381.71054617670796, 474.77943921439936, 558.8001389300813], "shapeUOy": [157.5036215822359, 112.44825991658672, 110.83814794969685, 132.913060623502, 169.29866994433428], "shapeLIx": [168.11172915714758, 273.0492898204814, 393.5232295997972, 465.8342260929729, 500.48253600566824], "shapeLIy": [219.99986098572919, 337.455523059279, 341.2898663847724, 277.727637714558, 195.634754184634], "shapeLOx": [185.39589586322168, 292.46812339517953, 431.23765980107464, 503.00008937855745, 547.6663892773452], "shapeLOy": [254.8229983881025, 323.6662863316048, 296.7331292126677, 243.0289239280638, 171.49335761873235], "pplXY": [[325.15569801236717, 95.78861072977699], [427.5230892218033, 218.20882178382422], [325.3882386212515, 351.49262351320147], [225.26373971201332, 222.70829517209205]]}