{"shapeUIx": [168.111729649821, 253.7244170751665, 344.12419843279974, 422.4290561339233, 500.4825359619464], "shapeUIy": [219.99986113723693, 172.0487697681555, 152.64403773012725, 155.9561479007377, 195.63475017418213], "shapeUOx": [210.53276911657903, 296.52618677972197, 381.71054463242496, 474.7794387810404, 558.8001409459156], "shapeUOy": [157.50362094172905, 112.44825928911595, 110.838145832392, 132.9130574005388, 169.29866579828968], "shapeLIx": [168.111729649821, 273.0492889661017, 393.52322964677103, 465.83422692074885, 500.4825359619464], "shapeLIy": [219.99986113723693, 337.4555220114383, 341.2898659811018, 277.72763556534835, 195.63475017418213], "shapeLOx": [185.39589874033808, 292.46813163553077, 431.2376670644162, 503.00009342217743, 547.6663908584808], "shapeLOy": [254.82299953433773, 323.6662869714185, 296.7331257584916, 243.02891912585451, 171.4933533179389], "pplXY": [[325.15569816919816, 95.78860745638993], [427.5230895968125, 218.2088202323755], [325.3882382725115, 351.4926221763311], [225.26373951289375, 222.70829345870885]]}