{"shapeUIx": [164.0951307176704, 276.76512881905654, 389.5607950084639, 499.1443874178279, 546.2742525094836], "shapeUIy": [174.04275191347227, 130.84287463258846, 138.06787936123723, 194.97558769938283, 259.44867538167057], "shapeUOx": [177.7238796112244, 278.5125635869665, 399.2095269137541, 513.9601977479966, 580.8128558235575], "shapeUOy": [155.86182149563226, 99.69794223804267, 103.16744589262389, 164.64193063671325, 247.3647085699501], "shapeLIx": [164.0951307176704, 267.15491061183184, 359.8112817292974, 501.5614725961594, 546.2742525094836], "shapeLIy": [174.04275191347227, 350.8645630719433, 377.8562778668362, 322.20438626800893, 259.44867538167057], "shapeLOx": [187.35328146083225, 263.6554140688293, 379.952356082728, 505.71993423258607, 552.8921042988956], "shapeLOy": [262.00163901794144, 341.6800327297218, 354.5180765016394, 314.873952144584, 258.8717533018458], "pplXY": [[330.0737801101866, 94.64711224380385], [446.72916081751765, 219.73083227659254], [324.81064305357444, 391.4282564250273], [212.79583562632018, 216.88825251746138]]}