{"shapeUIx": [158.791681908297, 240.51307145312506, 344.6797659874029, 436.9783030837672, 502.4950764494132], "shapeUIy": [218.00405959619312, 150.09827370473198, 116.68129049461436, 140.41261560291727, 202.2932625225787], "shapeUOx": [183.3430457438427, 282.0185055572755, 384.1195146325347, 508.0177156405284, 562.4051028670119], "shapeUOy": [173.52716444572866, 92.52822629682908, 83.23287883272363, 126.61986309688905, 174.91254930773823], "shapeLIx": [158.791681908297, 269.6778159833985, 394.54239351146776, 477.65881106528957, 502.4950764494132], "shapeLIy": [218.00405959619312, 368.5032905653321, 373.027947621242, 292.14506571228947, 202.2932625225787], "shapeLOx": [187.9711537290625, 330.6012042138488, 487.1529797602666, 521.7364580551016, 549.0506691204332], "shapeLOy": [256.92124267014043, 363.7235867157284, 306.2583580422962, 245.41055422340696, 174.7619139078695], "pplXY": [[322.7811092004055, 69.58518059915025], [439.7442415885192, 214.4918755795292], [320.02226765923376, 380.9277644083683], [207.0676589854376, 218.17871082035055]]}