{"shapeUIx": [159.79198369907056, 266.68035918327723, 376.89555145034063, 469.8667809144962, 528.7453452080857], "shapeUIy": [186.9959697980472, 125.34217234404196, 121.27517288922259, 164.6759695109529, 230.85286246714682], "shapeUOx": [163.01696993104082, 244.24124724366803, 366.4917776860163, 488.50364684833767, 550.2261813904399], "shapeUOy": [157.89036017926054, 93.29108691625649, 85.24356677877678, 137.25786226818798, 224.0278658656417], "shapeLIx": [159.79198369907056, 271.8977360755979, 380.031023063737, 466.051802292374, 528.7453452080857], "shapeLIy": [186.9959697980472, 352.68250511456023, 362.16493094683324, 309.1729698402627, 230.85286246714682], "shapeLOx": [166.26574307640539, 250.1731869143914, 358.767788772734, 474.1534815753603, 548.6255826470567], "shapeLOy": [228.19060952170145, 338.0601607182851, 346.91394939556426, 295.05808159003, 218.62456349325316], "pplXY": [[323.5422165601709, 86.84646319536195], [432.35582272659815, 226.5006984962137], [322.38353094596994, 381.5832261101489], [222.0550456486974, 227.02473130640797]]}