{"shapeUIx": [164.0951305091373, 276.76512912038186, 389.56079537386415, 499.14438783289006, 546.2742525276302], "shapeUIy": [174.04275184259433, 130.8428747074265, 138.06788007677082, 194.97558933598754, 259.44867707311175], "shapeUOx": [177.7238791629056, 278.51256345137085, 399.2095275776014, 513.9601979335403, 580.8128549745818], "shapeUOy": [155.86182174754816, 99.69794249242572, 103.16744678306387, 164.64193199434527, 247.36471031194998], "shapeLIx": [164.0951305091373, 267.1549109792627, 359.8112817096734, 501.5614722471372, 546.2742525276303], "shapeLIy": [174.04275184259436, 350.8645635164785, 377.85627803732746, 322.20438717365647, 259.44867707311175], "shapeLOx": [187.35328024082702, 263.6554105822298, 379.9523530158345, 505.71993252616824, 552.8921036333434], "shapeLOy": [262.00163853074224, 341.6800324565087, 354.5180779578272, 314.87395416776997, 258.8717551109477], "pplXY": [[330.0737800449673, 94.64711361942145], [446.7291606608953, 219.73083292966075], [324.81064320149454, 391.4282569922957], [212.7958357099012, 216.88825323961413]]}