{"shapeUIx": [178.7659039147723, 271.2745095323802, 358.416626536329, 454.70561113806434, 512.3773890762557], "shapeUIy": [169.0356987305999, 137.66228368350488, 143.2106228293389, 194.3485389071966, 263.7977130203316], "shapeUOx": [218.27945232991829, 316.18641206487825, 407.99707499247035, 488.13758739416534, 558.7341263402271], "shapeUOy": [111.19615979953842, 84.76129743818335, 113.25472066597713, 171.65948532473945, 237.07448493011125], "shapeLIx": [178.7659039147723, 294.12640822065043, 379.00130843033475, 487.1764687528388, 512.3773890762557], "shapeLIy": [169.0356987305999, 355.60739439545375, 371.4402092699123, 312.835780885367, 263.7977130203316], "shapeLOx": [199.06348663587147, 294.26221770238476, 420.12282908063133, 497.77204218353853, 537.0693311735837], "shapeLOy": [255.79352124400458, 333.93834191457864, 322.29859424196826, 292.7698468126508, 251.39196127313085], "pplXY": [[328.6957206385308, 85.29837431713764], [441.3448076913325, 216.4921128542952], [323.9823320245012, 382.1473949699898], [215.2711361384131, 213.71729137982274]]}