{"shapeUIx": [151.78761398547243, 222.5522117467273, 327.7490501277474, 407.7846214476847, 492.05369040049226], "shapeUIy": [252.24043820556471, 181.21228180316984, 137.4689605637106, 137.30999032745007, 186.2715586678278], "shapeUOx": [158.92081310053973, 241.19105091048567, 332.2605851787363, 477.5000303318905, 548.0215741213644], "shapeUOy": [225.46498904624173, 133.83706481126546, 100.4462628645436, 127.24385517876104, 173.2885076713737], "shapeLIx": [151.78761398547243, 256.0930132165532, 396.46948795774125, 461.1912542897211, 492.05369040049226], "shapeLIy": [252.24043820556471, 356.92131520239417, 357.46026255217726, 281.37960356388163, 186.27155866782778], "shapeLOx": [183.30741464186204, 318.64783300654926, 467.17057729382833, 505.5776293524129, 541.4716606277541], "shapeLOy": [272.15284813097844, 354.87739553900025, 304.242719078487, 246.6863393513885, 169.11429185823982], "pplXY": [[317.83054622090356, 104.40847907613598], [417.21222585587503, 224.03076933188368], [318.40071407766834, 354.6202718831523], [220.24017283684034, 229.32633584484688]]}