{"shapeUIx": [157.96407282443062, 252.1519511676088, 361.75935248293524, 457.806251968933, 508.353486063902], "shapeUIy": [196.75464051831514, 128.32913931074478, 108.46519974712047, 156.18694556589395, 229.03211361810932], "shapeUOx": [180.16791806271706, 286.8456025029858, 405.32524050484005, 516.652956746942, 554.8851646308455], "shapeUOy": [157.45097049113025, 75.97626340710332, 82.58836146409627, 140.62529369054405, 207.4105183449396], "shapeLIx": [157.96407282443062, 275.09994421719324, 390.69055285463685, 476.95603772774086, 508.353486063902], "shapeLIy": [196.75464051831514, 377.8678509723321, 383.02635778152955, 311.2889720612499, 229.03211361810932], "shapeLOx": [182.4693272068953, 313.63605297486123, 462.5495863716677, 509.61758365821345, 544.5257222487671], "shapeLOy": [248.48843049484202, 367.29307563593693, 323.9757123980015, 270.16669980676255, 205.76344006482705], "pplXY": [[321.1329605598988, 71.54863579108418], [445.25894493123525, 218.60037694040102], [319.2068546824149, 397.2077481710054], [200.5838375646628, 220.30630180619113]]}