{"shapeUIx": [190.0218538649118, 292.8619993666881, 385.96362050650566, 477.27454346836294, 502.14077478735453], "shapeUIy": [162.96055050844444, 121.81898872621795, 140.33007468595184, 214.1704642593751, 282.21278209254183], "shapeUOx": [197.2025434808369, 320.23765797653255, 422.0560027408534, 492.630775834096, 525.6193495862817], "shapeUOy": [152.61433904306955, 88.5327541803783, 128.38973588021344, 192.04109487514927, 260.135858388277], "shapeLIx": [190.0218538649118, 278.5194199366493, 348.5246414746487, 476.1075354933697, 502.14077478735453], "shapeLIy": [162.96055050844444, 343.049903205312, 378.75920137300966, 323.05858091845346, 282.21278209254183], "shapeLOx": [203.27122440246734, 271.97425810222575, 408.59334881965594, 481.32130448400613, 516.6959584734046], "shapeLOy": [248.63172805908204, 333.61621749852486, 337.0215535025067, 312.0457852843186, 268.2923639590708], "pplXY": [[326.7715103585257, 108.85680484714274], [429.5613975084946, 221.90362254351294], [321.4230466888339, 382.99190201789514], [221.23029775210475, 214.66688078046158]]}