{"shapeUIx": [151.7875997178557, 222.55223239033072, 327.7490750329595, 407.7846497516901, 492.0536916279598], "shapeUIy": [252.2404330932393, 181.21228673926743, 137.46900936156538, 137.3101020626423, 186.2716741607996], "shapeUOx": [158.920782805318, 241.1910420610092, 332.2606309962015, 477.50004310907235, 548.0215162002598], "shapeUOy": [225.46500553529103, 133.83708177998736, 100.44632356482002, 127.24394781337108, 173.288626357616], "shapeLIx": [151.7875997178557, 256.0930385819514, 396.46948662508925, 461.191230462166, 492.0536916279598], "shapeLIy": [252.2404330932393, 356.92134565705413, 357.46027420286106, 281.3796653709311, 186.2716741607996], "shapeLOx": [183.30733108336307, 318.6475945039515, 467.17036774743127, 505.57751279864044, 541.471615234275], "shapeLOy": [272.1528147176077, 354.87737675238634, 304.24281848277036, 246.68647741044666, 169.114415197965], "pplXY": [[317.8305418038501, 104.40857281028494], [417.2122152218256, 224.03081387418752], [318.4007242103652, 354.6203107506383], [220.2401785281802, 229.32638513497267]]}