{"shapeUIx": [151.78761396181042, 222.5522117809102, 327.7490501692378, 407.7846214948098, 492.05369040255556], "shapeUIy": [252.24043819760163, 181.21228181171728, 137.46896064494936, 137.30999051322655, 186.27155885982478], "shapeUOx": [158.9208130495552, 241.1910508949706, 332.2605852539423, 477.500030352919, 548.021574024982], "shapeUOy": [225.46498907505193, 133.83706484026172, 100.44626296564832, 127.24385533288685, 173.28850786918784], "shapeLIx": [151.78761396181042, 256.09301325817694, 396.46948795551145, 461.19125425010213, 492.05369040255556], "shapeLIy": [252.24043819760163, 356.9213152528231, 357.4602625715271, 281.3796036666919, 186.27155885982478], "shapeLOx": [183.3074145034555, 318.64783261091395, 467.17057694574413, 505.5776291587275, 541.4716605521913], "shapeLOy": [272.15284807572044, 354.87739550802723, 304.24271924378775, 246.6863395810679, 169.1142920636491], "pplXY": [[317.8305462134895, 104.40847923234205], [417.2122258380785, 224.03076940602895], [318.40071409444903, 354.620271947503], [220.24017284633243, 229.32633592682478]]}