{"shapeUIx": [165.6440972638929, 254.64579095423, 354.8114832181116, 461.3990689108585, 524.403055606259], "shapeUIy": [170.03984492520027, 124.3531262177564, 117.26297509936603, 164.62320006815102, 237.61793868771974], "shapeUOx": [188.83039308398264, 302.44292748409487, 399.13002084840855, 508.0272274297166, 577.3631554961104], "shapeUOy": [140.4437617438233, 72.56250165576255, 84.57128504027679, 147.92116738819914, 218.68887292989947], "shapeLIx": [165.6440972638929, 274.55860426141777, 360.42784270359437, 508.07106443472674, 524.403055606259], "shapeLIy": [170.03984492520027, 371.3813453493025, 402.85954106984343, 313.3645789254465, 237.61793868771974], "shapeLOx": [204.4570979489142, 312.7153526778669, 455.8188006920147, 527.2993214562932, 546.9284237920913], "shapeLOy": [300.3902994194197, 364.8740878909836, 334.6745242575786, 288.0969610625929, 236.16233642178477], "pplXY": [[327.0728370856469, 82.33771210337925], [440.52274408282346, 215.49628394541014], [319.68181263887726, 398.3282584412569], [207.66394208560445, 212.28839259334055]]}