{"shapeUIx": [164.85998210895178, 267.49261172055304, 377.8991810209038, 477.002038616212, 533.8120645632441], "shapeUIy": [194.85981935324858, 149.7080326784114, 145.80411970719408, 182.19687310062048, 238.34575712927122], "shapeUOx": [180.08994238861771, 274.56918840562366, 377.81904366674524, 498.2787313111756, 576.3886150103629], "shapeUOy": [176.30726196162186, 117.26072246105073, 109.8373327362774, 157.48881873085804, 228.15200050309213], "shapeLIx": [164.85998210895178, 259.6165835472329, 365.82948183203285, 493.8710825981431, 533.8120645632441], "shapeLIy": [194.85981935324858, 341.77144364391023, 366.3317005546959, 307.9040014966509, 238.34575712927122], "shapeLOx": [196.52291587652252, 294.14016648555844, 409.28126904112924, 513.917520759874, 551.3868937732469], "shapeLOy": [268.00919325559704, 338.54867176486766, 334.15056807166917, 293.29590316475714, 236.91227297255605], "pplXY": [[327.90103560630877, 99.15903134425574], [438.89044009191673, 217.5351686960863], [323.20605089838597, 372.0086603292699], [216.36492195789992, 215.34098807126338]]}