{"shapeUIx": [190.02185386491198, 292.8619993666878, 385.96362050650544, 477.27454346836265, 502.14077478735453], "shapeUIy": [162.96055050844447, 121.81898872621791, 140.33007468595127, 214.17046425937377, 282.21278209254046], "shapeUOx": [197.20254348083728, 320.23765797653266, 422.0560027408528, 492.63077583409586, 525.6193495862824], "shapeUOy": [152.61433904306935, 88.5327541803781, 128.3897358802127, 192.0410948751482, 260.13585838827555], "shapeLIx": [190.02185386491198, 278.51941993664894, 348.5246414746487, 476.10753549337005, 502.14077478735453], "shapeLIy": [162.96055050844447, 343.04990320531164, 378.7592013730095, 323.0585809184528, 282.21278209254046], "shapeLOx": [203.27122440246833, 271.9742581022286, 408.59334881965844, 481.3213044840075, 516.6959584734052], "shapeLOy": [248.63172805908243, 333.6162174985251, 337.0215535025055, 312.04578528431693, 268.29236395906935], "pplXY": [[326.77151035852575, 108.85680484714162], [429.5613975084947, 221.90362254351243], [321.4230466888338, 382.99190201789463], [221.23029775210466, 214.66688078046099]]}