{"shapeUIx": [151.78761398550552, 222.55221174667946, 327.7490501276894, 407.7846214476187, 492.05369040048936], "shapeUIy": [252.2404382055758, 181.21228180315785, 137.4689605635969, 137.30999032719006, 186.27155866755908], "shapeUOx": [158.92081310061113, 241.19105091050747, 332.2605851786311, 477.5000303318611, 548.0215741214993], "shapeUOy": [225.46498904620125, 133.83706481122482, 100.44626286440209, 127.2438551785453, 173.28850767109682], "shapeLIx": [151.78761398550552, 256.09301321649497, 396.4694879577443, 461.19125428977657, 492.05369040048936], "shapeLIy": [252.2404382055758, 356.9213152023236, 357.4602625521502, 281.37960356373776, 186.2715586675591], "shapeLOx": [183.30741464205568, 318.64783300710286, 467.1705772943154, 505.577629352684, 541.4716606278599], "shapeLOy": [272.15284813105575, 354.8773955390435, 304.2427190782557, 246.68633935106703, 169.1142918579523], "pplXY": [[317.8305462209139, 104.40847907591731], [417.21222585589993, 224.0307693317799], [318.4007140776449, 354.62027188306234], [220.24017283682707, 229.32633584473214]]}