{"shapeUIx": [151.78761398550932, 222.552211746674, 327.74905012768266, 407.78462144761113, 492.0536904004891], "shapeUIy": [252.24043820557708, 181.2122818031565, 137.46896056358383, 137.30999032716022, 186.27155866752827], "shapeUOx": [158.92081310061934, 241.19105091050997, 332.260585178619, 477.5000303318578, 548.0215741215147], "shapeUOy": [225.46498904619662, 133.83706481122016, 100.44626286438584, 127.24385517852056, 173.28850767106502], "shapeLIx": [151.78761398550932, 256.09301321648826, 396.4694879577447, 461.19125428978293, 492.0536904004891], "shapeLIy": [252.24043820557708, 356.9213152023155, 357.4602625521471, 281.3796035637212, 186.27155866752827], "shapeLOx": [183.3074146420779, 318.64783300716647, 467.17057729437136, 505.5776293527151, 541.471660627872], "shapeLOy": [272.1528481310646, 354.8773955390485, 304.24271907822913, 246.68633935103017, 169.1142918579193], "pplXY": [[317.8305462209151, 104.40847907589223], [417.2122258559028, 224.030769331768], [318.4007140776422, 354.62027188305194], [220.2401728368255, 229.326335844719]]}