{"shapeUIx": [164.09513052257049, 276.76512910097586, 389.5607953503095, 499.14438780613654, 546.2742525264589], "shapeUIy": [174.04275184711472, 130.84287470257377, 138.0678800306505, 194.97558923051992, 259.4486769641127], "shapeUOx": [177.7238791918506, 278.51256346017954, 399.2095275349067, 513.9601979216022, 580.8128550292993], "shapeUOy": [155.86182173119124, 99.69794247596363, 103.16744672566533, 164.64193190684605, 247.36471019964807], "shapeLIx": [164.09513052257049, 267.1549109556328, 359.8112817109393, 501.5614722696294, 546.2742525264589], "shapeLIy": [174.04275184711472, 350.8645634878495, 377.85627802634235, 322.2043871152897, 259.4486769641127], "shapeLOx": [187.35328031940173, 263.65541080683624, 379.95235321344603, 505.71993263612575, 552.8921036762415], "shapeLOy": [262.00163856211265, 341.68003247409223, 354.5180778639839, 314.8739540373779, 258.87175499433397], "pplXY": [[330.07378004917643, 94.64711353074105], [446.7291606709987, 219.7308328875675], [324.810643191968, 391.42825695576323], [212.7958357045124, 216.88825319307426]]}