{"shapeUIx": [164.09513050948428, 276.76512911988067, 389.56079537325564, 499.144387832199, 546.2742525276001], "shapeUIy": [174.04275184271063, 130.84287470730084, 138.06788007557935, 194.97558933326303, 259.448677070296], "shapeUOx": [177.72387916365386, 278.512563451599, 399.20952757649934, 513.9601979332322, 580.8128549759953], "shapeUOy": [155.86182174712448, 99.69794249199983, 103.16744678158098, 164.64193199208486, 247.36471030904858], "shapeLIx": [164.09513050948428, 267.15491097865277, 359.8112817097061, 501.5614722477183, 546.2742525276001], "shapeLIy": [174.0427518427107, 350.8645635157391, 377.8562780370437, 322.2043871721487, 259.448677070296], "shapeLOx": [187.35328024285633, 263.65541058803115, 379.952353020939, 505.71993252900864, 552.8921036344516], "shapeLOy": [262.0016385315524, 341.68003245696275, 354.518077955403, 314.8739541644015, 258.871755107935], "pplXY": [[330.0737800450761, 94.64711361713033], [446.7291606611564, 219.7308329285733], [324.8106432012485, 391.4282569913522], [212.79583570976197, 216.8882532384119]]}