{"shapeUIx": [159.79199078195086, 266.6803489358168, 376.89553908530416, 469.8667668622343, 528.745344598429], "shapeUIy": [186.99597233162953, 125.34216989066597, 121.27514866233348, 164.67591403935214, 230.85280513028428], "shapeUOx": [163.01698497641937, 244.24125164370562, 366.4917549475574, 488.503640506722, 550.2262101463352], "shapeUOy": [157.89035198171308, 93.2910784856134, 85.24353664230448, 137.25781627837998, 224.02780693931473], "shapeLIx": [159.79199078195086, 271.89772348731543, 380.0310237254376, 466.05181412174954, 528.745344598429], "shapeLIy": [186.9959723316295, 352.6824899968171, 362.16492516298314, 309.1729391554072, 230.85280513028428], "shapeLOx": [166.26578455552533, 250.17330531353755, 358.76789280113275, 474.1535394384714, 548.625605183601], "shapeLOy": [228.1906261075516, 338.0601700429079, 346.9139000453348, 295.0580130485911, 218.62450225784696], "pplXY": [[323.5422187536202, 86.84641665741628], [432.3558280069039, 226.50067638213795], [322.383525916044, 381.58320681633296], [222.0550428229376, 227.024706835709]]}