{"shapeUIx": [190.0218563436893, 292.8619957829311, 385.9636161701158, 477.274538541586, 502.14077457268365], "shapeUIy": [162.96055137030584, 121.81898785020886, 140.3300661922858, 214.1704448232369, 282.2127620041519], "shapeUOx": [197.20254878200336, 320.23765955681114, 422.0559948206176, 492.6307736225188, 525.6193596656296], "shapeUOy": [152.61433610362712, 88.53275118871522, 128.38972531224877, 192.04107875607298, 260.13583771849886], "shapeLIx": [190.0218563436893, 278.5194155524612, 348.52464170717343, 476.1075396382429, 502.14077457268365], "shapeLIy": [162.96055137030584, 343.04989791831446, 378.75919934748043, 323.05857016483793, 282.2127620041519], "shapeLOx": [203.2712389107077, 271.97429954289447, 408.5933852537, 481.3213247531007, 516.6959663740761], "shapeLOy": [248.63173385613217, 333.6162207530226, 337.0215362099507, 312.04576126225993, 268.2923424870752], "pplXY": [[326.77151113043885, 108.85678852390879], [429.5613993641846, 221.9036147910048], [321.42304492965775, 382.99189527086344], [221.23029676060506, 214.6668722052077]]}