{"shapeUIx": [168.10197798036157, 253.73705778903542, 344.1501782095249, 422.4575733485649, 500.48465444047224], "shapeUIy": [220.01806768443276, 172.06754188777532, 152.69190574521986, 156.0560961639028, 195.73719022797542], "shapeUOx": [210.47934563433517, 296.4838647514292, 381.7094808065512, 474.7816240303581, 558.7450735924045], "shapeUOy": [157.57845088603156, 112.49710889963069, 110.90014971351914, 133.00065280409547, 169.42602808294183], "shapeLIx": [168.10197798036157, 273.048157095812, 393.5212552946008, 465.81312433991917, 500.48465444047224], "shapeLIy": [220.01806768443276, 337.4736961971686, 341.2995664136557, 277.78506441860765, 195.73719022797542], "shapeLOx": [185.34467682809992, 292.2959367021759, 431.06517075137265, 502.9008480820659, 547.621956797002], "shapeLOy": [254.80600975598924, 323.6610767800951, 296.82284778717997, 243.15808909019967, 171.6187635598106], "pplXY": [[325.1487872223073, 95.88739874135034], [427.5088066250978, 218.2521782897564], [325.3943503601982, 351.51566116742276], [225.26998387509485, 222.753092993537]]}