{"shapeUIx": [158.71197276763473, 240.64096205448217, 344.8913165608404, 437.20634529532435, 502.50970754704804], "shapeUIy": [218.10082444731424, 150.22428125601687, 117.07428128722684, 141.23512992861149, 203.12695838308474], "shapeUOx": [182.97844855965076, 281.7646307783517, 384.2158433573126, 508.0502668373621, 561.9603213151756], "shapeUOy": [173.99957282112467, 92.85573354627334, 83.73191889902104, 127.32526908360501, 175.89759184052073], "shapeLIx": [158.71197276763473, 269.7198037790396, 394.5252446898468, 477.48237985791604, 502.50970754704804], "shapeLIy": [218.10082444731424, 368.65655991603205, 373.09659625948177, 292.6023782646603, 203.12695838308474], "shapeLOx": [187.4999374102508, 329.08621015656837, 485.69256454088634, 520.9091018256114, 548.6957366702871], "shapeLOy": [256.74744697620434, 363.640004535929, 306.9851279959848, 246.4482671607519, 175.74419352053962], "pplXY": [[322.73325868754984, 70.36630063513613], [439.6362255058202, 214.8382230685012], [320.0818411833417, 381.1327641966175], [207.12236172429203, 218.5433022350578]]}