{"shapeUIx": [151.78761398526643, 222.55221174702487, 327.74905012810876, 407.78462144809504, 492.0536904005103], "shapeUIy": [252.24043820549565, 181.21228180324445, 137.46896056441804, 137.3099903290677, 186.27155866949957], "shapeUOx": [158.92081310009547, 241.19105091035016, 332.2605851793906, 477.5000303320735, 548.0215741205251], "shapeUOy": [225.46498904649334, 133.83706481151836, 100.44626286542405, 127.24385518010311, 173.28850767309638], "shapeLIx": [151.78761398526643, 256.09301321691527, 396.4694879577218, 461.19125428937616, 492.0536904005103], "shapeLIy": [252.24043820549568, 356.92131520283317, 357.46026255234574, 281.37960356477686, 186.27155866949957], "shapeLOx": [183.30741464065719, 318.64783300310484, 467.1705772907977, 505.5776293507265, 541.4716606270961], "shapeLOy": [272.15284813049743, 354.87739553873064, 304.24271907992636, 246.68633935338843, 169.11429186002857], "pplXY": [[317.8305462208389, 104.40847907749628], [417.21222585572, 224.03076933252933], [318.4007140778145, 354.6202718837125], [220.24017283692302, 229.3263358455607]]}