{"shapeUIx": [178.76598237098958, 271.27439474978326, 358.41649397794504, 454.7054598447741, 512.377382984994], "shapeUIy": [169.03573900427813, 137.66226505885984, 143.21036179646921, 194.34793552822816, 263.7970886965749], "shapeUOx": [218.27960143488767, 316.18644094376657, 407.99680464612914, 488.1375133197319, 558.7344372391383], "shapeUOy": [111.19610365463139, 84.76122427943332, 113.25439715696601, 171.65898760649475, 237.0738553409539], "shapeLIx": [178.76598237098958, 294.1262582703169, 379.0013152959248, 487.1765973731179, 512.377382984994], "shapeLIy": [169.03573900427813, 355.60722506598455, 371.440145851683, 312.8354482251554, 263.7970886965749], "shapeLOx": [199.06395015490978, 294.26352708669293, 420.1239681180091, 497.7726739990306, 537.0695741990459], "shapeLOy": [255.79370867649428, 333.93844955337124, 322.29805807904444, 292.7691044840647, 251.39130320581097], "pplXY": [[328.69574284031233, 85.29787662120476], [441.3448623837421, 216.49187437973168], [323.982275742353, 382.14717866064416], [215.2711060992336, 213.71702582061025]]}