{"shapeUIx": [159.7919848361112, 266.6803575396291, 376.8955494602925, 469.86677865364055, 528.7453451094796], "shapeUIy": [186.9959701909004, 125.34217194046198, 121.27516899159214, 164.67596059312763, 230.85285325018367], "shapeUOx": [163.01697236632486, 244.24124797261237, 366.4917740566917, 488.5036458346457, 550.2261860155019], "shapeUOy": [157.89035882383163, 93.2910855398195, 85.24356192903358, 137.25785487180485, 224.0278563794699], "shapeLIx": [159.7919848361112, 271.89773406666967, 380.0310231704935, 466.0518041941638, 528.7453451094796], "shapeLIy": [186.9959701909004, 352.68250268974026, 362.1649300175685, 309.17296490598744, 230.85285325018367], "shapeLOx": [166.26574973065908, 250.17320592409487, 358.7678054881255, 474.15349087487294, 548.625586272529], "shapeLOy": [228.1906121801122, 338.06016221026914, 346.9139414611448, 295.0580705674057, 218.62455363968775], "pplXY": [[323.5422169146833, 86.84645570408739], [432.35582357859784, 226.5006949387329], [322.383530139133, 381.5832230157431], [222.05504519362862, 227.02472737172553]]}