{"shapeUIx": [165.64397269578245, 254.64593762889217, 354.8118119167523, 461.39942560499975, 524.4030832207202], "shapeUIy": [170.04011265557247, 124.35338785746936, 117.26358651212593, 164.62445310028974, 237.6192163477048], "shapeUOx": [188.82968201392382, 302.44234380377367, 399.1299478321341, 508.02724063580706, 577.3624576370969], "shapeUOy": [140.4447893340028, 72.5631653343135, 84.57207554032955, 147.92227027889396, 218.69049290701818], "shapeLIx": [165.64397269578245, 274.55855642168956, 360.4278195104183, 508.07079542865074, 524.4030832207202], "shapeLIy": [170.04011265557244, 371.38156206146266, 402.8596582667514, 313.3652999220767, 237.6192163477048], "shapeLOx": [204.45647402391086, 312.7132237888845, 455.81663945973014, 527.2980752254857, 546.9278609721827], "shapeLOy": [300.390103700145, 364.87403502760935, 334.67565567473855, 288.0985914662432, 236.16392276728916], "pplXY": [[327.07274522667467, 82.33898139239398], [440.5225544754685, 215.4968365718165], [319.68188641679376, 398.3285296854708], [207.6640240013891, 212.28896171798525]]}