{"shapeUIx": [158.79168218908436, 240.5130710477004, 344.6797654943063, 436.97830252381175, 502.49507642481933], "shapeUIy": [218.00405968863134, 150.09827360186088, 116.68128952934327, 140.41261339649333, 202.2932602423834], "shapeUOx": [183.34304635181894, 282.0185057447354, 384.11951374320336, 508.0177153916362, 562.4051040120412], "shapeUOy": [173.52716409800274, 92.528225949328, 83.23287763120359, 126.61986126594607, 174.91254695643093], "shapeLIx": [158.79168218908436, 269.6778154912331, 394.5423935380061, 477.65881153584314, 502.4950764248192], "shapeLIy": [218.00405968863134, 368.5032899672227, 373.02794739151335, 292.1450644910492, 202.2932602423834], "shapeLOx": [187.97115537080217, 330.60120890908235, 487.152983893111, 521.7364603550465, 549.0506700182314], "shapeLOy": [256.9212433252448, 363.7235870825405, 306.2583560789557, 245.4105514950194, 174.76191146692162], "pplXY": [[322.7811092887388, 69.58517874249851], [439.7442418003453, 214.49187469857665], [320.0222674601986, 380.92776364517607], [207.0676588725858, 218.17870984661764]]}