{"shapeUIx": [151.78761398551183, 222.55221174667037, 327.7490501276783, 407.7846214476061, 492.0536904004888], "shapeUIy": [252.2404382055779, 181.21228180315558, 137.46896056357528, 137.3099903271406, 186.27155866750797], "shapeUOx": [158.92081310062474, 241.1910509105116, 332.2605851786111, 477.5000303318555, 548.021574121525], "shapeUOy": [225.46498904619358, 133.83706481121706, 100.44626286437516, 127.24385517850426, 173.28850767104413], "shapeLIx": [151.78761398551183, 256.0930132164839, 396.46948795774495, 461.19125428978714, 492.0536904004888], "shapeLIy": [252.2404382055779, 356.9213152023102, 357.4602625521451, 281.37960356371036, 186.27155866750797], "shapeLOx": [183.30741464209254, 318.64783300720825, 467.1705772944082, 505.5776293527356, 541.47166062788], "shapeLOy": [272.15284813107047, 354.87739553905175, 304.2427190782116, 246.68633935100587, 169.11429185789763], "pplXY": [[317.83054622091583, 104.4084790758757], [417.21222585590465, 224.03076933176013], [318.40071407764043, 354.6202718830452], [220.2401728368245, 229.32633584471031]]}