{"shapeUIx": [164.0951305092764, 276.7651291201809, 389.56079537362024, 499.144387832613, 546.2742525276182], "shapeUIy": [174.04275184264097, 130.84287470737613, 138.0678800762932, 194.97558933489543, 259.44867707198307], "shapeUOx": [177.72387916320557, 278.51256345146237, 399.2095275771597, 513.9601979334168, 580.8128549751484], "shapeUOy": [155.86182174737831, 99.69794249225497, 103.16744678246944, 164.6419319934392, 247.3647103107869], "shapeLIx": [164.0951305092764, 267.1549109790182, 359.8112817096865, 501.56147224737015, 546.2742525276182], "shapeLIy": [174.04275184264097, 350.8645635161821, 377.8562780372137, 322.20438717305206, 259.44867707198307], "shapeLOx": [187.35328024164045, 263.6554105845552, 379.9523530178806, 505.7199325273068, 552.8921036337877], "shapeLOy": [262.001638531067, 341.6800324566907, 354.51807795685545, 314.87395416641965, 258.87175510974004], "pplXY": [[330.07378004501095, 94.64711361850306], [446.72916066099987, 219.73083292922485], [324.8106432013959, 391.42825699191746], [212.79583570984542, 216.88825323913224]]}