{"shapeUIx": [157.9640913208017, 252.15192552567942, 361.7593162442166, 457.8062113639453, 508.3534838890453], "shapeUIy": [196.75463624722374, 128.32912527109758, 108.4651299102364, 156.18679074219986, 229.03195416679728], "shapeUOx": [180.16797302773412, 286.84563171388305, 405.3251975846338, 516.6529436010745, 554.8852465773872], "shapeUOy": [157.45091814627006, 75.97622332874302, 82.58827351755896, 140.6251630715973, 207.4103437270047], "shapeLIx": [157.9640913208017, 275.09992070362284, 390.69055499853124, 476.9560707882048, 508.3534838890453], "shapeLIy": [196.75463624722374, 377.86781314464173, 383.02634208817074, 311.2888854307024, 229.03195416679728], "shapeLOx": [182.4694319423263, 313.63636417542347, 462.5498699947907, 509.6177429832111, 544.5257870374066], "shapeLOy": [248.48847051770173, 367.29309611407, 323.97557410967846, 270.16650564380245, 205.76326200144376], "pplXY": [[321.1329681604592, 71.54849831798636], [445.25896211551753, 218.600313381156], [319.20684204777797, 397.207700078119], [200.58382905695652, 220.30623296772373]]}