{"shapeUIx": [151.7739854067858, 222.57350899368961, 327.771938214477, 407.8109620860112, 492.0546100925395], "shapeUIy": [252.2296664230076, 181.21317833019668, 137.51382910673013, 137.4155713688221, 186.38110370181627], "shapeUOx": [158.89896336505726, 241.19142798016424, 332.31403039236136, 477.5142685433275, 547.9678071501348], "shapeUOy": [225.46585673138924, 133.84486232481723, 100.50172661258681, 127.33033123065336, 173.39585155204065], "shapeLIx": [151.7739854067858, 256.12261574081015, 396.4681922341839, 461.1689709501928, 492.0546100925395], "shapeLIy": [252.2296664230076, 356.9518866671046, 357.47148957039406, 281.4374782431761, 186.38110370181627], "shapeLOx": [183.2239481306132, 318.4145449817084, 466.9702737157566, 505.46692360241093, 541.4297180455187], "shapeLOy": [272.1181932179785, 354.8569404420904, 304.33593601632543, 246.8150562984231, 169.2275149419118], "pplXY": [[317.8271806407085, 104.492864013412], [417.2035454566464, 224.071706287609], [318.4109374235901, 354.6596889113012], [220.24523294208447, 229.37226200883865]]}