{"shapeUIx": [157.9635169278649, 252.15255612840355, 361.7610038425079, 457.80802270000623, 508.3536376434986], "shapeUIy": [196.75634342767688, 128.33066504346334, 108.4682366815485, 156.19299281975577, 229.03825050053268], "shapeUOx": [180.16402348474696, 286.84218075611284, 405.3241541415669, 516.6528543953975, 554.8817360744603], "shapeUOy": [157.4569892312017, 75.98006413164303, 82.59231759792908, 140.63069358126205, 207.41869126479295], "shapeLIx": [157.9635169278649, 275.0992933670387, 390.6904299211073, 476.95473496607855, 508.3536376434986], "shapeLIy": [196.75634342767688, 377.8687327356661, 383.0268997500749, 311.29248162708166, 229.03825050053265], "shapeLOx": [182.46670583979184, 313.62645130227787, 462.53938089147687, 509.61164257865687, 544.5229397399701], "shapeLOy": [248.48770876880872, 367.2930114497671, 323.98119258539424, 270.17466795088654, 205.771342124745], "pplXY": [[321.13246476818114, 71.55504053266705], [445.25793968426626, 218.6031114282936], [319.2071623942263, 397.2088453388074], [200.58425908561512, 220.309070594976]]}