{"shapeUIx": [157.96409132083045, 252.1519255256379, 361.75931624416614, 457.806211363888, 508.35348388904276], "shapeUIy": [196.75463624723332, 128.32912527108715, 108.46512991013765, 156.18679074197408, 229.0319541665639], "shapeUOx": [180.16797302779622, 286.84563171390204, 405.32519758454265, 516.652943601049, 554.8852465775043], "shapeUOy": [157.45091814623476, 75.9762233287076, 82.58827351743604, 140.62516307140996, 207.41034372676418], "shapeLIx": [157.96409132083048, 275.09992070357237, 390.69055499853397, 476.956070788253, 508.35348388904276], "shapeLIy": [196.75463624723332, 377.8678131445805, 383.0263420881472, 311.28888543057747, 229.0319541665639], "shapeLOx": [182.4694319424944, 313.63636417590413, 462.5498699952137, 509.6177429834464, 544.5257870374985], "shapeLOy": [248.48847051776883, 367.2930961141076, 323.9755741094776, 270.16650564352324, 205.76326200119405], "pplXY": [[321.13296816046824, 71.54849831779644], [445.2589621155392, 218.60031338106586], [319.2068420477576, 397.20770007804083], [200.583829056945, 220.3062329676241]]}