{"shapeUIx": [159.79198369979778, 266.6803591822267, 376.89555144906524, 469.86678091304765, 528.7453452080224], "shapeUIy": [186.99596979829116, 125.3421723437787, 121.27517288672534, 164.6759695052426, 230.85286246124537], "shapeUOx": [163.0169699326089, 244.2412472441461, 366.4917776837061, 488.5036468476916, 550.2261813934026], "shapeUOy": [157.89036017837287, 93.29108691536402, 85.24356677566878, 137.25786226345036, 224.02786585956065], "shapeLIx": [159.79198369979778, 271.8977360743193, 380.0310230638055, 466.05180229359183, 528.7453452080224], "shapeLIy": [186.99596979829116, 352.6825051130105, 362.16493094623854, 309.17296983710247, 230.85286246124534], "shapeLOx": [166.26574308065886, 250.17318692655084, 358.76778878343276, 474.15348158131354, 548.6255826493795], "shapeLOy": [228.19060952339947, 338.0601607192367, 346.91394939048325, 295.05808158297003, 218.62456348693885], "pplXY": [[323.54221656039886, 86.84646319056003], [432.35582272714527, 226.50069849393452], [322.38353094545425, 381.5832261081713], [222.0550456484056, 227.02473130388816]]}