{"shapeUIx": [159.79198369916148, 266.6803591831459, 376.8955514501812, 469.86678091431514, 528.7453452080779], "shapeUIy": [186.9959697980777, 125.34217234400903, 121.27517288891033, 164.67596951023893, 230.85286246640894], "shapeUOx": [163.01696993123693, 244.24124724372783, 366.49177768572747, 488.5036468482569, 550.2261813908103], "shapeUOy": [157.8903601791495, 93.29108691614488, 85.24356677838816, 137.2578622675956, 224.02786586488133], "shapeLIx": [159.79198369916148, 271.89773607543805, 380.0310230637455, 466.0518022925263, 528.7453452080779], "shapeLIy": [186.9959697980777, 352.68250511436645, 362.1649309467589, 309.1729698398675, 230.8528624664089], "shapeLOx": [166.26574307693718, 250.1731869159117, 358.7677887740717, 474.1534815761047, 548.6255826473472], "shapeLOy": [228.1906095219137, 338.06016071840406, 346.913949394929, 295.05808158914726, 218.62456349246364], "pplXY": [[323.5422165601994, 86.84646319476153], [432.35582272666653, 226.50069849592873], [322.38353094590553, 381.5832261099016], [222.05504564866092, 227.02473130609292]]}