{"shapeUIx": [165.64408795411467, 254.6458037563662, 354.8115018155605, 461.3990897020691, 524.4030567541706], "shapeUIy": [170.039848067867, 124.35313397963542, 117.26301084527529, 164.6232788944291, 237.61801982047155], "shapeUOx": [188.83036399187327, 302.44291116678124, 399.13004094846156, 508.0272337347298, 577.3631136301625], "shapeUOy": [140.4437909080184, 72.56252347259513, 84.57133014389969, 147.92123408346725, 218.68896269962573], "shapeLIx": [165.64408795411467, 274.55861524199145, 360.4278415870715, 508.07104759835113, 524.4030567541706], "shapeLIy": [170.039848067867, 371.3813642371184, 402.85954902162416, 313.36462311656925, 237.61801982047155], "shapeLOx": [204.45704556339, 312.715195873252, 455.81865686036355, 527.2992405225375, 546.9283906449202], "shapeLOy": [300.3902795770508, 364.8740779379665, 334.67459471316744, 288.0970601627374, 236.16242768988369], "pplXY": [[327.0728330896713, 82.33778274362435], [440.5227351247403, 215.4963164630163], [319.6818189519818, 398.3282824365234], [207.6639464701308, 212.28842768836952]]}