{"shapeUIx": [190.0219148315861, 292.8619109928397, 385.9635146461102, 477.274423078865, 502.140769626727], "shapeUIy": [162.96057390914123, 121.81896872314788, 140.32986710193967, 214.1699882164325, 282.2122899561132], "shapeUOx": [197.20267069897622, 320.2376932611441, 422.0558046056796, 492.63072074845314, 525.6195961164151], "shapeUOy": [152.6142729990951, 88.53268424825285, 128.38947781621516, 192.04070053098047, 260.1353541788465], "shapeLIx": [190.0219148315861, 278.5193102091435, 348.5246471100284, 476.1076370031918, 502.140769626727], "shapeLIy": [162.96057390914123, 343.04977283152556, 378.7591516713044, 323.0583177331981, 282.2122899561132], "shapeLOx": [203.2715819718317, 271.97527697431394, 408.5942425373685, 481.3218013650215, 516.6961516015814], "shapeLOy": [248.6318713101116, 333.6162983294789, 337.0211300755113, 312.0451974992083, 268.29183949539504], "pplXY": [[326.7715289661246, 108.85640658095902], [429.5614424650015, 221.90343303617237], [321.4230033188925, 382.9917356035424], [221.2302735932604, 214.66667086038206]]}