{"shapeUIx": [158.79168218865533, 240.5130710483201, 344.679765495059, 436.97830252466656, 502.4950764248568], "shapeUIy": [218.00405968848796, 150.09827360201655, 116.68128953081687, 140.4126133998627, 202.29326024586555], "shapeUOx": [183.34304635089308, 282.01850574445245, 384.11951374456555, 508.0177153920172, 562.4051040102929], "shapeUOy": [173.52716409852798, 92.5282259498554, 83.23287763303765, 126.61986126874157, 174.91254696001954], "shapeLIx": [158.79168218865533, 269.67781549198696, 394.5423935379656, 477.6588115351245, 502.4950764248567], "shapeLIy": [218.00405968848796, 368.503289968137, 373.02794739186425, 292.14506449291395, 202.29326024586555], "shapeLOx": [187.97115536829295, 330.6012089019086, 487.15298388679855, 521.7364603515339, 549.0506700168606], "shapeLOy": [256.92124332424316, 363.7235870819793, 306.2583560819538, 245.4105514991853, 174.7619114706477], "pplXY": [[322.78110928860417, 69.58517874533224], [439.7442418000222, 214.49187469992157], [320.0222674605028, 380.92776364634267], [207.06765887275802, 218.17870984810446]]}