{"shapeUIx": [157.96409132083588, 252.15192552563008, 361.75931624415665, 457.80621136387725, 508.3534838890423], "shapeUIy": [196.7546362472351, 128.32912527108516, 108.46512991011903, 156.18679074193156, 229.03195416651997], "shapeUOx": [180.1679730278079, 286.8456317139056, 405.3251975845254, 516.6529436010442, 554.8852465775265], "shapeUOy": [157.45091814622816, 75.97622332870095, 82.58827351741287, 140.62516307137466, 207.41034372671888], "shapeLIx": [157.96409132083588, 275.0999207035628, 390.6905549985345, 476.9560707882621, 508.3534838890423], "shapeLIy": [196.7546362472351, 377.86781314456897, 383.02634208814277, 311.28888543055393, 229.03195416651997], "shapeLOx": [182.46943194252609, 313.6363641759947, 462.54986999529336, 509.61774298349076, 544.5257870375158], "shapeLOy": [248.48847051778148, 367.2930961141147, 323.9755741094397, 270.1665056434707, 205.76326200114704], "pplXY": [[321.13296816046994, 71.54849831776068], [445.2589621155433, 218.60031338104892], [319.2068420477538, 397.2077000780261], [200.58382905694282, 220.30623296760535]]}