{"shapeUIx": [159.7919837722593, 266.6803590775333, 376.8955513220536, 469.8667807687798, 528.7453452017105], "shapeUIy": [186.99596982280556, 125.34217231769362, 121.27517263802103, 164.67596893644665, 230.85286187339725], "shapeUOx": [163.01697008855646, 244.2412472914494, 366.49177745320395, 488.5036467832544, 550.2261816884786], "shapeUOy": [157.8903600905114, 93.29108682678057, 85.24356646615942, 137.25786179158663, 224.02786525402848], "shapeLIx": [159.7919837722593, 271.89773594674193, 380.03102307062886, 466.0518024148937, 528.7453452017105], "shapeLIy": [186.99596982280553, 352.68250495855966, 362.1649308869896, 309.17296952233767, 230.85286187339722], "shapeLOx": [166.26574350455132, 250.17318813810343, 358.76778984924954, 474.15348217434996, 548.6255828807095], "shapeLOy": [228.19060969265797, 338.0601608141327, 346.9139488843849, 295.05808087978926, 218.6245628581171], "pplXY": [[323.5422165830811, 86.8464627123897], [432.35582278160445, 226.50069826694386], [322.38353089405996, 381.5832259110797], [222.0550456193508, 227.02473105290102]]}