{"shapeUIx": [168.11172968162714, 253.72441702925147, 344.12419837691084, 422.42905607046134, 500.4825359591556], "shapeUIy": [219.99986114761577, 172.0487697564382, 152.6440376207306, 155.9561476507207, 195.63474991581072], "shapeUOx": [210.53276918558018, 296.5261868011064, 381.7105445318252, 474.7794387528761, 558.8001410756767], "shapeUOy": [157.50362090207867, 112.44825924959996, 110.83814569621158, 132.9130571930497, 169.2986655317698], "shapeLIx": [168.11172968162714, 273.04928891043085, 393.5232296497807, 465.8342269740691, 500.4825359591556], "shapeLIy": [219.99986114761577, 337.4555219437014, 341.2898659550743, 277.7276354269573, 195.63474991581072], "shapeLOx": [185.39589892627575, 292.4681321674002, 431.2376675326653, 503.00009368277324, 547.6663909602291], "shapeLOy": [254.82299960851682, 323.6662870129364, 296.73312553601465, 243.028918816668, 171.49335304128687], "pplXY": [[325.15569817921994, 95.78860724594283], [427.5230896208358, 218.20882013253646], [325.38823824997, 351.49262208989984], [225.26373950010094, 222.70829334836753]]}