{"shapeUIx": [165.6440972638826, 254.6457909542449, 354.8114832181297, 461.399068910879, 524.40305560626], "shapeUIy": [170.0398449251968, 124.35312621776015, 117.26297509940146, 164.623200068232, 237.61793868780347], "shapeUOx": [188.83039308396036, 302.44292748408805, 399.1300208484413, 508.0272274297258, 577.3631554960683], "shapeUOy": [140.44376174383592, 72.56250165577522, 84.57128504032084, 147.92116738826633, 218.68887292998573], "shapeLIx": [165.64409726388257, 274.5586042614359, 360.42784270359346, 508.07106443470946, 524.40305560626], "shapeLIy": [170.03984492519683, 371.38134534932453, 402.85954106985184, 313.36457892549134, 237.61793868780347], "shapeLOx": [204.45709794885389, 312.7153526776945, 455.818800691863, 527.2993214562086, 546.9284237920583], "shapeLOy": [300.39029941939566, 364.87408789097015, 334.6745242576507, 288.09696106269314, 236.1623364218743], "pplXY": [[327.07283708564364, 82.33771210344734], [440.52274408281573, 215.49628394544249], [319.6818126388846, 398.32825844128496], [207.6639420856086, 212.28839259337627]]}