{"shapeUIx": [158.79168043942133, 240.51307357282764, 344.6797685711428, 436.97830601722296, 502.49507657868907], "shapeUIy": [218.0040591242253, 150.09827425101548, 116.68129555123042, 140.41262715598774, 202.29327446131455], "shapeUOx": [183.34304254663374, 282.01850455772933, 384.1195192673356, 508.0177169389137, 562.4050968697222], "shapeUOy": [173.52716629776427, 92.52822813396335, 83.23288512808436, 126.6198726863056, 174.91256163022646], "shapeLIx": [158.79168043942133, 269.67781854808266, 394.5423933721942, 477.6588086013764, 502.49507657868907], "shapeLIy": [218.0040591242253, 368.50329369245753, 373.02794882365083, 292.1450721078845, 202.29327446131458], "shapeLOx": [187.97114514447608, 330.6011796495944, 487.15295812742016, 521.7364460146616, 549.0506644174584], "shapeLOy": [256.92123924660626, 363.72358480095943, 306.2583683231335, 245.41056851257144, 174.76192669653895], "pplXY": [[322.78110873631215, 69.58519032882744], [439.74424047677684, 214.49188019423997], [320.02226869990943, 380.9277683984065], [207.0676595769995, 218.178715919488]]}