{"shapeUIx": [178.76590343757806, 271.27451022278086, 358.41662736940987, 454.7056120848183, 512.3773891173296], "shapeUIy": [169.03569855993317, 137.66228384881697, 143.2106244615979, 194.3485426445198, 263.79771688332414], "shapeUOx": [218.27945131622332, 316.1864117683878, 407.9970765243864, 488.1375878214092, 558.7341244028323], "shapeUOy": [111.19616035191538, 84.76129800623082, 113.25472269639172, 171.65948842324727, 237.0744889002205], "shapeLIx": [178.76590343757806, 294.12640906873827, 379.00130838575285, 487.1764679558506, 512.3773891173296], "shapeLIy": [169.03569855993317, 355.60739541397925, 371.4402096595905, 312.83578295271985, 263.79771688332414], "shapeLOx": [199.0634838413059, 294.26220972546446, 420.12282207188565, 497.7720382850982, 537.0693296552085], "shapeLOy": [255.79352012657264, 333.9383412863605, 322.2985975668712, 292.7698514305429, 251.39196539880328], "pplXY": [[328.6957204907461, 85.29837745258672], [441.34480733557257, 216.49211434420477], [323.98233236338126, 382.1473962698679], [215.27113632879613, 213.71729302850252]]}