{"shapeUIx": [151.78412896344605, 222.5573802458117, 327.7549208513034, 407.79133399392157, 492.0539498943679], "shapeUIy": [252.2384351055238, 181.212974827035, 137.48051799903095, 137.33681265507528, 186.2993307357305], "shapeUOx": [158.91442786997126, 241.19007864724426, 332.27295585713836, 477.503396218499, 548.0077871341252], "shapeUOy": [225.46696751826613, 133.8400278166958, 100.46057829463138, 127.26594642261875, 173.31633231708764], "shapeLIx": [151.78412896344605, 256.09987605673757, 396.4691795168468, 461.1855474026891, 492.0539498943679], "shapeLIy": [252.23843510552382, 356.9289018049277, 357.46309069563506, 281.3943732332533, 186.2993307357305], "shapeLOx": [183.28666809078436, 318.5893800734767, 467.11988523653673, 505.5495312892293, 541.4608890112515], "shapeLOy": [272.1444088791126, 354.87251831485577, 304.2665200146065, 246.71927270241412, 169.14343460072794], "pplXY": [[317.8295882322982, 104.430449081129], [417.2098444368642, 224.04132590675613], [318.40323724015786, 354.6299793290844], [220.24149615438364, 229.33811158313546]]}