{"shapeUIx": [164.095130509357, 276.7651291200645, 389.56079537347887, 499.1443878324525, 546.2742525276111], "shapeUIy": [174.042751842668, 130.84287470734697, 138.06788007601645, 194.97558933426257, 259.448677071329], "shapeUOx": [177.72387916337937, 278.51256345151535, 399.20952757690367, 513.9601979333452, 580.8128549754767], "shapeUOy": [155.8618217472799, 99.69794249215606, 103.16744678212498, 164.64193199291412, 247.36471031011297], "shapeLIx": [164.095130509357, 267.1549109788765, 359.81128170969413, 501.5614722475051, 546.2742525276111], "shapeLIy": [174.042751842668, 350.8645635160104, 377.8562780371478, 322.2043871727018, 259.448677071329], "shapeLOx": [187.35328024211185, 263.6554105859028, 379.9523530190663, 505.71993252796665, 552.892103634045], "shapeLOy": [262.00163853125514, 341.68003245679614, 354.51807795629236, 314.8739541656372, 258.87175510904024], "pplXY": [[330.0737800450362, 94.64711361797086], [446.7291606610605, 219.73083292897223], [324.8106432013388, 391.42825699169833], [212.79583570981305, 216.88825323885294]]}