{"shapeUIx": [168.11172967835222, 253.72441703398044, 344.12419838266067, 422.42905607699095, 500.48253595944226], "shapeUIy": [219.99986114653402, 172.04876975763548, 152.64403763198666, 155.95614767645162, 195.6347499424021], "shapeUOx": [210.53276917849433, 296.5261867989259, 381.7105445422032, 474.7794387557801, 558.8001410623242], "shapeUOy": [157.503620906124, 112.44825925364698, 110.83814571022222, 132.91305721440105, 169.298665559187], "shapeLIx": [168.11172967835222, 273.0492889161743, 393.5232296494713, 465.8342269685816, 500.48253595944226], "shapeLIy": [219.99986114653402, 337.45552195067785, 341.2898659577535, 277.72763544119886, 195.6347499424021], "shapeLOx": [185.39589890712642, 292.4681321126389, 431.2376674844666, 503.000093655951, 547.6663909497598], "shapeLOy": [254.82299960087508, 323.66628700865687, 296.73312555891056, 243.02891884848503, 171.49335306975036], "pplXY": [[325.1556981781903, 95.78860726759225], [427.5230896183663, 218.20882014280937], [325.3882382522916, 351.492622098802], [225.26373950141678, 222.70829335972286]]}