{"shapeUIx": [159.79198369908846, 266.6803591832513, 376.8955514503092, 469.86678091446055, 528.7453452080842], "shapeUIy": [186.99596979805324, 125.34217234403548, 121.27517288916104, 164.6759695108122, 230.8528624670014], "shapeUOx": [163.01696993107947, 244.2412472436798, 366.4917776859594, 488.50364684832175, 550.2261813905128], "shapeUOy": [157.89036017923866, 93.29108691623449, 85.24356677870017, 137.25786226807122, 224.02786586549183], "shapeLIx": [159.7919836990885, 271.89773607556634, 380.03102306373864, 466.05180229240403, 528.7453452080842], "shapeLIy": [186.9959697980532, 352.68250511452203, 362.1649309468186, 309.17296984018475, 230.8528624670014], "shapeLOx": [166.2657430765102, 250.1731869146911, 358.7677887729977, 474.153481575507, 548.625582647114], "shapeLOy": [228.19060952174328, 338.0601607183085, 346.91394939543903, 295.058081589856, 218.62456349309755], "pplXY": [[323.5422165601765, 86.84646319524362], [432.35582272661156, 226.50069849615753], [322.38353094595726, 381.58322611010016], [222.0550456486902, 227.0247313063459]]}