{"shapeUIx": [178.76590340809983, 271.27451026538336, 358.41662742103733, 454.7056121434663, 512.3773891198911], "shapeUIy": [169.03569854984357, 137.66228385934676, 143.21062456270317, 194.34854287580558, 263.79771712236317], "shapeUOx": [218.2794512529503, 316.18641174933447, 407.99707661833406, 488.1375878476598, 558.7341242828655], "shapeUOy": [111.19616038732633, 84.76129804207373, 113.25472282220441, 171.65948861509392, 237.07448914633534], "shapeLIx": [178.76590340809983, 294.1264091207387, 379.0013083829815, 487.1764679065269, 512.3773891198911], "shapeLIy": [169.03569854984357, 355.6073954768293, 371.44020968368727, 312.8357830807001, 263.79771712236317], "shapeLOx": [199.06348366882293, 294.2622092326122, 420.1228216384272, 497.7720380439323, 537.0693295611646], "shapeLOy": [255.79352005768095, 333.93834124771416, 322.2985977726569, 292.7698517164421, 251.3919656544203], "pplXY": [[328.6957204815388, 85.29837764694085], [441.3448073134544, 216.49211443648483], [323.9823323842944, 382.1473963500717], [215.27113634060387, 213.71729313055408]]}