{"shapeUIx": [165.6440972638502, 254.64579095429167, 354.8114832181866, 461.3990689109436, 524.4030556062628], "shapeUIy": [170.0398449251861, 124.35312621777197, 117.2629750995128, 164.6232000684865, 237.61793868806643], "shapeUOx": [188.83039308389033, 302.4429274840665, 399.13002084854395, 508.0272274297546, 577.3631554959363], "shapeUOy": [140.44376174387588, 72.56250165581524, 84.57128504045946, 147.9211673884775, 218.6888729302569], "shapeLIx": [165.6440972638502, 274.5586042614927, 360.4278427035904, 508.07106443465517, 524.4030556062628], "shapeLIy": [170.03984492518612, 371.3813453493935, 402.85954106987833, 313.3645789256322, 237.61793868806643], "shapeLOx": [204.45709794866445, 312.71535267715285, 455.81880069138623, 527.2993214559434, 546.9284237919547], "shapeLOy": [300.39029941932006, 364.87408789092785, 334.6745242578771, 288.0969610630078, 236.16233642215585], "pplXY": [[327.07283708563347, 82.33771210366149], [440.5227440827913, 215.49628394554406], [319.68181263890756, 398.32825844137295], [207.6639420856216, 212.28839259348857]]}