{"shapeUIx": [165.6435106358632, 254.64614422376567, 354.8139430960319, 461.4016178402405, 524.4033299602017], "shapeUIy": [170.043858408367, 124.35627761679002, 117.26740258576672, 164.63128592054878, 237.626019717907], "shapeUOx": [188.82322942795608, 302.43580284068605, 399.1255014087766, 508.02640181748893, 577.3583059968289], "shapeUOy": [140.4562392152183, 72.57008062810482, 84.57716364111147, 147.92871018800648, 218.70127261906933], "shapeLIx": [165.6435106358632, 274.5559925699961, 360.42764661165336, 508.06928914162984, 524.4033299602017], "shapeLIy": [170.04385840836702, 371.38186991404757, 402.86017154722, 313.3694021171098, 237.62601971790696], "shapeLOx": [204.45515969335776, 312.7052282485172, 455.8060398591062, 527.2916521101725, 546.9244221830498], "shapeLOy": [300.3902643957973, 364.8748010229428, 334.68196137570703, 288.1080537183973, 236.17392181718702], "pplXY": [[327.0719489121284, 82.34746633132693], [440.52101280600743, 215.50023711807822], [319.68202354603363, 398.3288531258149], [207.66461328140053, 212.2922111353999]]}