{"shapeUIx": [165.6440972638892, 254.64579095423537, 354.8114832181181, 461.3990689108658, 524.4030556062593], "shapeUIy": [170.039844925199, 124.35312621775775, 117.26297509937876, 164.62320006818013, 237.61793868774984], "shapeUOx": [188.83039308397466, 302.4429274840924, 399.1300208484203, 508.02722742972, 577.3631554960953], "shapeUOy": [140.44376174382782, 72.5625016557671, 84.57128504029262, 147.9211673882233, 218.68887292993048], "shapeLIx": [165.6440972638892, 274.5586042614243, 360.4278427035941, 508.0710644347205, 524.4030556062593], "shapeLIy": [170.039844925199, 371.38134534931044, 402.85954106984644, 313.36457892546264, 237.61793868774984], "shapeLOx": [204.45709794889248, 312.7153526778049, 455.8188006919601, 527.2993214562628, 546.9284237920795], "shapeLOy": [300.39029941941106, 364.8740878909788, 334.6745242576045, 288.096961062629, 236.16233642181697], "pplXY": [[327.07283708564574, 82.33771210340373], [440.5227440828206, 215.49628394542174], [319.68181263887993, 398.328258441267], [207.66394208560595, 212.28839259335336]]}