{"shapeUIx": [174.42711860735326, 262.5552515818959, 356.8216524984224, 449.33173571988027, 513.392669263076], "shapeUIy": [191.92931356049436, 154.04884389423017, 148.48999492205508, 182.92401113849624, 242.66401151749878], "shapeUOx": [203.9288979916728, 294.97234693852084, 382.87946099440285, 481.80989899064036, 562.8852612244716], "shapeUOy": [148.6164357752752, 107.76974284311822, 115.38008650826751, 161.65010968285685, 225.68856372761806], "shapeLIx": [174.42711860735326, 276.5364564970092, 381.4850229312606, 484.7570301717163, 513.392669263076], "shapeLIy": [191.92931356049436, 345.7262755347583, 362.4617055937276, 303.16246607210667, 242.66401151749878], "shapeLOx": [204.73694043849838, 312.12993177538596, 429.91128089670076, 505.19515166780195, 541.3233231021246], "shapeLOy": [265.3802823402551, 335.40799857157646, 315.53205732062355, 281.1830363926475, 235.30162533257135], "pplXY": [[326.8691243591655, 94.97774217039375], [436.2006113544403, 217.4264039280428], [323.1674767196788, 368.0649510788929], [217.77990722729837, 215.42156993001748]]}