{"shapeUIx": [178.76590340476284, 271.2745102702044, 358.4166274268873, 454.70561215011094, 512.3773891201819], "shapeUIy": [169.0356985487171, 137.66228386054976, 143.21062457415795, 194.34854290200192, 263.79771714943683], "shapeUOx": [218.27945124576507, 316.186411747152, 407.99707662894536, 488.13758785062646, 558.7341242692753], "shapeUOy": [111.19616039137959, 84.76129804615724, 113.25472283645999, 171.65948863682647, 237.0744891742259], "shapeLIx": [178.76590340476284, 294.1264091266117, 379.00130838266716, 487.17646790094034, 512.3773891201819], "shapeLIy": [169.0356985487171, 355.6073954839417, 371.4402096864159, 312.83578309519703, 263.79771714943683], "shapeLOx": [199.06348364930275, 294.2622091768175, 420.12282158934175, 497.77203801662006, 537.06932955051], "shapeLOy": [255.79352004988704, 333.9383412433449, 322.29859779596575, 292.7698517488283, 251.39196568338284], "pplXY": [[328.69572048049383, 85.29837766896506], [441.3448073109456, 216.49211444693952], [323.98233238666114, 382.1473963591476], [215.27113634194217, 213.71729314211362]]}