{"shapeUIx": [158.7916821898247, 240.513071046631, 344.67976549300755, 436.9783025223366, 502.49507642475464], "shapeUIy": [218.00405968887895, 150.09827360159235, 116.6812895268004, 140.41261339067904, 202.29326023637452], "shapeUOx": [183.3430463534164, 282.0185057452233, 384.11951374085254, 508.0177153909787, 562.4051040150579], "shapeUOy": [173.52716409709697, 92.52822594841817, 83.23287762803875, 126.61986126112201, 174.91254695023846], "shapeLIx": [158.7916821898247, 269.67781548993196, 394.5423935380759, 477.65881153708307, 502.49507642475464], "shapeLIy": [218.00405968887895, 368.5032899656451, 373.0279473909078, 292.1450644878314, 202.29326023637452], "shapeLOx": [187.97115537513235, 330.60120892146193, 487.1529839040042, 521.736460361108, 549.0506700205965], "shapeLOy": [256.9212433269734, 363.72358708350913, 306.25835607378224, 245.41055148783067, 174.76191146049186], "pplXY": [[322.781109288971, 69.58517873760862], [439.74424180090256, 214.49187469625585], [320.02226745967357, 380.92776364316285], [207.06765887228863, 218.17870984405187]]}