{"shapeUIx": [151.78761398550785, 222.55221174667608, 327.7490501276853, 407.7846214476141, 492.0536904004892], "shapeUIy": [252.2404382055766, 181.212281803157, 137.46896056358892, 137.3099903271718, 186.2715586675402], "shapeUOx": [158.92081310061616, 241.19105091050898, 332.2605851786237, 477.500030331859, 548.0215741215087], "shapeUOy": [225.46498904619844, 133.83706481122195, 100.44626286439214, 127.24385517853015, 173.28850767107735], "shapeLIx": [151.78761398550785, 256.0930132164909, 396.46948795774455, 461.1912542897805, 492.0536904004892], "shapeLIy": [252.2404382055766, 356.9213152023186, 357.46026255214827, 281.37960356372764, 186.2715586675402], "shapeLOx": [183.3074146420693, 318.6478330071418, 467.17057729434975, 505.577629352703, 541.4716606278673], "shapeLOy": [272.1528481310612, 354.8773955390466, 304.2427190782394, 246.68633935104444, 169.1142918579321], "pplXY": [[317.83054622091464, 104.40847907590197], [417.2122258559017, 224.03076933177258], [318.4007140776433, 354.62027188305603], [220.2401728368261, 229.3263358447241]]}