{"shapeUIx": [158.00781818590295, 252.11478517945062, 361.9976323656752, 457.95283471097446, 508.36042548923194], "shapeUIy": [197.50098358613934, 128.902086820964, 108.93794896207268, 156.65294543308096, 229.3336926052022], "shapeUOx": [179.3501074722283, 285.8720146054524, 404.2994631783542, 516.3354471717946, 554.5165416019719], "shapeUOy": [159.34722622595646, 77.14734471316585, 83.17439987338028, 141.10688220485093, 208.35596205834577], "shapeLIx": [158.00781818590295, 274.451228218467, 390.6691211165814, 476.7903579758993, 508.36042548923194], "shapeLIy": [197.50098358613937, 377.5728400468591, 382.8940905880678, 311.4911194566763, 229.3336926052022], "shapeLOx": [182.75640111112492, 313.6578112457612, 461.94184605001027, 509.22037361789717, 544.2257570581969], "shapeLOy": [248.69844656515747, 367.39899678645867, 324.34660204555223, 270.81344507838213, 206.5309753253116], "pplXY": [[321.0322122163782, 72.50838390449071], [445.01543362707616, 218.9036142513311], [319.19046524093244, 396.87812835868925], [200.71434902138873, 220.56387059074945]]}