{"shapeUIx": [168.1117295990495, 253.72441714842816, 344.12419852212616, 422.42905623533744, 500.48253596641763], "shapeUIy": [219.9998611209779, 172.04876978707588, 152.6440379049414, 155.956148300118, 195.63475058689173], "shapeUOx": [210.53276900598948, 296.52618674508415, 381.7105447925438, 474.7794388259019, 558.8001407385857], "shapeUOy": [157.50362100589925, 112.44825935270669, 110.83814605003666, 132.91305773204846, 169.29866622431877], "shapeLIx": [168.1117295990495, 273.04928905470285, 393.523229641955, 465.8342268355731, 500.48253596641763], "shapeLIy": [219.9998611209779, 337.4555221195187, 341.2898660226659, 277.7276357864438, 195.63475058689173], "shapeLOx": [185.39589844363095, 292.4681307864605, 431.23766631661994, 503.00009300596, 547.6663906958934], "shapeLOy": [254.8229994160202, 323.6662869052542, 296.73312611389457, 243.0289196198336, 171.49335376006852], "pplXY": [[325.15569815314745, 95.78860779277474], [427.52308955836827, 218.20882039191147], [325.3882383084798, 351.4926223142348], [225.2637395333467, 222.7082936349846]]}