{"shapeUIx": [151.78761398551185, 222.5522117466703, 327.7490501276783, 407.7846214476061, 492.0536904004888], "shapeUIy": [252.2404382055779, 181.21228180315555, 137.4689605635752, 137.30999032714038, 186.27155866750778], "shapeUOx": [158.9208131006248, 241.19105091051165, 332.260585178611, 477.5000303318555, 548.021574121525], "shapeUOy": [225.46498904619352, 133.83706481121703, 100.44626286437504, 127.2438551785041, 173.28850767104393], "shapeLIx": [151.78761398551185, 256.0930132164839, 396.46948795774495, 461.19125428978714, 492.0536904004888], "shapeLIy": [252.2404382055779, 356.92131520231015, 357.460262552145, 281.37960356371025, 186.27155866750778], "shapeLOx": [183.30741464209268, 318.64783300720865, 467.1705772944086, 505.57762935273576, 541.47166062788], "shapeLOy": [272.1528481310705, 354.8773955390518, 304.2427190782115, 246.68633935100564, 169.1142918578974], "pplXY": [[317.83054622091583, 104.40847907587553], [417.21222585590465, 224.03076933176007], [318.40071407764043, 354.6202718830451], [220.2401728368245, 229.32633584471023]]}