{"shapeUIx": [151.78761398551177, 222.55221174667045, 327.7490501276784, 407.7846214476063, 492.0536904004888], "shapeUIy": [252.2404382055779, 181.21228180315558, 137.46896056357548, 137.30999032714107, 186.2715586675085], "shapeUOx": [158.92081310062457, 241.19105091051156, 332.2605851786113, 477.50003033185556, 548.0215741215246], "shapeUOy": [225.46498904619366, 133.83706481121715, 100.44626286437543, 127.24385517850467, 173.28850767104464], "shapeLIx": [151.78761398551177, 256.093013216484, 396.46948795774495, 461.191254289787, 492.0536904004888], "shapeLIy": [252.2404382055779, 356.9213152023103, 357.4602625521451, 281.37960356371065, 186.2715586675085], "shapeLOx": [183.30741464209217, 318.64783300720717, 467.1705772944073, 505.577629352735, 541.4716606278798], "shapeLOy": [272.1528481310703, 354.8773955390517, 304.2427190782121, 246.68633935100647, 169.11429185789817], "pplXY": [[317.83054622091583, 104.4084790758761], [417.21222585590465, 224.03076933176035], [318.4007140776405, 354.62027188304535], [220.24017283682457, 229.32633584471054]]}