{"shapeUIx": [158.7554796569568, 240.56491238215284, 344.75893518901074, 437.06576050670583, 502.5002191091497], "shapeUIy": [218.0261174935302, 150.13659288442045, 116.83160603506977, 140.73832065736497, 202.62693723823426], "shapeUOx": [183.21380892238915, 281.9388427153753, 384.18631283195106, 508.0392312113954, 562.2309390852596], "shapeUOy": [173.67159131282506, 92.63241432838552, 83.42308452288978, 126.89687344113898, 175.29063908626657], "shapeLIx": [158.7554796569568, 269.71301012267696, 394.5370639200417, 477.589174598066, 502.50021910914967], "shapeLIy": [218.02611749353022, 368.57557416120295, 373.0591034412038, 292.3273806695517, 202.62693723823426], "shapeLOx": [187.76516759124368, 329.97029456950395, 486.56436795314085, 521.404364968353, 548.9123696821491], "shapeLOy": [256.8440393636405, 363.6856648988761, 306.54860322729223, 245.8208963212593, 175.14360743709545], "pplXY": [[322.7636725429347, 69.8832669493457], [439.70518603817334, 214.62732168846134], [320.0474121242062, 381.02080210609694], [207.08691722916086, 218.3235962603798]]}