{"shapeUIx": [190.11116851875786, 292.69949353858055, 385.81983686278573, 477.10347141859774, 502.14123309141496], "shapeUIy": [163.10407712091683, 121.85916340376134, 140.04709163027036, 213.4601209043552, 281.46377699466365], "shapeUOx": [197.2712605245692, 320.13491668952065, 421.5858765670784, 492.51165492560114, 525.9720286237032], "shapeUOy": [152.77724467114285, 88.57580685098318, 128.0390032139512, 191.466877500463, 259.4598927541629], "shapeLIx": [190.11116851875786, 278.2540742628277, 348.5339757583512, 476.2528534153431, 502.14123309141496], "shapeLIy": [163.10407712091683, 342.8206495672255, 378.6761480827252, 322.67201752503723, 281.46377699466365], "shapeLOx": [203.87248928787147, 273.6070970390334, 409.94500518569595, 482.0665931795282, 516.9701618436955], "shapeLOy": [248.89842475655777, 333.7785717150231, 336.40735387128075, 311.2001773750776, 267.55934056455567], "pplXY": [[326.7853203062783, 108.34381731247586], [429.60277729990156, 221.64400246862215], [321.3490369858122, 382.69494305706667], [221.2024173479562, 214.3698880833967]]}