{"shapeUIx": [158.79168201155045, 240.51307130405706, 344.679765806013, 436.978302877792, 502.4950764403599], "shapeUIy": [218.00405963000804, 150.0982736667791, 116.68129013954974, 140.41261479139007, 202.29326168392754], "shapeUOx": [183.3430459676681, 282.0185056264984, 384.11951430577034, 508.0177155490593, 562.4051032881835], "shapeUOy": [173.52716431735615, 92.52822616874889, 83.23287839073987, 126.61986242342775, 174.91254844275775], "shapeLIx": [158.79168201155045, 269.67781580256764, 394.5423935212334, 477.6588112383609, 502.4950764403599], "shapeLIy": [218.00405963000804, 368.50329034541716, 373.0279475367546, 292.14506526309873, 202.29326168392754], "shapeLOx": [187.9711543327184, 330.60120594045236, 487.1529812802257, 521.7364589009907, 549.0506694506759], "shapeLOy": [256.9212429109874, 363.7235868505526, 306.25835732016674, 245.41055321985405, 174.76191300996769], "pplXY": [[322.78110923291865, 69.58517991614697], [439.74424166646895, 214.49187525548328], [320.02226758605104, 380.9277641277581], [207.06765894392043, 218.17871046220088]]}