{"shapeUIx": [190.0218544938001, 292.8619984578166, 385.96361940504914, 477.2745422171323, 502.1407747327029], "shapeUIy": [162.96055072359357, 121.81898850150344, 140.33007252890982, 214.17045932502984, 282.2127769927917], "shapeUOx": [197.20254483085097, 320.2376583831828, 422.0560007367283, 492.6307752741004, 525.619352145718], "shapeUOy": [152.61433828732115, 88.53275341553639, 128.38973319603787, 192.04109078219344, 260.13585313746785], "shapeLIx": [190.0218544938001, 278.51941882736037, 348.52464153377673, 476.10753654566236, 502.1407747327029], "shapeLIy": [162.96055072359357, 343.04990186448396, 378.7592008589231, 323.0585781880629, 282.2127769927917], "shapeLOx": [203.27122808218465, 271.97426861675456, 408.5933580671697, 481.32130962911634, 516.6959604797947], "shapeLOy": [248.6317295287857, 333.61621832297067, 337.0215491121865, 312.0457791848018, 268.29235850556563], "pplXY": [[326.7715105549716, 108.85680070064184], [429.56139798039584, 221.90362057475468], [321.4230462426764, 382.99190030684963], [221.23029750018821, 214.66687860324768]]}