{"shapeUIx": [178.7660285664191, 271.27432667242726, 358.41641756150665, 454.7053723777507, 512.3773796527819], "shapeUIy": [169.03576729608932, 137.66225729242737, 143.21021081009445, 194.34758432001917, 263.7967250390077], "shapeUOx": [218.27968267407135, 316.1864505144441, 407.9966385241559, 488.1374682676768, 558.7346174881336], "shapeUOy": [111.19608355837917, 84.76118876163248, 113.25421048629724, 171.65869885568947, 237.07349319813935], "shapeLIx": [178.7660285664191, 294.1261660250395, 379.00131916689253, 487.17667221720615, 512.3773796527819], "shapeLIy": [169.03576729608932, 355.60712464324763, 371.44010874186733, 312.8352550143912, 263.7967250390077], "shapeLOx": [199.06422463313018, 294.26429739143816, 420.12463393304427, 497.773042670936, 537.0697148570029], "shapeLOy": [255.79382044966127, 333.9385145683544, 322.29774624944747, 292.76867362870064, 251.39092320526169], "pplXY": [[328.6957551319007, 85.29759018088865], [441.34489317170045, 216.49173636397842], [323.98224238693035, 382.1470503014445], [215.2710888822168, 213.71687149037695]]}