{"shapeUIx": [165.64409726386612, 254.64579095426865, 354.8114832181586, 461.39906891091186, 524.4030556062614], "shapeUIy": [170.03984492519135, 124.35312621776616, 117.26297509945807, 164.62320006836137, 237.61793868793717], "shapeUOx": [188.83039308392478, 302.44292748407713, 399.1300208484935, 508.0272274297405, 577.3631554960012], "shapeUOy": [140.44376174385624, 72.56250165579557, 84.57128504039129, 147.92116738837368, 218.68887293012358], "shapeLIx": [165.64409726386612, 274.5586042614648, 360.42784270359186, 508.07106443468183, 524.4030556062614], "shapeLIy": [170.03984492519135, 371.38134534935955, 402.8595410698653, 313.36457892556297, 237.61793868793717], "shapeLOx": [204.4570979487576, 312.7153526774191, 455.8188006916206, 527.2993214560738, 546.9284237920057], "shapeLOy": [300.39029941935723, 364.87408789094866, 334.6745242577658, 288.0969610628531, 236.1623364220174], "pplXY": [[327.07283708563847, 82.33771210355619], [440.5227440828033, 215.4962839454941], [319.6818126388963, 398.3282584413297], [207.6639420856152, 212.28839259343334]]}