{"shapeUIx": [159.82066698663533, 266.6375374243455, 376.85237609603075, 469.81629194633524, 528.7428803037485], "shapeUIy": [187.02470540304168, 125.34577682040299, 121.19009008179482, 164.47185711083958, 230.64102768110197], "shapeUOx": [163.05116728267555, 244.22949467883933, 366.37285176553246, 488.4717057773499, 550.3284162130265], "shapeUOy": [157.90992945245728, 93.28837579204135, 85.13978191489812, 137.09291375736862, 223.82816921229133], "shapeLIx": [159.82066698663533, 271.8320280629449, 380.0331534796162, 466.0948781272441, 528.7428803037485], "shapeLIy": [187.02470540304168, 352.61928642021024, 362.1426297509658, 309.0614442526007, 230.64102768110197], "shapeLOx": [166.4378912940208, 250.64353491241178, 359.16399687860314, 474.3703343859221, 548.7047742811837], "shapeLOy": [228.2622048095487, 338.10369069280847, 346.732154767775, 294.81006427216465, 218.41133425190665], "pplXY": [[323.5477026932116, 86.6879380109228], [432.37083077435756, 226.42219990885513], [322.3625026983937, 381.50177822974285], [222.04576449300075, 226.9352643759356]]}