{"shapeUIx": [158.68207405631426, 240.7204537456335, 345.03387035843696, 437.3513370291695, 502.5199476645704], "shapeUIy": [218.20092042328457, 150.33264100802162, 117.32751790493357, 141.72603429613068, 203.60925973484558], "shapeUOx": [182.72954109306346, 281.56687560977537, 384.2014408511284, 508.0428891407907, 561.6910931564369], "shapeUOy": [174.392289425962, 93.12116494033245, 84.05339683542425, 127.75036574776482, 176.51044173539475], "shapeLIx": [158.68207405631426, 269.69280952498286, 394.5092600410562, 477.3760276593657, 502.5199476645704], "shapeLIy": [218.20092042328457, 368.70648959852514, 373.11964497864136, 292.8662137644922, 203.60925973484558], "shapeLOx": [187.2762701656586, 328.2697597749144, 484.84962902234486, 520.4301641526528, 548.4792733621476], "shapeLOy": [256.6642485468765, 363.5954951864134, 307.4049806218506, 247.06102564493958, 176.34243920358222], "pplXY": [[322.7020570063516, 70.86245033618717], [439.56170596895834, 215.04720796307933], [320.11435319593477, 381.21631442551836], [207.16434023950774, 218.7567538210241]]}