{"shapeUIx": [190.02185386491172, 292.8619993666882, 385.9636205065059, 477.2745434683631, 502.14077478735453], "shapeUIy": [162.9605505084444, 121.81898872621798, 140.33007468595216, 214.17046425937582, 282.2127820925426], "shapeUOx": [197.2025434808367, 320.2376579765325, 422.0560027408536, 492.63077583409614, 525.6193495862814], "shapeUOy": [152.61433904306966, 88.53275418037843, 128.38973588021383, 192.0410948751499, 260.13585838827777], "shapeLIx": [190.02185386491172, 278.51941993664946, 348.5246414746487, 476.1075354933696, 502.14077478735453], "shapeLIy": [162.9605505084444, 343.0499032053122, 378.75920137300966, 323.0585809184539, 282.2127820925426], "shapeLOx": [203.27122440246677, 271.9742581022242, 408.5933488196546, 481.3213044840054, 516.6959584734043], "shapeLOy": [248.6317280590818, 333.61621749852475, 337.0215535025074, 312.0457852843195, 268.2923639590716], "pplXY": [[326.7715103585257, 108.85680484714335], [429.5613975084945, 221.90362254351325], [321.423046688834, 382.99190201789537], [221.23029775210475, 214.6668807804619]]}