{"shapeUIx": [164.0951337486814, 276.7651244357701, 389.5607897100021, 499.14438139741077, 546.2742522475711], "shapeUIy": [174.04275297836938, 130.84287356915294, 138.06786898199127, 194.97556394332383, 259.44865082781104], "shapeUOx": [177.7238860775158, 278.5125655013509, 399.20951721234957, 513.9601950402554, 580.8128681414528], "shapeUOy": [155.8618179326825, 99.69793859819359, 103.16743297968144, 164.64191093726672, 247.36468331634268], "shapeLIx": [164.0951337486814, 267.1549052414449, 359.81128201320297, 501.56147766223813, 546.2742522475711], "shapeLIy": [174.04275297836944, 350.86455660542686, 377.8562753906568, 322.20437312527145, 259.44865082781104], "shapeLOx": [187.35329920489298, 263.6554647397249, 379.95240062152465, 505.7199590089446, 552.892113953673], "shapeLOy": [262.00164610980374, 341.68003671319127, 354.5180553661459, 314.8739227862185, 258.87172706468334], "pplXY": [[330.07378105217003, 94.64709230019739], [446.7291630831821, 219.7308228028499], [324.81064090197594, 391.42824817255587], [212.79583441507367, 216.88824203679124]]}