{"shapeUIx": [151.7876049551508, 222.55222480870057, 327.7490659041529, 407.7846393751262, 492.053691179375], "shapeUIy": [252.24043500674216, 181.21228495318064, 137.46899147116747, 137.3100610807713, 186.27163179868643], "shapeUOx": [158.92079387294737, 241.19104524944132, 332.26061412188426, 477.5000384073026, 548.021537438666], "shapeUOy": [225.46499958725514, 133.83707561227766, 100.44630131434238, 127.24391384478322, 173.28858286060776], "shapeLIx": [151.7876049551508, 256.0930292391724, 396.46948711287854, 461.1912392013998, 492.053691179375], "shapeLIy": [252.24043500674216, 356.9213344722329, 357.46026992813734, 281.37964270488936, 186.2716317986864], "shapeLOx": [183.30736176794943, 318.64768204619025, 467.17044462682554, 505.5775555551707, 541.4716318771656], "shapeLOy": [272.15282699407646, 354.87738366165274, 304.24278202550056, 246.68642678330906, 169.1143699840124], "pplXY": [[317.8305434189138, 104.4085384564892], [417.21221911385703, 224.03079754334976], [318.40072048918137, 354.6202964754772], [220.24017644283336, 229.32636705836165]]}