{"shapeUIx": [158.79064860067433, 240.51454503404588, 344.6816488788435, 436.9804313523421, 502.4951769304407], "shapeUIy": [218.0039054549834, 150.0987829686911, 116.68495629622657, 140.42090828236945, 202.30182249447557], "shapeUOx": [183.340539845548, 282.0175126618156, 384.12250688122526, 508.0185732766291, 562.4007706268709], "shapeUOy": [173.52897369297236, 92.52981457424131, 83.23746014328513, 126.62678305253601, 174.9215595268728], "shapeLIx": [158.79064860067433, 269.67946748560223, 394.54228858956697, 477.6570418169217, 502.4951769304407], "shapeLIy": [218.0039054549834, 368.50546365332906, 373.0288031864351, 292.14967232923016, 202.30182249447557], "shapeLOx": [187.96517200612772, 330.58388653206964, 487.13756178589745, 521.7278511586995, 549.047262636215], "shapeLOy": [256.91888735504415, 363.72230249275043, 306.26574615864223, 245.4208571408522, 174.77120987500052], "pplXY": [[322.7807520546877, 69.59228787000008], [439.74340376747284, 214.4952177824169], [320.0229917894455, 380.93053439698787], [207.06809380547102, 218.18237953358712]]}