{"shapeUIx": [159.79198370202636, 266.6803591790074, 376.895551445157, 469.8667809086087, 528.7453452078279], "shapeUIy": [186.99596979903987, 125.34217234297277, 121.27517287907317, 164.67596948774423, 230.85286244316111], "shapeUOx": [163.01696993741274, 244.24124724560951, 366.49177767662485, 488.5036468457115, 550.2261814024811], "shapeUOy": [157.89036017565567, 93.29108691263086, 85.24356676614522, 137.2578622489329, 224.02786584092718], "shapeLIx": [159.79198370202636, 271.89773607040013, 380.0310230640156, 466.0518022973236, 528.7453452078279], "shapeLIy": [186.99596979903984, 352.68250510826107, 362.16493094441597, 309.17296982741857, 230.85286244316111], "shapeLOx": [166.2657430936941, 250.17318696381363, 358.76778881621823, 474.15348159955664, 548.6255826564969], "shapeLOy": [228.1906095286035, 338.0601607221534, 346.91394937491344, 295.05808156133605, 218.6245634675904], "pplXY": [[323.5422165610974, 86.84646317584597], [432.35582272882186, 226.5006984869505], [322.3835309438739, 381.5832261021108], [222.05504564751146, 227.02473129616655]]}