{"shapeUIx": [158.79168218797773, 240.5130710492988, 344.6797654962477, 436.9783025260166, 502.4950764249159], "shapeUIy": [218.00405968826158, 150.0982736022625, 116.68128953314422, 140.41261340518406, 202.293260251365], "shapeUOx": [183.34304634943067, 282.01850574400544, 384.1195137467165, 508.0177153926188, 562.4051040075319], "shapeUOy": [173.52716409935775, 92.52822595068851, 83.23287763593427, 126.6198612731567, 174.91254696568728], "shapeLIx": [158.79168218797773, 269.67781549317743, 394.54239353790166, 477.6588115339897, 502.4950764249159], "shapeLIy": [218.00405968826158, 368.5032899695808, 373.02794739241847, 292.14506449585895, 202.293260251365], "shapeLOx": [187.97115536433012, 330.60120889057896, 487.15298387682907, 521.7364603459863, 549.0506700146959], "shapeLOy": [256.9212433226613, 363.72358708109294, 306.2583560866887, 245.41055150576466, 174.76191147653253], "pplXY": [[322.7811092883916, 69.58517874980775], [439.7442417995121, 214.49187470204566], [320.02226746098324, 380.9277636481851], [207.06765887302998, 218.1787098504527]]}