{"shapeUIx": [159.79198370023704, 266.6803591815923, 376.8955514482949, 469.8667809121727, 528.745345207984], "shapeUIy": [186.9959697984386, 125.3421723436198, 121.27517288521707, 164.6759695017937, 230.85286245768097], "shapeUOx": [163.01696993355586, 244.24124724443473, 366.4917776823106, 488.5036468473014, 550.2261813951919], "shapeUOy": [157.890360177837, 93.29108691482516, 85.24356677379168, 137.25786226058898, 224.0278658558879], "shapeLIx": [159.79198370023704, 271.8977360735469, 380.0310230638469, 466.05180229432733, 528.745345207984], "shapeLIy": [186.99596979843858, 352.6825051120744, 362.1649309458793, 309.1729698351938, 230.85286245768097], "shapeLOx": [166.26574308322796, 250.17318693389507, 358.7677887898946, 474.15348158490923, 548.6255826507823], "shapeLOy": [228.1906095244251, 338.0601607198115, 346.9139493874145, 295.05808157870604, 218.62456348312526], "pplXY": [[323.54221656053653, 86.84646318765985], [432.3558227274758, 226.50069849255797], [322.3835309451428, 381.5832261069769], [222.05504564822937, 227.0247313023662]]}