{"shapeUIx": [178.87408896172843, 270.96438361903563, 358.2922299511217, 454.5222925368962, 512.4106982300272], "shapeUIy": [169.61448446658454, 137.97287143991878, 142.95840932046707, 193.44938925474025, 262.78421019974115], "shapeUOx": [217.93347983342682, 315.49955274657145, 406.7764487546006, 487.84999847243125, 559.1277901617188], "shapeUOy": [112.35109913549613, 85.35487349197444, 112.940000262652, 170.9782355274104, 236.48203381650606], "shapeLIx": [178.87408896172843, 293.4172534713897, 379.01503427052864, 487.3354678184818, 512.4106982300272], "shapeLIy": [169.61448446658454, 355.17854900551157, 371.2914511790432, 312.36046462271935, 262.78421019974115], "shapeLOx": [200.0646477807315, 296.7161682821393, 421.878990169119, 498.7257339207707, 537.3691470939443], "shapeLOy": [256.32012121832224, 334.2829657665412, 321.5832945978917, 291.807238080744, 250.6287750516533], "pplXY": [[328.6640549449879, 84.95140963229376], [441.30198984895225, 216.24829904033604], [323.85794573163446, 381.58713844511414], [215.27082162556385, 213.40243534130528]]}