{"shapeUIx": [168.2123011547274, 253.78956242925284, 349.3292117080178, 431.14398104634427, 503.9219040306857], "shapeUIy": [224.40692635773297, 175.06961097439347, 156.02582095528467, 165.68181381891185, 206.96820810600602], "shapeUOx": [198.9976755770882, 284.3848177007462, 373.88497754651075, 476.56407851270694, 558.2808686569645], "shapeUOy": [177.34627196028228, 124.16621026448897, 117.12174744954962, 142.6922443439853, 188.74889345535365], "shapeLIx": [168.2123011547274, 266.2152817636815, 391.5376720155156, 467.4936889691786, 503.9219040306857], "shapeLIy": [224.40692635773297, 336.1910953289936, 342.79679481533833, 284.6374762762165, 206.96820810600602], "shapeLOx": [190.91408176339345, 296.8986638194913, 426.44583271506355, 500.81849712407575, 545.199869839837], "shapeLOy": [258.23902869431106, 327.4522986748269, 303.62976267080705, 255.21503840404648, 189.78748906460203], "pplXY": [[324.49975087228097, 104.7507934878945], [427.6879325045197, 221.07005002456904], [324.7781321040245, 351.9330342444417], [224.41804423946013, 224.23443442159277]]}