{"shapeUIx": [168.11171687050916, 253.72443540222343, 344.12422132065615, 422.4290820604626, 500.48253714644113], "shapeUIy": [219.99985815571068, 172.04877530973005, 152.64408240415798, 155.95624944874118, 195.6348550532572], "shapeUOx": [210.53273967937474, 296.52617625195194, 381.7105832560172, 474.77944972445255, 558.8000880576818], "shapeUOy": [157.5036402529435, 112.44827714000508, 110.83820156138889, 132.913141921653, 169.2987751549459], "shapeLIx": [168.11171687050916, 273.04931031300754, 393.52322839193516, 465.8342052593924, 500.48253714644113], "shapeLIy": [219.99985815571068, 337.45554904851207, 341.28987650400956, 277.7276918825565, 195.6348550532572], "shapeLOx": [185.39582442186162, 292.46791770879406, 431.2374776132825, 502.99998781495134, 547.6663493261074], "shapeLOy": [254.822970087871, 323.6662707126266, 296.73321617961085, 243.0290450173489, 171.49346646355656], "pplXY": [[325.15569393778503, 95.7886937569339], [427.5230795732961, 218.20886098301798], [325.3882472749836, 351.49265665491], [225.26374477622272, 222.7083383334329]]}