{"shapeUIx": [151.78761398454492, 222.55221174806707, 327.7490501293741, 407.7846214495322, 492.0536904005732], "shapeUIy": [252.24043820525367, 181.21228180350562, 137.4689605668956, 137.309990334733, 186.27155867535453], "shapeUOx": [158.9208130985397, 241.19105090987577, 332.26058518168253, 477.5000303327144, 548.0215741175857], "shapeUOy": [225.4649890473741, 133.83706481240384, 100.44626286850755, 127.2438551848034, 173.28850767912954], "shapeLIx": [151.78761398454492, 256.0930132181838, 396.46948795765377, 461.19125428816795, 492.0536904005732], "shapeLIy": [252.24043820525367, 356.92131520437067, 357.46026255293583, 281.37960356791217, 186.27155867535453], "shapeLOx": [183.30741463643722, 318.6478329910412, 467.1705772801832, 505.57762934482014, 541.4716606247916], "shapeLOy": [272.15284812881276, 354.8773955377866, 304.2427190849673, 246.68633936039282, 169.11429186629312], "pplXY": [[317.83054622061275, 104.4084790822604], [417.21222585517705, 224.03076933479056], [318.40071407832613, 354.62027188567447], [220.2401728372125, 229.32633584806072]]}