{"shapeUIx": [157.9640913078378, 252.15192554437257, 361.75931626707256, 457.80621138988727, 508.3534838901939], "shapeUIy": [196.75463624320304, 128.32912527602048, 108.46512995495229, 156.18679084429715, 229.03195427229517], "shapeUOx": [180.16797299930784, 286.84563170482556, 405.3251976253205, 516.6529436124882, 554.8852465243652], "shapeUOy": [157.4509181630272, 75.97622334519738, 82.58827357324338, 140.62516315637126, 207.41034383603605], "shapeLIx": [157.9640913078378, 275.0999207261337, 390.69055499729654, 476.95607076643, 508.3534838901939], "shapeLIy": [196.75463624320304, 377.8678131722191, 383.02634209879074, 311.28888548723495, 229.03195427229517], "shapeLOx": [182.46943186660852, 313.63636395859857, 462.5498698037053, 509.61774287683556, 544.5257869958202], "shapeLOy": [248.48847048753018, 367.29309609722225, 323.97557420053994, 270.1665057701171, 205.76326211455518], "pplXY": [[321.13296815633834, 71.54849840407027], [445.2589621056603, 218.60031342196166], [319.2068420569561, 397.2077001133037], [200.58382906219254, 220.30623301279314]]}