{"shapeUIx": [164.0951305091375, 276.7651291203816, 389.5607953738638, 499.1443878328897, 546.2742525276302], "shapeUIy": [174.04275184259444, 130.84287470742643, 138.0678800767702, 194.975589335986, 259.44867707311016], "shapeUOx": [177.72387916290603, 278.51256345137097, 399.2095275776008, 513.96019793354, 580.8128549745826], "shapeUOy": [155.86182174754794, 99.6979424924255, 103.16744678306304, 164.64193199434402, 247.36471031194833], "shapeLIx": [164.0951305091375, 267.15491097926235, 359.8112817096734, 501.5614722471376, 546.2742525276302], "shapeLIy": [174.04275184259444, 350.8645635164781, 377.85627803732734, 322.2043871736556, 259.44867707311016], "shapeLOx": [187.35328024082816, 263.65541058223306, 379.95235301583733, 505.7199325261698, 552.892103633344], "shapeLOy": [262.0016385307427, 341.6800324565089, 354.5180779578258, 314.87395416776803, 258.87175511094597], "pplXY": [[330.07378004496735, 94.64711361942018], [446.7291606608954, 219.73083292966012], [324.8106432014944, 391.42825699229513], [212.79583570990113, 216.88825323961345]]}