{"shapeUIx": [151.7876139831, 222.55221175015436, 327.74905013190823, 407.7846214524105, 492.0536904006993], "shapeUIy": [252.2404382047686, 181.21228180402846, 137.46896057185728, 137.3099903460788, 186.2715586870802], "shapeUOx": [158.9208130954245, 241.19105090892631, 332.2605851862732, 477.50003033399815, 548.0215741116992], "shapeUOy": [225.46498904913688, 133.83706481417656, 100.44626287468269, 127.24385519421648, 173.2885076912117], "shapeLIx": [151.7876139831, 256.0930132207245, 396.4694879575176, 461.19125428574836, 492.0536904006993], "shapeLIy": [252.24043820476862, 356.92131520745, 357.4602625541175, 281.37960357419115, 186.2715586870802], "shapeLOx": [183.30741462798565, 318.647832966881, 467.1705772589256, 505.57762933299153, 541.4716606201766], "shapeLOy": [272.15284812543877, 354.8773955358956, 304.2427190950626, 246.68633937442024, 169.11429187883874], "pplXY": [[317.83054622015976, 104.40847909180113], [417.21222585409, 224.03076933931897], [318.4007140793508, 354.6202718896039], [220.24017283779227, 229.32633585306735]]}