{"shapeUIx": [190.0218548582875, 292.8619979309037, 385.9636187672209, 477.27454149249354, 502.1407747011087], "shapeUIy": [162.96055084979625, 121.81898837232197, 140.33007127965521, 214.17045646659432, 282.2127740384587], "shapeUOx": [197.20254561111204, 320.23765861641186, 422.0559995729101, 492.63077494906867, 525.6193536281501], "shapeUOy": [152.61433785359515, 88.53275297475636, 128.38973164164184, 192.04108841148232, 260.1358500971112], "shapeLIx": [190.0218548582875, 278.5194181831494, 348.5246415679881, 476.107537155243, 502.1407747011087], "shapeLIy": [162.96055084979625, 343.0499010871469, 378.7592005610541, 323.05857660650133, 282.2127740384587], "shapeLOx": [203.2712302153489, 271.97427471042084, 408.5933634251286, 481.32131260994777, 516.6959616418228], "shapeLOy": [248.63173038104296, 333.61621880133447, 337.0215465689768, 312.04577565178505, 268.29235534737376], "pplXY": [[326.77151066856703, 108.85679829964772], [429.56139825342717, 221.90361943451913], [321.4230459840258, 382.9918993148555], [221.2302973543402, 214.66687734207545]]}