{"shapeUIx": [151.78761253552128, 222.5522138424671, 327.7490526663079, 407.78462433157034, 492.05369052635797], "shapeUIy": [252.24043770694453, 181.21228231946037, 137.46896553538573, 137.31000170161278, 186.27157042340167], "shapeUOx": [158.92080999168667, 241.19104997711617, 332.2605898032999, 477.50003162381233, 548.0215682220046], "shapeUOy": [225.46499078135645, 133.83706657039366, 100.4462690509328, 127.24386461290246, 173.2885197726187], "shapeLIx": [151.78761253552125, 256.0930157763211, 396.46948782151526, 461.1912518640911, 492.05369052635797], "shapeLIy": [252.24043770694453, 356.92131829416894, 357.46026373730433, 281.37960985747327, 186.27157042340167], "shapeLOx": [183.3074061571364, 318.64780876495223, 467.1705559757893, 505.5776174919025, 541.4716560032688], "shapeLOy": [272.15284474168215, 354.87739363725865, 304.2427291984871, 246.6863534107127, 169.11430442742815], "pplXY": [[317.8305457684253, 104.40848863244642], [417.21222476867297, 224.03077386963545], [318.40071510643816, 354.6202758286443], [220.24017341738676, 229.3263408634165]]}