{"shapeUIx": [168.11172968381894, 253.7244170260861, 344.1241983730643, 422.4290560660928, 500.4825359589639], "shapeUIy": [219.99986114834422, 172.04876975564002, 152.64403761319994, 155.95614763350395, 195.63474989801793], "shapeUOx": [210.53276919031606, 296.5261868025585, 381.7105445248728, 474.77943875093104, 558.8001410846105], "shapeUOy": [157.50362089938392, 112.44825924689886, 110.83814568683852, 132.91305717876423, 169.29866551342894], "shapeLIx": [168.11172968381894, 273.0492889065832, 393.5232296499876, 465.83422697774085, 500.4825359589639], "shapeLIy": [219.99986114834422, 337.45552193903154, 341.28986595328143, 277.7276354174286, 195.63474989801793], "shapeLOx": [185.39589893909323, 292.46813220404937, 431.23766756491824, 503.0000937007211, 547.6663909672335], "shapeLOy": [254.8229996136326, 323.66628701580214, 296.73312552069495, 243.02891879538015, 171.49335302224458], "pplXY": [[325.15569817990826, 95.78860723146013], [427.5230896224871, 218.20882012566352], [325.3882382484161, 351.492622083941], [225.26373949922078, 222.70829334076979]]}