{"shapeUIx": [189.6899767809909, 289.8519807517434, 384.2406686172563, 474.7018235951981, 502.2962439115492], "shapeUIy": [167.68547925840357, 124.6324813198593, 138.73598605236444, 206.46373284276305, 272.8238630450881], "shapeUOx": [195.39004442620435, 315.94111267198934, 414.28734143192366, 490.6965473519882, 529.0687025681007], "shapeUOy": [159.4078709452853, 92.16918996594609, 125.64323051783997, 185.72070441996075, 252.81737638825757], "shapeLIx": [189.6899767809909, 273.8956964738663, 349.20286152507043, 476.86559464918264, 502.2962439115492], "shapeLIy": [167.68547925840357, 340.2185182635521, 376.9579313976263, 318.5600288313139, 272.8238630450881], "shapeLOx": [208.42594786531464, 287.2135997096734, 420.642302056684, 488.2865189353994, 519.5770099925355], "shapeLOy": [252.42534534441606, 335.33944444601104, 331.31437602795756, 303.65942701725766, 259.84383932001685], "pplXY": [[326.5146200014538, 106.27009021162385], [429.05399457444844, 220.08251590525273], [320.684898089749, 378.69028059593404], [221.27706896545266, 212.74742591444027]]}