{"shapeUIx": [164.09513051254706, 276.76512911545626, 389.56079536788445, 499.1443878260984, 546.2742525273328], "shapeUIy": [174.0427518437394, 130.8428747061931, 138.06788006506275, 194.97558930921463, 259.4486770454425], "shapeUOx": [177.72387917025608, 278.51256345361054, 399.2095275667678, 513.9601979305108, 580.812854988472], "shapeUOy": [155.8618217433897, 99.6979424882433, 103.16744676849245, 164.64193197213314, 247.36471028344005], "shapeLIx": [164.09513051254706, 267.15491097326674, 359.81128170999483, 501.56147225284684, 546.2742525273328], "shapeLIy": [174.0427518437394, 350.86456350921196, 377.856278034539, 322.2043871588399, 259.4486770454425], "shapeLOx": [187.35328026077082, 263.65541063924195, 379.95235306599665, 505.7199325540804, 552.8921036442334], "shapeLOy": [262.00163853870424, 341.6800324609711, 354.51807793400496, 314.87395413466936, 258.8717550813438], "pplXY": [[330.0737800460361, 94.64711359690835], [446.7291606634605, 219.73083291897495], [324.8106431990765, 391.4282569830232], [212.79583570853316, 216.8882532277999]]}