{"shapeUIx": [168.11172968380478, 253.72441702610655, 344.1241983730891, 422.429056066121, 500.48253595896523], "shapeUIy": [219.9998611483395, 172.04876975564517, 152.64403761324854, 155.956147633615, 195.63474989813272], "shapeUOx": [210.53276919028553, 296.5261868025492, 381.71054452491774, 474.7794387509436, 558.8001410845528], "shapeUOy": [157.50362089940123, 112.44825924691622, 110.83814568689897, 132.91305717885638, 169.2986655135472], "shapeLIx": [168.11172968380478, 273.049288906608, 393.52322964998626, 465.8342269777171, 500.48253595896523], "shapeLIy": [219.9998611483395, 337.45552193906167, 341.289865953293, 277.72763541749003, 195.63474989813272], "shapeLOx": [185.39589893901052, 292.46813220381284, 431.23766756471014, 503.00009370060536, 547.6663909671884], "shapeLOy": [254.8229996135996, 323.6662870157836, 296.7331255207938, 243.02891879551748, 171.49335302236744], "pplXY": [[325.1556981799038, 95.78860723155353], [427.52308962247645, 218.20882012570786], [325.3882382484261, 351.4926220839795], [225.26373949922646, 222.7082933408188]]}