{"shapeUIx": [165.64409701096295, 254.64579131603296, 354.8114836743626, 461.39906942721825, 524.4030556301848], "shapeUIy": [170.03984487517272, 124.35312633373155, 117.26297598896994, 164.62320208619764, 237.6179407714929], "shapeUOx": [188.83039248843104, 302.4429272611096, 399.1300215992658, 508.02722764349244, 577.3631544436996], "shapeUOy": [140.4437621515505, 72.56250202396521, 84.57128615088664, 147.92116906970915, 218.68887511137933], "shapeLIx": [165.64409701096295, 274.55860467619266, 360.42784267841637, 508.0710640042177, 524.4030556301848], "shapeLIy": [170.03984487517272, 371.3813458830574, 402.8595412785981, 313.3645800454327, 237.6179407714929], "shapeLOx": [204.45709648096118, 312.71534844218195, 455.81879693254285, 527.2993193593425, 546.9284229651909], "shapeLOy": [300.39029883933216, 364.8740875723857, 334.67452605495345, 288.0969635667424, 236.16233867612323], "pplXY": [[327.0728370003543, 82.33771382458433], [440.52274388163795, 215.49628475673688], [319.68181281664073, 398.32825912176486], [207.66394219070654, 212.2883934855698]]}