{"shapeUIx": [164.0951507000989, 276.76509988532564, 389.5607602053061, 499.14434785376613, 546.2742508015348], "shapeUIy": [174.04275928644438, 130.8428678688535, 138.0678111472097, 194.97543140665397, 259.4485138215467], "shapeUOx": [177.72392173374232, 278.51257563413526, 399.20946242282787, 513.9601797861927, 580.8129368091526], "shapeUOy": [155.86179900797197, 99.69791882658265, 103.167361061569, 164.6418011058954, 247.36454275327947], "shapeLIx": [164.09515070009894, 267.1548749037945, 359.8112835875492, 501.56150592479446, 546.2742508015348], "shapeLIy": [174.04275928644438, 350.8645203870932, 377.8562615613938, 322.2042998330322, 259.4485138215467], "shapeLOx": [187.35339855733815, 263.65574805946494, 379.95264932442035, 505.72009730831326, 552.8921677571739], "shapeLOy": [262.00168587861776, 341.68005911677636, 354.5179374674675, 314.8737590864275, 258.87158091727963], "pplXY": [[330.07378625970875, 94.64698127873109], [446.7291756443139, 219.730770007621], [324.8106288526, 391.4282019451938], [212.79582767749963, 216.8881835818244]]}