{"shapeUIx": [165.6440972638908, 254.645790954233, 354.8114832181153, 461.39906891086264, 524.4030556062592], "shapeUIy": [170.03984492519953, 124.35312621775715, 117.26297509937322, 164.6232000681674, 237.61793868773665], "shapeUOx": [188.83039308397815, 302.4429274840935, 399.1300208484152, 508.02722742971855, 577.3631554961019], "shapeUOy": [140.44376174382583, 72.56250165576509, 84.57128504028569, 147.92116738821272, 218.68887292991695], "shapeLIx": [165.6440972638908, 274.55860426142146, 360.4278427035942, 508.0710644347232, 524.4030556062592], "shapeLIy": [170.03984492519956, 371.38134534930697, 402.85954106984514, 313.3645789254556, 237.61793868773665], "shapeLOx": [204.45709794890197, 312.715352677832, 455.81880069198405, 527.2993214562761, 546.9284237920846], "shapeLOy": [300.3902994194149, 364.8740878909809, 334.67452425759325, 288.0969610626132, 236.16233642180288], "pplXY": [[327.07283708564626, 82.33771210339303], [440.52274408282193, 215.49628394541668], [319.6818126388788, 398.3282584412626], [207.66394208560533, 212.28839259334777]]}