{"shapeUIx": [158.79168218982483, 240.51307104663084, 344.6797654930073, 436.97830252233643, 502.49507642475464], "shapeUIy": [218.00405968887898, 150.09827360159233, 116.68128952680001, 140.4126133906781, 202.29326023637356], "shapeUOx": [183.3430463534167, 282.0185057452234, 384.11951374085214, 508.01771539097865, 562.4051040150584], "shapeUOy": [173.5271640970968, 92.52822594841803, 83.23287762803825, 126.61986126112124, 174.91254695023747], "shapeLIx": [158.79168218982483, 269.6778154899318, 394.5423935380759, 477.65881153708324, 502.49507642475464], "shapeLIy": [218.00405968887898, 368.5032899656448, 373.02794739090774, 292.1450644878309, 202.29326023637356], "shapeLOx": [187.97115537513304, 330.6012089214639, 487.15298390400596, 521.7364603611089, 549.0506700205968], "shapeLOy": [256.9212433269737, 363.72358708350924, 306.25835607378133, 245.41055148782954, 174.7619114604908], "pplXY": [[322.78110928897104, 69.58517873760782], [439.7442418009026, 214.49187469625548], [320.02226745967346, 380.9277636431626], [207.06765887228858, 218.17870984405144]]}