{"shapeUIx": [165.64265952439516, 254.64387532006953, 354.8234213289864, 461.41044358180307, 524.4045647513134], "shapeUIy": [170.06976083509235, 124.37492114227852, 117.28452908982311, 164.6564690618066, 237.64963141772347], "shapeUOx": [188.7865573521403, 302.394826839858, 399.0887570305462, 508.0183616887799, 577.3409812176362], "shapeUOy": [140.5281983598059, 72.61260734262488, 84.6002365187103, 147.95440600401858, 218.75002427338177], "shapeLIx": [165.64265952439516, 274.5348507093562, 360.42692920072886, 508.06309860824615, 524.4045647513134], "shapeLIy": [170.06976083509238, 371.3782880463024, 402.86085554008605, 313.3849659596267, 237.64963141772347], "shapeLOx": [204.45999511394092, 312.6921709513482, 455.7716387274223, 527.2692604430414, 546.9098337111251], "shapeLOy": [300.39689466970043, 364.8823293067089, 334.7059223147741, 288.14567508107257, 236.21672572233214], "pplXY": [[327.06748642395416, 82.38738433013654], [440.5124222315655, 215.5149392260687], [319.68132328911037, 398.32377592893073], [207.66779530411668, 212.30529606092335]]}