{"shapeUIx": [159.7919836990397, 266.68035918332185, 376.89555145039486, 469.8667809145578, 528.7453452080885], "shapeUIy": [186.99596979803687, 125.34217234405314, 121.27517288932862, 164.67596951119538, 230.85286246739742], "shapeUOx": [163.0169699309742, 244.24124724364765, 366.49177768611435, 488.50364684836507, 550.226181390314], "shapeUOy": [157.89036017929828, 93.2910869162944, 85.24356677890873, 137.25786226838915, 224.0278658658999], "shapeLIx": [159.7919836990397, 271.8977360756521, 380.03102306373404, 466.05180229232235, 528.7453452080885], "shapeLIy": [186.99596979803684, 352.682505114626, 362.16493094685853, 309.17296984039683, 230.8528624673974], "shapeLOx": [166.26574307622477, 250.1731869138751, 358.7677887722797, 474.15348157510755, 548.625582646958], "shapeLOy": [228.1906095216293, 338.0601607182447, 346.91394939578004, 295.05808159032983, 218.6245634935213], "pplXY": [[323.5422165601612, 86.84646319556586], [432.35582272657484, 226.5006984963105], [322.3835309459919, 381.5832261102329], [222.0550456487098, 227.02473130651498]]}