{"shapeUIx": [178.76590360909196, 271.2745099747486, 358.41662706958283, 454.7056117441386, 512.377389102508], "shapeUIy": [169.03569862017372, 137.66228378862834, 143.21062387426338, 194.34854130023473, 263.79771549389494], "shapeUOx": [218.2794516821531, 316.1864118767452, 407.9970759754466, 488.13758766819376, 558.7341250998685], "shapeUOy": [111.1961601502499, 84.76129780023518, 113.25472196568016, 171.65948730851014, 237.07448747117692], "shapeLIx": [178.76590360909196, 294.12640876486313, 379.0013084018187, 487.1764682425252, 512.377389102508], "shapeLIy": [169.03569862017372, 355.6073950480654, 371.4402095194716, 312.8357822090096, 263.79771549389494], "shapeLOx": [199.06348484537168, 294.2622125927488, 420.1228245921933, 497.77203968711547, 537.069330201547], "shapeLOy": [255.79352052786976, 333.9383415117642, 322.2985963708752, 292.76984976923507, 251.39196391410815], "pplXY": [[328.69572054405256, 85.29837632402445], [441.34480746378387, 216.49211380811062], [323.98233224163096, 382.1473958028945], [215.27113626025425, 213.7172924354315]]}