{"shapeUIx": [178.76590340476366, 271.2745102702032, 358.41662742688584, 454.7056121501093, 512.3773891201818], "shapeUIy": [169.0356985487174, 137.66228386054945, 143.21062457415513, 194.3485429019955, 263.79771714943024], "shapeUOx": [218.2794512457668, 316.1864117471526, 407.9970766289428, 488.13758785062566, 558.7341242692786], "shapeUOy": [111.19616039137858, 84.76129804615623, 113.2547228364565, 171.65948863682115, 237.07448917421908], "shapeLIx": [178.76590340476366, 294.12640912661027, 379.0013083826673, 487.1764679009417, 512.3773891201818], "shapeLIy": [169.0356985487174, 355.60739548393997, 371.44020968641524, 312.8357830951935, 263.79771714943024], "shapeLOx": [199.06348364930753, 294.2622091768312, 420.12282158935375, 497.7720380166268, 537.0693295505127], "shapeLOy": [255.79352004988897, 333.938341243346, 322.29859779596006, 292.7698517488203, 251.39196568337576], "pplXY": [[328.69572048049406, 85.29837766895967], [441.3448073109463, 216.4921144469369], [323.9823323866606, 382.1473963591453], [215.27113634194183, 213.7172931421108]]}