{"shapeUIx": [165.64409726322037, 254.6457909552007, 354.811483219294, 461.39906891220096, 524.4030556063182], "shapeUIy": [170.03984492498248, 124.35312621800536, 117.26297510168024, 164.62320007343914, 237.61793869318444], "shapeUOx": [188.83039308252123, 302.44292748363995, 399.1300208505332, 508.0272274303117, 577.3631554933655], "shapeUOy": [140.44376174466646, 72.5625016566009, 84.57128504315772, 147.92116739258807, 218.6888729355382], "shapeLIx": [165.64409726322037, 274.5586042625935, 360.4278427035307, 508.0710644335989, 524.4030556063182], "shapeLIy": [170.03984492498248, 371.38134535073453, 402.8595410703939, 313.3645789283738, 237.61793869318444], "shapeLOx": [204.4570979449831, 312.71535266662033, 455.8188006821118, 527.2993214507817, 546.9284237899388], "shapeLOy": [300.39029941785174, 364.87408789010635, 334.6745242622843, 288.096961069133, 236.1623364276373], "pplXY": [[327.0728370854347, 82.33771210783155], [440.52274408231494, 215.49628394752213], [319.68181263935384, 398.3282584430841], [207.66394208587514, 212.28839259567445]]}