{"shapeUIx": [178.76590843336282, 271.2745029774108, 358.4166187097468, 454.70560223449763, 512.3773886964507], "shapeUIy": [169.03570051731293, 137.66228223779848, 143.21060747639117, 194.34850367455172, 263.797676593944], "shapeUOx": [218.27946168288753, 316.18641459454363, 407.9970602286349, 488.1375832950447, 558.7341445780585], "shapeUOy": [111.19615505407664, 84.7612923424802, 113.2547015848711, 171.65945614980222, 237.0744476621412], "shapeLIx": [178.76590843336282, 294.12640004334514, 379.00130884595796, 487.176476265563, 512.3773886964507], "shapeLIy": [169.03570051731293, 355.6073847251298, 371.44020558930345, 312.8357614114405, 263.797676593944], "shapeLOx": [199.06351315397066, 294.2622932047697, 420.12289525930345, 497.77207896918605, 537.0693454580611], "shapeLOy": [255.79353187659655, 333.938347923945, 322.2985629059059, 292.76980332352105, 251.39192249161155], "pplXY": [[328.6957220085525, 85.29834487735437], [441.3448110068225, 216.49209883735767], [323.9823288077738, 382.1473826254845], [215.2711343533439, 213.7172758457569]]}