{"shapeUIx": [159.79198369911677, 266.68035918321044, 376.89555145025963, 469.86678091440416, 528.7453452080817], "shapeUIy": [186.9959697980627, 125.34217234402522, 121.27517288906384, 164.67596951058994, 230.85286246677168], "shapeUOx": [163.01696993114052, 244.2412472436984, 366.49177768586947, 488.50364684829657, 550.2261813906282], "shapeUOy": [157.8903601792041, 93.29108691619973, 85.24356677857921, 137.25786226788682, 224.02786586525514], "shapeLIx": [159.79198369911677, 271.8977360755166, 380.0310230637413, 466.05180229245144, 528.7453452080817], "shapeLIy": [186.9959697980627, 352.6825051144617, 362.16493094679544, 309.1729698400618, 230.85286246677168], "shapeLOx": [166.26574307667573, 250.1731869151643, 358.76778877341405, 474.15348157573874, 548.6255826472044], "shapeLOy": [228.19060952180934, 338.06016071834557, 346.9139493952413, 295.0580815895812, 218.62456349285176], "pplXY": [[323.54221656018535, 86.84646319505671], [432.3558227266329, 226.50069849606885], [322.3835309459372, 381.58322611002325], [222.05504564867888, 227.02473130624782]]}