{"shapeUIx": [190.02185386491604, 292.86199936668197, 385.9636205064983, 477.2745434683546, 502.1407747873542], "shapeUIy": [162.9605505084459, 121.81898872621643, 140.33007468593732, 214.17046425934186, 282.2127820925075], "shapeUOx": [197.20254348084603, 320.23765797653533, 422.0560027408399, 492.6307758340922, 525.6193495862989], "shapeUOy": [152.61433904306438, 88.53275418037313, 128.38973588019536, 192.0410948751217, 260.1358583882416], "shapeLIx": [190.02185386491604, 278.51941993664184, 348.5246414746491, 476.10753549337676, 502.1407747873542], "shapeLIy": [162.9605505084459, 343.04990320530294, 378.7592013730062, 323.05858091843504, 282.2127820925075], "shapeLOx": [203.27122440249212, 271.9742581022966, 408.59334881971824, 481.32130448404075, 516.6959584734182], "shapeLOy": [248.6317280590919, 333.6162174985304, 337.02155350247716, 312.0457852842775, 268.2923639590341], "pplXY": [[326.77151035852705, 108.85680484711479], [429.5613975084978, 221.9036225434997], [321.4230466888309, 382.9919020178836], [221.230297752103, 214.6668807804469]]}