{"shapeUIx": [178.76912816012967, 271.2695404675286, 358.41184144431134, 454.70004015963104, 512.3772608212735], "shapeUIy": [169.03934051697894, 137.6628916269769, 143.20098625799383, 194.3252925063982, 263.7735287579836], "shapeUOx": [218.28280487376728, 316.18441142545794, 407.9829245390183, 488.13391582832617, 558.7458028526905], "shapeUOy": [111.19938865868531, 84.76150546122572, 113.24295393030471, 171.6407041184407, 237.05205336819236], "shapeLIx": [178.76912816012967, 294.1185039139274, 379.00152327539547, 487.1814069028293, 512.3772608212735], "shapeLIy": [169.03934051697894, 355.60007806101504, 371.4376725913586, 312.8231400144203, 263.7735287579836], "shapeLOx": [199.0832895285336, 294.3160356404185, 420.16782723793415, 497.79674498702036, 537.078361036665], "shapeLOy": [255.80188280245835, 333.9434858002543, 322.27807630081827, 292.7417881868232, 251.36788253601307], "pplXY": [[328.69630515218, 85.28061991026848], [441.3464609613296, 216.48327854534477], [323.97991591802304, 382.1380180141449], [215.27009931844515, 213.70718716300183]]}