{"shapeUIx": [159.79198369903963, 266.6803591833219, 376.8955514503949, 469.86678091455786, 528.7453452080885], "shapeUIy": [186.99596979803684, 125.34217234405317, 121.27517288932879, 164.67596951119577, 230.85286246739784], "shapeUOx": [163.0169699309741, 244.24124724364765, 366.4917776861145, 488.5036468483651, 550.2261813903139], "shapeUOy": [157.89036017929834, 93.29108691629446, 85.24356677890897, 137.2578622683895, 224.02786586590037], "shapeLIx": [159.79198369903963, 271.89773607565223, 380.03102306373404, 466.0518022923223, 528.7453452080885], "shapeLIy": [186.9959697980368, 352.6825051146261, 362.1649309468586, 309.17296984039706, 230.85286246739784], "shapeLOx": [166.26574307622448, 250.17318691387428, 358.76778877227895, 474.1534815751071, 548.6255826469579], "shapeLOy": [228.19060952162923, 338.0601607182446, 346.9139493957804, 295.0580815903303, 218.62456349352175], "pplXY": [[323.54221656016114, 86.8464631955662], [432.35582272657484, 226.50069849631063], [322.38353094599194, 381.583226110233], [222.0550456487098, 227.02473130651515]]}