{"shapeUIx": [168.1117296838134, 253.72441702609407, 344.12419837307397, 422.42905606610384, 500.4825359589644], "shapeUIy": [219.99986114834238, 172.048769755642, 152.64403761321893, 155.95614763354735, 195.6347498980628], "shapeUOx": [210.5327691903041, 296.52618680255483, 381.71054452489034, 474.779438750936, 558.800141084588], "shapeUOy": [157.50362089939068, 112.44825924690562, 110.83814568686213, 132.91305717880024, 169.29866551347519], "shapeLIx": [168.1117296838134, 273.0492889065929, 393.52322964998706, 465.8342269777316, 500.4825359589644], "shapeLIy": [219.99986114834238, 337.45552193904336, 341.2898659532859, 277.72763541745263, 195.6347498980628], "shapeLOx": [185.3958989390609, 292.4681322039569, 431.23766756483684, 503.00009370067585, 547.6663909672159], "shapeLOy": [254.8229996136197, 323.66628701579486, 296.7331255207336, 243.02891879543387, 171.4933530222926], "pplXY": [[325.15569817990655, 95.78860723149664], [427.523089622483, 218.20882012568086], [325.38823824841995, 351.49262208395606], [225.26373949922294, 222.708293340789]]}