{"shapeUIx": [158.6931039687053, 241.16100994672803, 345.7723770058956, 438.03087616964723, 502.56826026995196], "shapeUIy": [218.79650896813033, 150.9758176103212, 118.566960183218, 143.84410765339732, 205.54129556337193], "shapeUOx": [181.65786688815516, 280.65822603691197, 383.9125091001112, 507.84809570417855, 560.5434792317672], "shapeUOy": [176.49733219686124, 94.58747949856543, 85.59827779191366, 129.5729598205731, 179.1539158084697], "shapeLIx": [158.6931039687053, 269.3249519935366, 394.3929292357913, 476.90650088669463, 502.56826026995185], "shapeLIy": [218.79650896813033, 368.59737188822186, 373.0330409986299, 293.88120177639723, 205.54129556337193], "shapeLOx": [186.62900416971974, 325.19306961862344, 481.36083611533576, 518.4760810998813, 547.5509867643984], "shapeLOy": [256.3680090103136, 363.31402948787155, 309.0449974984548, 249.55513420029857, 178.8641812654383], "pplXY": [[322.5754558842731, 73.12822865606059], [439.1977451956835, 215.92289315635944], [320.2567041051942, 381.30873583449096], [207.4218391997468, 219.6183836161793]]}