{"shapeUIx": [164.0951305096853, 276.76512911959026, 389.56079537290304, 499.1443878317985, 546.2742525275825], "shapeUIy": [174.04275184277813, 130.84287470722808, 138.06788007488902, 194.9755893316845, 259.4486770686646], "shapeUOx": [177.72387916408732, 278.51256345173124, 399.2095275758607, 513.9601979330535, 580.8128549768143], "shapeUOy": [155.8618217468791, 99.69794249175311, 103.1674467807218, 164.64193199077522, 247.36471030736752], "shapeLIx": [164.09513050968533, 267.1549109782993, 359.81128170972505, 501.5614722480549, 546.2742525275825], "shapeLIy": [174.04275184277813, 350.8645635153107, 377.8562780368793, 322.2043871712751, 259.4486770686646], "shapeLOx": [187.3532802440322, 263.6554105913925, 379.95235302389653, 505.7199325306544, 552.8921036350937], "shapeLOy": [262.00163853202173, 341.6800324572258, 354.5180779539984, 314.8739541624498, 258.8717551061894], "pplXY": [[330.07378004513913, 94.6471136158029], [446.7291606613077, 219.73083292794325], [324.81064320110596, 391.42825699080555], [212.79583570968128, 216.8882532377153]]}