{"shapeUIx": [190.02185388114967, 292.8619993432304, 385.96362047803296, 477.2745434360234, 502.14077478593856], "shapeUIy": [162.96055051390826, 121.81898872035181, 140.33007463020186, 214.1704641318866, 282.2127819607846], "shapeUOx": [197.2025435158258, 320.2376579871809, 422.0560026892449, 492.63077581966553, 525.6193496524239], "shapeUOy": [152.61433902329654, 88.53275416047855, 128.38973581083036, 192.04109476938078, 260.135858252527], "shapeLIx": [190.02185388114967, 278.519419908086, 348.5246414761789, 476.10753552055814, 502.14077478593856], "shapeLIy": [162.96055051390826, 343.04990317070565, 378.7592013597309, 323.0585808479002, 282.2127819607846], "shapeLOx": [203.27122449744755, 271.97425837372776, 408.59334905852717, 481.32130461692185, 516.6959585252595], "shapeLOy": [248.63172809700217, 333.6162175197795, 337.0215533890697, 312.0457851267017, 268.2923638181089], "pplXY": [[326.77151036361363, 108.85680473994628], [429.5613975207076, 221.90362249263086], [321.4230466773183, 382.99190197373514], [221.2302977455908, 214.66688072420453]]}