{"shapeUIx": [165.64408276376204, 254.64581065918978, 354.81151298927296, 461.3991020894664, 524.4030575148652], "shapeUIy": [170.0398520572859, 124.35313987385993, 117.26303211416275, 164.623324863001, 237.61806702170503], "shapeUOx": [188.8303445602124, 302.442898433235, 399.1300487689231, 508.0272365473662, 577.3630888950811], "shapeUOy": [140.4438135138028, 72.5625393395226, 84.57135717510644, 147.92127340529834, 218.68901697543743], "shapeLIx": [165.64408276376201, 274.55861943764205, 360.42784088014974, 508.0710377703904, 524.4030575148652], "shapeLIy": [170.0398520572859, 371.38137442275155, 402.85955357210116, 313.3646490741676, 237.61806702170503], "shapeLOx": [204.45701710344366, 312.71510807482423, 455.8185742500179, 527.2991937342132, 546.928370956859], "shapeLOy": [300.3902691960749, 364.87407318575015, 334.67463590796183, 288.0971184992734, 236.16248226953545], "pplXY": [[327.07283047834534, 82.33782538261357], [440.52272943499867, 215.496335776918], [319.68182236762647, 398.3282953364774], [207.66394914574659, 212.2884482597653]]}