{"shapeUIx": [151.78761036730089, 222.55221697794582, 327.7490564569134, 407.78462863862137, 492.05369071376265], "shapeUIy": [252.24043694615926, 181.21228308088106, 137.4689729607623, 137.31001869638888, 186.27158798886802], "shapeUOx": [158.9208053646122, 241.19104860605586, 332.2605967416821, 477.50003356047483, 548.0215594097854], "shapeUOy": [225.46499333292513, 133.83706917580122, 100.44627828903558, 127.24387870584212, 173.28853783965377], "shapeLIx": [151.78761036730089, 256.0930196171693, 396.4694876183848, 461.19124823988193, 492.05369071376253], "shapeLIy": [252.2404369461593, 356.9213229198307, 357.4602655086922, 281.37961925970745, 186.27158798886802], "shapeLOx": [183.30739346429203, 318.64777251744937, 467.1705241139597, 505.57759976742574, 541.4716490961904], "shapeLOy": [272.15283966882805, 354.8773907880453, 304.24274431858186, 246.68637441356003, 169.1143231978132], "pplXY": [[317.830545094408, 104.40850290052443], [417.2122231476245, 224.03078064718994], [318.4007166455333, 354.6202817318269], [220.24017428395172, 229.32634836119246]]}