{"shapeUIx": [165.64409725971026, 254.64579096026142, 354.8114832254846, 461.3990689192271, 524.4030556066294], "shapeUIy": [170.03984492389978, 124.35312621934244, 117.26297511379104, 164.62320010108834, 237.6179387217543], "shapeUOx": [188.830393074816, 302.44292748117795, 399.1300208615405, 508.0272274334003, 577.3631554790056], "shapeUOy": [140.44376174922047, 72.56250166106594, 84.57128505823984, 147.92116741554713, 218.68887296507074], "shapeLIx": [165.64409725971026, 274.5586042686834, 360.4278427031962, 508.071064427702, 524.4030556066294], "shapeLIy": [170.03984492389978, 371.38134535820046, 402.85954107326967, 313.364578943684, 237.6179387217543], "shapeLOx": [204.45709792448378, 312.7153526079119, 455.81880063036715, 527.299321421975, 546.9284237786758], "shapeLOy": [300.3902994096843, 364.87408788554677, 334.674524286891, 288.0969611033421, 236.16233645827316], "pplXY": [[327.07283708431794, 82.33771213114827], [440.5227440796442, 215.49628395857377], [319.68181264183863, 398.3282584526095], [207.66394208729344, 212.2883926078801]]}