{"shapeUIx": [151.78761397050508, 222.5522117683492, 327.74905015399355, 407.7846214774951, 492.05369040179767], "shapeUIy": [252.24043820053186, 181.2122818085794, 137.46896061510049, 137.30999044496633, 186.27155878927874], "shapeUOx": [158.92081306828362, 241.19105090066492, 332.26058522630143, 477.5000303451908, 548.0215740603953], "shapeUOy": [225.46498906447732, 133.83706482961387, 100.44626292850067, 127.24385527625695, 173.28850779650847], "shapeLIx": [151.78761397050508, 256.0930132428786, 396.4694879563307, 461.19125426465945, 492.05369040179767], "shapeLIy": [252.24043820053186, 356.92131523429225, 357.4602625644171, 281.37960362891647, 186.27155878927874], "shapeLOx": [183.30741455431468, 318.6478327562903, 467.1705770736439, 505.57762922989457, 541.4716605799548], "shapeLOy": [272.15284809602633, 354.8773955194098, 304.2427191830512, 246.68633949667748, 169.1142919881779], "pplXY": [[317.83054621621307, 104.40847917494985], [417.21222584461657, 224.03076937878632], [318.40071408828277, 354.6202719238563], [220.24017284284497, 229.32633589670368]]}