{"shapeUIx": [178.7659034179152, 271.2745102512, 358.4166274038399, 454.7056121239313, 512.3773891190372], "shapeUIy": [169.03569855318378, 137.6622838558271, 143.21062452902643, 194.34854279877655, 263.79771704275294], "shapeUOx": [218.27945127404618, 316.18641175571014, 407.9970765870815, 488.1375878389252, 558.7341243228232], "shapeUOy": [111.19616037548062, 84.76129803010704, 113.25472278029608, 171.65948855119592, 237.0744890643495], "shapeLIx": [178.7659034179152, 294.12640910344066, 379.00130838390504, 487.1764679229541, 512.3773891190372], "shapeLIy": [169.03569855318378, 355.607395455905, 371.4402096756627, 312.8357830380749, 263.79771704275294], "shapeLOx": [199.0634837262483, 294.262209396721, 420.1228217827773, 497.77203812424807, 537.069329592489], "shapeLOy": [255.793520080614, 333.9383412605754, 322.2985977041196, 292.7698516212191, 251.39196556927513], "pplXY": [[328.6957204846079, 85.29837758219836], [441.3448073208251, 216.492114405748], [323.98233237733183, 382.14739632337023], [215.27113633667022, 213.71729309656516]]}