{"shapeUIx": [168.11172968372972, 253.72441702621495, 344.1241983732208, 422.4290560662706, 500.48253595897177], "shapeUIy": [219.9998611483144, 172.0487697556724, 152.6440376135064, 155.9561476342046, 195.63474989874206], "shapeUOx": [210.5327691901235, 296.52618680249964, 381.710544525156, 474.7794387510103, 558.8001410842469], "shapeUOy": [157.50362089949311, 112.44825924700851, 110.8381456872199, 132.91305717934557, 169.29866551417518], "shapeLIx": [168.11172968372972, 273.04928890673995, 393.5232296499792, 465.8342269775914, 500.48253595897177], "shapeLIy": [219.9998611483144, 337.4555219392217, 341.2898659533544, 277.7276354178163, 195.63474989874206], "shapeLOx": [185.39589893857143, 292.4681322025575, 431.23766756360544, 503.0000936999906, 547.6663909669485], "shapeLOy": [254.8229996134243, 323.6662870156854, 296.7331255213184, 243.0289187962465, 171.49335302301944], "pplXY": [[325.15569817988023, 95.78860723204942], [427.52308962241995, 218.2088201259432], [325.3882382484793, 351.4926220841836], [225.26373949925656, 222.708293341079]]}