{"shapeUIx": [151.7876116950606, 222.55221505770405, 327.74905413620513, 407.7846260016502, 492.05369059908355], "shapeUIy": [252.24043741358136, 181.21228261568515, 137.46896841458758, 137.31000829064843, 186.27157723361768], "shapeUOx": [158.92080819589518, 241.19104944315387, 332.260592490478, 477.5000323740326, 548.0215648051857], "shapeUOy": [225.46499177478117, 133.83706758286954, 100.44627263317355, 127.24387007718728, 173.28852677881156], "shapeLIx": [151.7876116950606, 256.0930172638149, 396.4694877427179, 461.19125045894464, 492.05369059908355], "shapeLIy": [252.24043741358142, 356.9213200869662, 357.4602644240249, 281.379613502948, 186.27157723361765], "shapeLOx": [183.30740123755623, 318.64779471416716, 467.1705436236037, 505.5776106202611, 541.4716533250628], "shapeLOy": [272.15284277577314, 354.8773925333744, 304.24273506076923, 246.68636155411969, 169.11431170589327], "pplXY": [[317.83054550689377, 104.40849416538575], [417.21222413983185, 224.03077649761713], [318.40071570296186, 354.62027811655224], [220.24017375344974, 229.32634377045179]]}