{"shapeUIx": [168.11172968381914, 253.7244170260858, 344.1241983730639, 422.42905606609247, 500.4825359589639], "shapeUIy": [219.99986114834428, 172.04876975563997, 152.64403761319926, 155.95614763350238, 195.63474989801634], "shapeUOx": [210.53276919031646, 296.5261868025586, 381.71054452487215, 474.77943875093086, 558.8001410846111], "shapeUOy": [157.50362089938366, 112.4482592468986, 110.83814568683765, 132.91305717876293, 169.29866551342727], "shapeLIx": [168.11172968381914, 273.04928890658283, 393.5232296499876, 465.83422697774114, 500.4825359589639], "shapeLIy": [219.99986114834428, 337.45552193903114, 341.28986595328126, 277.7276354174277, 195.63474989801634], "shapeLOx": [185.3958989390944, 292.46813220405267, 431.237667564921, 503.00009370072274, 547.6663909672341], "shapeLOy": [254.82299961363304, 323.66628701580237, 296.7331255206936, 243.02891879537825, 171.49335302224287], "pplXY": [[325.1556981799083, 95.78860723145883], [427.52308962248725, 218.2088201256629], [325.3882382484159, 351.4926220839405], [225.26373949922066, 222.7082933407691]]}