{"shapeUIx": [151.78761383802484, 222.5522119597626, 327.74905038619266, 407.78462174124365, 492.0536904133352], "shapeUIy": [252.24043815567325, 181.21228185624284, 137.46896106977897, 137.30999148485108, 186.27155986399717], "shapeUOx": [158.92081278322365, 241.19105081424487, 332.26058564778424, 477.50003046301265, 548.021573520937], "shapeUOy": [225.46498922500155, 133.83706499150446, 100.44626349433841, 127.24385613892005, 173.28850890351868], "shapeLIx": [151.78761383802484, 256.0930134761601, 396.4694879438571, 461.191254042893, 492.0536904133352], "shapeLIy": [252.24043815567325, 356.9213155166781, 357.46026267273885, 281.37960420437264, 186.27155986399717], "shapeLOx": [183.30741377930582, 318.64783054123507, 467.17057512507097, 505.57762814568514, 541.4716601570392], "shapeLOy": [272.1528477865618, 354.877395345899, 304.24272010830896, 246.6863407822371, 169.1142931377774], "pplXY": [[317.8305461747503, 104.40848004912361], [417.212225745062, 224.0307697937689], [318.400714182248, 354.62027228420413], [220.24017289596128, 229.32633635556172]]}