{"shapeUIx": [159.79198369903995, 266.68035918332146, 376.89555145039435, 469.86678091455724, 528.7453452080885], "shapeUIy": [186.99596979803695, 125.34217234405305, 121.2751728893277, 164.67596951119327, 230.85286246739525], "shapeUOx": [163.0169699309748, 244.24124724364782, 366.4917776861135, 488.50364684836484, 550.2261813903151], "shapeUOy": [157.89036017929797, 93.29108691629408, 85.24356677890759, 137.2578622683874, 224.0278658658977], "shapeLIx": [159.79198369903995, 271.89773607565166, 380.0310230637341, 466.0518022923228, 528.7453452080885], "shapeLIy": [186.99596979803695, 352.6825051146254, 362.1649309468583, 309.1729698403957, 230.85286246739525], "shapeLOx": [166.26574307622633, 250.1731869138796, 358.7677887722836, 474.1534815751097, 548.625582646959], "shapeLOy": [228.19060952162994, 338.060160718245, 346.9139493957781, 295.05808159032716, 218.62456349351896], "pplXY": [[323.54221656016125, 86.8464631955641], [432.355822726575, 226.50069849630964], [322.3835309459917, 381.58322611023215], [222.05504564870972, 227.02473130651407]]}