{"shapeUIx": [168.11172968381686, 253.72441702608907, 344.12419837306794, 422.4290560660969, 500.48253595896415], "shapeUIy": [219.9998611483435, 172.04876975564076, 152.6440376132071, 155.95614763352026, 195.63474989803478], "shapeUOx": [210.53276919031154, 296.52618680255716, 381.71054452487937, 474.77943875093297, 558.800141084602], "shapeUOy": [157.50362089938645, 112.4482592469014, 110.83814568684738, 132.91305717877776, 169.2986655134463], "shapeLIx": [168.11172968381686, 273.04928890658687, 393.5232296499874, 465.83422697773733, 500.48253595896415], "shapeLIy": [219.9998611483435, 337.455521939036, 341.2898659532831, 277.7276354174376, 195.63474989803478], "shapeLOx": [185.3958989390811, 292.46813220401464, 431.23766756488766, 503.0000937007041, 547.6663909672268], "shapeLOy": [254.82299961362773, 323.6662870157994, 296.7331255207095, 243.0289187954003, 171.49335302226262], "pplXY": [[325.15569817990763, 95.78860723147383], [427.52308962248554, 218.20882012567003], [325.38823824841757, 351.4926220839467], [225.26373949922157, 222.70829334077703]]}