{"shapeUIx": [157.96324360490556, 252.15276884943918, 361.7621048815265, 457.8091710100713, 508.35375676746935], "shapeUIy": [196.75799776759277, 128.3319901439088, 108.47021652581779, 156.19667245464802, 229.04193800317375], "shapeUOx": [180.16096002684927, 286.8391924588398, 405.3223951617298, 516.6525426580819, 554.8795576861796], "shapeUOy": [157.46223844603443, 75.98327299796117, 82.59493744265708, 140.63409389924075, 207.4241912998072], "shapeLIx": [157.96324360490556, 275.09826903491927, 390.6903399438923, 476.95393305966434, 508.35375676746935], "shapeLIy": [196.75799776759277, 377.86902393894627, 383.0271919931494, 311.2946605499463, 229.04193800317375], "shapeLOx": [182.46568706198565, 313.62160207521845, 462.53349843326293, 509.6081331115368, 544.5211472543141], "shapeLOy": [248.48760240353712, 367.2932556167747, 323.9845587613635, 270.17966627624986, 205.77651470163096], "pplXY": [[321.13208414087904, 71.55935979242417], [445.25719116568644, 218.60487801980898], [319.2072779740151, 397.20919485804427], [200.58455589181403, 220.3107913783552]]}