{"shapeUIx": [158.78540265730604, 240.52192192128373, 344.6917615168255, 436.991782837387, 502.49576489967546], "shapeUIy": [218.00452849539548, 150.10236945411688, 116.70448526027496, 140.46443049887262, 202.34666146004707], "shapeUOx": [183.32576576220475, 282.01017867924736, 384.13561736149757, 508.0224882756952, 562.3778231924996], "shapeUOy": [173.54219630429247, 92.54025059500584, 83.26199749970712, 126.66338159749573, 174.9701194778373], "shapeLIx": [158.78540265730604, 269.6866554928501, 394.541693835363, 477.6477510610492, 502.49576489967546], "shapeLIy": [218.00452849539548, 368.5162884553843, 373.03322063161727, 292.1739610261808, 202.34666146004707], "shapeLOx": [187.9351945741088, 330.4954538195939, 487.0574986389749, 521.68296239754, 549.0291482069722], "shapeLOy": [256.9073152441322, 363.7162487523959, 306.30457426266577, 245.4752735869036, 174.82088818813799], "pplXY": [[322.77869423133814, 69.63054756620926], [439.73869697287046, 214.5129856873952], [320.0266169989312, 380.9443264414147], [207.07046222460076, 218.2016945916295]]}