{"shapeUIx": [168.1117296751857, 253.72441703855247, 344.12419838822177, 422.429056083306, 500.48253595971966], "shapeUIy": [219.99986114549247, 172.04876975879623, 152.64403764287286, 155.95614770133494, 195.63474996811732], "shapeUOx": [210.53276917163672, 296.52618679681035, 381.71054455223106, 474.77943875858665, 558.8001410494109], "shapeUOy": [157.50362091004803, 112.44825925756736, 110.83814572377287, 132.91305723505002, 169.2986655857051], "shapeLIx": [168.1117296751857, 273.0492889217238, 393.52322964917204, 465.8342269632749, 500.48253595971966], "shapeLIy": [219.99986114549247, 337.4555219574228, 341.28986596034423, 277.7276354549717, 195.63474996811732], "shapeLOx": [185.39589888861238, 292.4681320596892, 431.23766743785825, 503.00009363001317, 547.6663909396345], "shapeLOy": [254.8229995934875, 323.66628700452054, 296.7331255810525, 243.02891887925512, 171.49335309727914], "pplXY": [[325.155698177194, 95.78860728853158], [427.5230896159772, 218.2088201527446], [325.38823825453613, 351.4926221074085], [225.26373950268953, 222.70829337070433]]}