{"shapeUIx": [157.96409119361937, 252.15192570854583, 361.75931647030313, 457.8062116202891, 508.3534839005867], "shapeUIy": [196.75463621289197, 128.32912532297934, 108.46513035201406, 156.1867917485226, 229.03195520637036], "shapeUOx": [180.1679727414899, 286.8456316166989, 405.3251979760622, 516.6529437114461, 554.8852460539877], "shapeUOy": [157.45091832520353, 75.97622349865709, 82.58827406820444, 140.62516390822987, 207.41034480641935], "shapeLIx": [157.96409119361937, 275.0999209200719, 390.6905549862221, 476.95607057356176, 508.3534839005867], "shapeLIy": [196.75463621289197, 377.86781341441804, 383.02634219263865, 311.288885988378, 229.03195520637036], "shapeLOx": [182.46943120117433, 313.63636204729556, 462.5498681145069, 509.617741935739, 544.5257866266271], "shapeLOy": [248.48847022324517, 367.29309595060363, 323.9755750055095, 270.1665068901598, 205.7632631196721], "pplXY": [[321.13296811915075, 71.54849917001353], [445.258962017218, 218.6003137842145], [319.20684213758506, 397.207700422227], [200.58382910885433, 220.30623341220084]]}