{"shapeUIx": [165.64409716205355, 254.64579110036652, 354.8114834001809, 461.3990691171458, 524.4030556156523], "shapeUIy": [170.03984490055547, 124.35312626129567, 117.26297545483366, 164.62320087656232, 237.6179395226937], "shapeUOx": [188.83039285067633, 302.4429274016422, 399.1300211575373, 508.02722751720273, 577.3631550752096], "shapeUOy": [140.4437618951924, 72.56250179654286, 84.57128548362036, 147.92116806087847, 218.6888737996569], "shapeLIx": [165.64409716205353, 274.5586044322907, 360.42784269362903, 508.07106426228603, 524.4030556156524], "shapeLIy": [170.0398449005555, 371.3813455648925, 402.8595411536502, 313.3645793737013, 237.61793952269363], "shapeLOx": [204.45709735638172, 312.71535097326347, 455.8187991832676, 527.2993206153892, 546.9284234616097], "shapeLOy": [300.3902991844962, 364.8740877611026, 334.67452497736934, 288.0969620645718, 236.16233732194627], "pplXY": [[327.07283705207976, 82.33771278980142], [440.5227440032233, 215.49628426967496], [319.6818127106584, 398.3282587161997], [207.6639421274559, 212.28839295054186]]}