{"shapeUIx": [190.0242500139555, 292.8584725814904, 385.9596032601645, 477.26995202329056, 502.14059759985673], "shapeUIy": [162.96189732788685, 121.81849813118302, 140.32215265136773, 214.15209351342256, 282.1937634320656], "shapeUOx": [197.20694485130574, 320.2383582508802, 422.0475622255167, 492.62847600006796, 525.6287989331274], "shapeUOy": [152.61293601531446, 88.53069847150269, 128.37992518457662, 192.02596139177405, 260.11678952754164], "shapeLIx": [190.0242500139555, 278.514733753676, 348.5248484081336, 476.11144936934113, 502.14059759985673], "shapeLIy": [162.96189732788685, 343.0447039615344, 378.75726412073936, 323.0484621365048, 282.1937634320656], "shapeLOx": [203.28543815768754, 272.01429723327556, 408.6280779490526, 481.3405569415735, 516.7033401595934], "shapeLOy": [248.63749874430974, 333.6195494161636, 337.0052418979475, 312.02321713025424, 268.27239668881367], "pplXY": [[326.7721708160069, 108.8417364302065], [429.5630361183148, 221.89638405929298], [321.4213200710433, 382.9852583456885], [221.2293907144659, 214.6588061770558]]}