{"shapeUIx": [158.79168218982488, 240.51307104663073, 344.67976549300727, 436.9783025223363, 502.49507642475464], "shapeUIy": [218.00405968887898, 150.0982736015923, 116.68128952679983, 140.41261339067773, 202.29326023637316], "shapeUOx": [183.34304635341678, 282.0185057452235, 384.119513740852, 508.01771539097854, 562.4051040150587], "shapeUOy": [173.52716409709674, 92.52822594841795, 83.23287762803803, 126.61986126112092, 174.91254695023707], "shapeLIx": [158.79168218982488, 269.67781548993173, 394.5423935380759, 477.65881153708335, 502.49507642475464], "shapeLIy": [218.00405968887898, 368.50328996564474, 373.0279473909077, 292.14506448783067, 202.29326023637316], "shapeLOx": [187.97115537513335, 330.6012089214647, 487.1529839040066, 521.7364603611094, 549.0506700205971], "shapeLOy": [256.92124332697375, 363.72358708350936, 306.25835607378104, 245.41055148782908, 174.7619114604904], "pplXY": [[322.7811092889711, 69.58517873760749], [439.7442418009027, 214.49187469625537], [320.02226745967346, 380.92776364316245], [207.06765887228852, 218.17870984405127]]}