{"shapeUIx": [165.64409726378534, 254.6457909543853, 354.8114832183005, 461.39906891107296, 524.4030556062684], "shapeUIy": [170.0398449251648, 124.35312621779576, 117.26297509973578, 164.6232000689962, 237.61793868859323], "shapeUOx": [188.8303930837498, 302.4429274840232, 399.1300208487493, 508.02722742981206, 577.3631554956718], "shapeUOy": [140.44376174395634, 72.56250165589557, 84.57128504073701, 147.92116738890047, 218.6888729308001], "shapeLIx": [165.64409726378534, 274.5586042616064, 360.42784270358425, 508.0710644345465, 524.4030556062684], "shapeLIy": [170.0398449251648, 371.38134534953167, 402.8595410699314, 313.3645789259143, 237.61793868859317], "shapeLOx": [204.45709794828525, 312.7153526760683, 455.81880069043154, 527.2993214554122, 546.9284237917474], "shapeLOy": [300.39029941916874, 364.8740878908431, 334.67452425833073, 288.0969610636381, 236.16233642271973], "pplXY": [[327.07283708561306, 82.3377121040904], [440.52274408274235, 215.49628394574756], [319.68181263895355, 398.32825844154934], [207.6639420856477, 212.28839259371352]]}