{"shapeUIx": [190.0222351835948, 292.86144424434104, 385.9629659869986, 477.2737979737432, 502.14074372255], "shapeUIy": [162.96071836379315, 121.81887861036918, 140.32878891656986, 214.1675055354239, 282.2097221224783], "shapeUOx": [197.2033085166819, 320.2378438292771, 422.0547308542662, 492.6304245473951, 525.6208785352754], "shapeUOy": [152.61398667113383, 88.5323521578303, 128.3881394863301, 192.03864831832826, 260.1327445173232], "shapeLIx": [190.0222351835948, 278.5187150340889, 348.52467592942355, 476.1081662887573, 502.14074372255], "shapeLIy": [162.96071836379315, 343.04908432067185, 378.7588915486477, 323.0569470948878, 282.2097221224783], "shapeLOx": [203.2734682839056, 271.9806280856522, 408.59891634982125, 481.3243968813251, 516.697155135067], "shapeLOy": [248.63263074121187, 333.61673076824457, 337.01892302663884, 312.0421377669924, 268.2891182846619], "pplXY": [[326.77162309249354, 108.85434458905638], [429.561672082211, 221.90244839363737], [321.42277439636, 382.9908564054422], [221.2301488429899, 214.66557723883406]]}