{"shapeUIx": [159.7922601395666, 266.67995694521915, 376.89507714829216, 469.86624067042266, 528.7453225757378], "shapeUIy": [186.99609143854192, 125.34209257925056, 121.2742412105381, 164.6738256606762, 230.85064535393326], "shapeUOx": [163.01752430221183, 244.2413819117087, 366.4908558734395, 488.50339218596844, 550.2272891712086], "shapeUOy": [157.8901049974284, 93.29079571906956, 85.24241011914332, 137.2560896325566, 224.02560977116656], "shapeLIx": [159.7922601395666, 271.89722527335636, 380.03104802155224, 466.0522593714798, 528.7453225757378], "shapeLIy": [186.9960914385419, 352.6819117123521, 362.1647064819338, 309.1717860068518, 230.85064535393326], "shapeLOx": [166.2673693289959, 250.177803274103, 358.7718234897555, 474.15572244000157, 548.6264496476894], "shapeLOy": [228.19126364711582, 338.06053271635517, 346.9120431983224, 295.0554385710605, 218.62221188727773], "pplXY": [[323.5422982342401, 86.84468043916468], [432.35602167422803, 226.4998476594339], [322.38333359784656, 381.5824683749529], [222.05493773133077, 227.02378666201207]]}