{"shapeUIx": [157.96392562347623, 252.15213681174504, 361.7597041130685, 457.80663746151805, 508.3535129462286], "shapeUIy": [196.75485040059257, 128.32937425725487, 108.46586075095645, 156.18833580795857, 229.03353610704727], "shapeUOx": [180.16722861323598, 286.8450845998329, 405.3253161321798, 516.6530060648921, 554.884403351878], "shapeUOy": [157.45188540279912, 75.97687324508436, 82.58920917677425, 140.62650036967557, 207.4122388751216], "shapeLIx": [157.96392562347623, 275.0999798253275, 390.69052916401824, 476.9557399695053, 508.3535129462286], "shapeLIy": [196.75485040059257, 377.8681245088162, 383.0264915037252, 311.2897645989421, 229.03353610704727], "shapeLOx": [182.4685523364481, 313.6335470408321, 462.5471393429528, 509.61618525463444, 544.5251121320188], "shapeLOy": [248.48816558964822, 367.29297498952286, 323.9769628129381, 270.1684865255672, 205.76514621125452], "pplXY": [[321.13287000551213, 71.54998531120673], [445.25875352067396, 218.6009756419199], [319.2069471056856, 397.2080929904311], [200.5839235561737, 220.3069284744911]]}