{"shapeUIx": [158.78912758157787, 240.51669440472716, 344.68450743922097, 436.9836501569267, 502.49533731689036], "shapeUIy": [218.00390700029166, 150.0996941883315, 116.69049671902899, 140.4333368789543, 202.3146387068328], "shapeUOx": [183.33651949389895, 282.01567866649305, 384.1265701421968, 508.0197642575498, 562.3942433370119], "shapeUOy": [173.53229022607988, 92.53253535663302, 83.24440580600455, 126.63720023931823, 174.93527092889258], "shapeLIx": [158.78912758157787, 269.68170320503276, 394.5421246243093, 477.6543893343363, 502.49533731689036], "shapeLIy": [218.00390700029166, 368.5086283819238, 373.0300748299397, 292.1565955940891, 202.3146387068328], "shapeLOx": [187.95643547750484, 330.5583291316877, 487.11459279020653, 521.7149970193586, 549.0421186559531], "shapeLOy": [256.91548572184627, 363.7204903116516, 306.2768288288845, 245.4363556712919, 174.78528778945434], "pplXY": [[322.7801867621032, 69.60309541900192], [439.74209787043736, 214.50026410344987], [320.0240484495497, 380.934566146061], [207.06875892598933, 218.1878883307232]]}