{"shapeUIx": [158.78187105132247, 240.5268654623453, 344.6988966013747, 436.99974606975564, 502.4962036285656], "shapeUIy": [218.00569065400418, 150.10532586404855, 116.7181741349179, 140.4945881402976, 202.37767585675778], "shapeUOx": [183.3147149118462, 282.0040274908047, 384.1433809622944, 508.02489274455576, 562.3618166719734], "shapeUOy": [173.55326351847694, 92.54856175011946, 83.27925979847107, 126.68888070116732, 175.00440640619303], "shapeLIx": [158.78187105132247, 269.6908722338417, 394.54125411136255, 477.6413101625277, 502.4962036285656], "shapeLIy": [218.00569065400418, 368.5234693541377, 373.0362302840332, 292.19083704647096, 202.37767585675778], "shapeLOx": [187.9151617458411, 330.43544452682926, 487.0024590259976, 521.6520077459312, 549.0164776073344], "shapeLOy": [256.89969664080456, 363.71239083805784, 306.3314929231312, 245.51314074271795, 174.8557535420374], "pplXY": [[322.77717748799876, 69.65754941359175], [439.73527660643384, 214.52540944101207], [320.0290416249271, 380.95348720305594], [207.07215434477484, 218.21510374062328]]}