{"shapeUIx": [178.765903404767, 271.27451027019845, 358.41662742688004, 454.70561215010264, 512.3773891201815], "shapeUIy": [169.03569854871847, 137.66228386054826, 143.2106245741437, 194.34854290196935, 263.7977171494032], "shapeUOx": [218.279451245774, 316.18641174715475, 407.9970766289322, 488.1375878506227, 558.7341242692921], "shapeUOy": [111.19616039137449, 84.76129804615216, 113.25472283644226, 171.65948863679947, 237.07448917419123], "shapeLIx": [178.765903404767, 294.1264091266044, 379.0013083826676, 487.1764679009472, 512.3773891201815], "shapeLIy": [169.03569854871847, 355.60739548393286, 371.4402096864125, 312.835783095179, 263.7977171494032], "shapeLOx": [199.063483649327, 294.26220917688687, 420.1228215894027, 497.772038016654, 537.0693295505233], "shapeLOy": [255.79352004989673, 333.9383412433503, 322.29859779593676, 292.769851748788, 251.39196568334683], "pplXY": [[328.69572048049514, 85.29837766893769], [441.34480731094874, 216.4921144469265], [323.9823323866582, 382.1473963591363], [215.27113634194046, 213.71729314209924]]}