{"shapeUIx": [158.79161473744313, 240.51316808198345, 344.67988522634084, 436.978438304587, 502.495082520285], "shapeUIy": [218.00404099861763, 150.0983007799165, 116.68152353825958, 140.41314666479653, 202.29381115551936], "shapeUOx": [183.34289523465958, 282.01845498727516, 384.11972206843603, 508.0177740789465, 562.4048267274179], "shapeUOy": [173.52725762709943, 92.52831526496857, 83.23316926019235, 126.62030451316669, 174.9131185121631], "shapeLIx": [158.79161473744313, 269.6779307002537, 394.54238702798744, 477.6586977946405, 502.495082520285], "shapeLIy": [218.00404099861763, 368.50343311707775, 373.02800277017593, 292.1453599696306, 202.29381115551936], "shapeLOx": [187.9707621379619, 330.6000803323848, 487.15198720217586, 521.735905185831, 549.0504524217447], "shapeLOy": [256.9210870126986, 363.7235002152805, 306.2588307714263, 245.41121183621954, 174.7625037220852], "pplXY": [[322.7810874635413, 69.58562991468963], [439.7441898168921, 214.49208820583732], [320.0223151121853, 380.92794624595274], [207.06768634718182, 218.17894535919822]]}