{"shapeUIx": [157.96370792258503, 252.15237564253727, 361.7603442936078, 457.8073249823762, 508.3535712734621], "shapeUIy": [196.75549831162613, 128.3299582857825, 108.46703883117371, 156.19068880442293, 229.03592570441305], "shapeUOx": [180.165729134359, 286.8437740288256, 405.3249186628879, 516.6529722590446, 554.8830715136158], "shapeUOy": [157.45419034949163, 75.97833102335849, 82.59074328786603, 140.6285990867529, 207.41540751548322], "shapeLIx": [157.96370792258503, 275.09974131213386, 390.6904816524651, 476.9552335645946, 508.3535712734621], "shapeLIy": [196.75549831162613, 377.8684737679256, 383.02670382385736, 311.29112958524394, 229.03592570441305], "shapeLOx": [182.46751961721412, 313.62978957606504, 462.5431620930529, 509.613871561896, 544.5240316883489], "shapeLOy": [248.48787721674003, 367.29294407080204, 323.97909439952093, 270.1715836638342, 205.76821329353544], "pplXY": [[321.1326789013594, 71.55246702737925], [445.2583657788165, 218.60203710612086], [319.20706834670403, 397.2085276748731], [200.58408634154475, 220.30800471275066]]}