{"shapeUIx": [157.9640913208359, 252.15192552563002, 361.7593162441566, 457.8062113638772, 508.3534838890423], "shapeUIy": [196.75463624723514, 128.32912527108516, 108.46512991011892, 156.18679074193128, 229.0319541665197], "shapeUOx": [180.16797302780796, 286.8456317139056, 405.3251975845253, 516.6529436010442, 554.8852465775265], "shapeUOy": [157.4509181462281, 75.97622332870091, 82.58827351741274, 140.62516307137443, 207.41034372671862], "shapeLIx": [157.9640913208359, 275.0999207035628, 390.6905549985345, 476.9560707882621, 508.3534838890423], "shapeLIy": [196.75463624723514, 377.8678131445689, 383.02634208814277, 311.28888543055376, 229.0319541665197], "shapeLOx": [182.46943194252626, 313.63636417599525, 462.5498699952938, 509.617742983491, 544.5257870375159], "shapeLOy": [248.48847051778156, 367.29309611411475, 323.9755741094395, 270.1665056434703, 205.76326200114673], "pplXY": [[321.13296816046994, 71.54849831776045], [445.2589621155433, 218.6003133810488], [319.20684204775375, 397.20770007802605], [200.58382905694282, 220.30623296760524]]}