{"shapeUIx": [168.11172968359605, 253.72441702640805, 344.12419837345533, 422.42905606653693, 500.4825359589834], "shapeUIy": [219.9998611482698, 172.04876975572094, 152.64403761396554, 155.9561476352544, 195.63474989982697], "shapeUOx": [210.53276918983497, 296.5261868024114, 381.7105445255803, 474.77943875112896, 558.8001410837021], "shapeUOy": [157.50362089965694, 112.44825924717293, 110.83814568779135, 132.91305718021658, 169.29866551529335], "shapeLIx": [168.11172968359605, 273.04928890697477, 393.52322964996654, 465.8342269773675, 500.4825359589834], "shapeLIy": [219.9998611482698, 337.45552193950647, 341.28986595346373, 277.72763541839737, 195.63474989982697], "shapeLOx": [185.3958989377897, 292.46813220032254, 431.2376675616388, 503.0000936988962, 547.6663909665215], "shapeLOy": [254.82299961311227, 323.6662870155106, 296.7331255222526, 243.02891879754443, 171.4933530241804], "pplXY": [[325.15569817983834, 95.78860723293235], [427.5230896223193, 218.20882012636224], [325.3882382485741, 351.49262208454707], [225.26373949931022, 222.7082933415423]]}