{"shapeUIx": [164.09514328618167, 276.76511062788654, 389.5607730915941, 499.14436250672827, 546.2742514313413], "shapeUIy": [174.04275647791894, 130.84287032717174, 138.0678364120596, 194.97548932787294, 259.4485736986999], "shapeUOx": [177.7239062104459, 278.5125712831636, 399.20948646072713, 513.9601864733204, 580.8129068076889], "shapeUOy": [155.86180714399183, 99.69792739165942, 103.1673924737419, 164.64184909411597, 247.36460413586164], "shapeLIx": [164.09514328618167, 267.15488821498553, 359.8112829008755, 501.5614935736925, 546.2742514313413], "shapeLIy": [174.04275647791897, 350.86453623515433, 377.85626760711006, 322.2043318587206, 259.4485736986998], "shapeLOx": [187.35335508794404, 263.6556241550819, 379.9525406054813, 505.72003685876143, 552.8921442525784], "shapeLOy": [262.0016684702279, 341.68004930063336, 354.51798898908726, 314.87383061350846, 258.87164475401767], "pplXY": [[330.07378399065976, 94.64702976276044], [446.7291701660155, 219.730793071822], [324.8106341248337, 391.4282221737651], [212.79583061912604, 216.8882091253703]]}