{"shapeUIx": [178.76590340529793, 271.27451026943146, 358.41662742594895, 454.7056121490451, 512.3773891201351], "shapeUIy": [169.035698548897, 137.66228386035635, 143.21062457232068, 194.34854289780054, 263.7977171450948], "shapeUOx": [218.2794512469183, 316.18641174750326, 407.99707662724495, 488.1375878501509, 558.7341242714549], "shapeUOy": [111.19616039072748, 84.7612980455012, 113.2547228341734, 171.65948863334083, 237.0744891697521], "shapeLIx": [178.76590340529793, 294.1264091256706, 379.00130838271764, 487.17646790183625, 512.3773891201351], "shapeLIy": [169.035698548897, 355.6073954828013, 371.44020968597835, 312.83578309287196, 263.7977171450948], "shapeLOx": [199.06348365243264, 294.2622091857646, 420.1228215972136, 497.7720380210003, 537.069329552219], "shapeLOy": [255.7935200511366, 333.93834124404526, 322.29859779222744, 292.7698517436339, 251.39196567873734], "pplXY": [[328.6957204806615, 85.2983776654323], [441.3448073113482, 216.49211444526264], [323.98233238628166, 382.1473963576924], [215.27113634172747, 213.71729314025964]]}