{"shapeUIx": [190.0218538690334, 292.86199936073416, 385.96362049927757, 477.27454346015327, 502.140774786995], "shapeUIy": [162.96055050982855, 121.81898872472702, 140.33007467179934, 214.1704642270126, 282.21278205909584], "shapeUOx": [197.20254348972202, 320.2376579792399, 422.0560027277579, 492.63077583043406, 525.6193496030721], "shapeUOy": [152.61433903804271, 88.53275417532264, 128.38973586259982, 192.04109484829974, 260.13585835381474], "shapeLIx": [190.0218538690334, 278.5194199294015, 348.5246414750372, 476.1075355002714, 502.140774786995], "shapeLIy": [162.96055050982855, 343.0499031965284, 378.759201369639, 323.0585809005435, 282.21278205909584], "shapeLOx": [203.27122442657492, 271.9742581711407, 408.5933488802909, 481.32130451774583, 516.6959584865683], "shapeLOy": [248.63172806870634, 333.61621750391885, 337.021553473711, 312.04578524430735, 268.2923639232863], "pplXY": [[326.7715103598176, 108.85680481992935], [429.56139751159543, 221.90362253059624], [321.4230466859111, 382.9919020066867], [221.23029775045103, 214.66688076618078]]}