{"shapeUIx": [165.6500252028265, 254.5116610207221, 354.9868421403355, 461.42504486792524, 524.3676171909267], "shapeUIy": [170.97618103730755, 125.06270011436311, 117.77334420013116, 164.98563949289104, 237.76220708204625], "shapeUOx": [187.90433520080154, 301.2999404506358, 397.8594600051841, 507.6161764987878, 576.9704745331435], "shapeUOy": [142.62102963352635, 73.90667549102422, 85.17749639561964, 148.33579936716174, 219.54449208501995], "shapeLIx": [165.6500252028265, 273.804087678407, 360.4449700366384, 507.8598638582853, 524.3676171909267], "shapeLIy": [170.97618103730755, 371.0475463796228, 402.67555399916387, 313.4927878525188, 237.76220708204625], "shapeLOx": [204.77399715593316, 312.8858338523247, 455.32433579438356, 526.9341786621244, 546.6269688825494], "shapeLOy": [300.673734922125, 365.0047290789551, 334.98299824678907, 288.65881553905996, 236.80695754467905], "pplXY": [[326.94683179328587, 83.37547613338533], [440.21529947244306, 215.81227298047162], [319.6511653127625, 397.88474254789134], [207.81467442105927, 212.56638283414003]]}