{"shapeUIx": [158.79165509798844, 240.51311007132995, 344.67981340023033, 436.9783568772644, 502.49507884617867], "shapeUIy": [218.0040516795416, 150.0982841650819, 116.68138321162034, 140.41282711424952, 202.29348105796277], "shapeUOx": [183.34298638184893, 282.01848617694026, 384.11959817355387, 508.01773912018973, 562.4049929619968], "shapeUOy": [173.52720023378146, 92.52826098732238, 83.23299433180122, 126.62003880250889, 174.9127755540142], "shapeLIx": [158.79165509798844, 269.677862195143, 394.54239094265375, 477.65876595374755, 502.4950788461786], "shapeLIy": [218.0040516795416, 368.50334753726474, 373.02796960614046, 292.14518286472315, 202.29348105796274], "shapeLOx": [187.97099726954468, 330.60075572758996, 487.1525841410688, 521.7362377603024, 549.0505828986068], "shapeLOy": [256.92118039311066, 363.72355201493656, 306.2585462965177, 245.4108160090882, 174.762148497408], "pplXY": [[322.78110060947364, 69.58535921199754], [439.7442210788149, 214.49196018190068], [320.0222866219607, 380.92783708951924], [207.06766985519317, 218.17880420849366]]}