{"shapeUIx": [168.1117296301338, 253.72441710357793, 344.1241984674249, 422.4290561732358, 500.4825359636784], "shapeUIy": [219.99986113089898, 172.0487697754687, 152.6440377978932, 155.95614805557116, 195.6347503341849], "shapeUOx": [210.53276907374476, 296.526186766345, 381.71054469456317, 474.77943879844645, 558.8001408655422], "shapeUOy": [157.503620966517, 112.44825931371864, 110.83814591675771, 132.913057529053, 169.29866596342345], "shapeLIx": [168.1117296301338, 273.04928900048645, 393.52322964490486, 465.8342268877277, 500.4825359636784], "shapeLIy": [219.99986113089898, 337.45552205335264, 341.2898659972169, 277.7276356510605, 195.6347503341849], "shapeLOx": [185.39589862527572, 292.4681313063008, 431.23766677448685, 503.0000932608099, 547.666390795454], "shapeLOy": [254.82299948844874, 323.66628694575076, 296.73312589627415, 243.0289193173537, 171.49335348932374], "pplXY": [[325.15569816298, 95.7886075867779], [427.5230895819157, 218.20882029421946], [325.38823828646014, 351.49262222981173], [225.26373952082113, 222.70829352704655]]}