{"shapeUIx": [164.09513059272786, 276.765128999609, 389.56079522734547, 499.1443876664649, 546.2742525203491], "shapeUIy": [174.04275187087396, 130.84287467733523, 138.06787978986927, 194.97558867983298, 259.44867639497886], "shapeUOx": [177.72387934280425, 278.51256350593906, 399.2095273116973, 513.9601978592063, 580.8128553149771], "shapeUOy": [155.86182164619285, 99.69794239023739, 103.16744642601853, 164.6419314500103, 247.3647096134172], "shapeLIx": [164.09513059272786, 267.1549108320912, 359.8112817175448, 501.56147238706916, 546.2742525203491], "shapeLIy": [174.04275187087399, 350.8645633383063, 377.8562779689788, 322.20438681054844, 259.44867639497886], "shapeLOx": [187.3532807298232, 263.65541197985914, 379.95235424534496, 505.71993321028623, 552.8921039002023], "shapeLOy": [262.00163872599643, 341.6800325659794, 354.51807737399963, 314.8739533565911, 258.8717543855483], "pplXY": [[330.07378007113317, 94.64711306781139], [446.72916072371856, 219.73083266780768], [324.81064314220674, 391.4282567649336], [212.79583567638406, 216.8882529500791]]}