{"shapeUIx": [165.64409719930762, 254.6457910470162, 354.8114833331932, 461.3990690413026, 524.4030556121597], "shapeUIy": [170.0398449085124, 124.35312624462622, 117.26297532415927, 164.62320057986358, 237.6179392163011], "shapeUOx": [188.8303929375477, 302.44292743352787, 399.13002104605414, 508.0272274855312, 577.3631552298484], "shapeUOy": [140.44376183681058, 72.56250174328669, 84.57128532053889, 147.92116781377825, 218.6888734794686], "shapeLIx": [165.64409719930762, 274.55860437069276, 360.427842697315, 508.0710643255784, 524.4030556121597], "shapeLIy": [170.0398449085124, 371.3813454861867, 402.8595411229348, 313.3645792090903, 237.6179392163011], "shapeLOx": [204.45709757279005, 312.715351597028, 455.81879973635284, 527.2993209238042, 546.9284235830826], "shapeLOy": [300.39029927011495, 364.87408780823824, 334.67452471314334, 288.0969616965566, 236.16233699088698], "pplXY": [[327.07283706454126, 82.33771253714731], [440.5227440326724, 215.49628415048892], [319.6818126844485, 398.3282586158441], [207.66394211203638, 212.28839281939236]]}