{"shapeUIx": [190.0218538649117, 292.8619993666882, 385.9636205065059, 477.2745434683631, 502.14077478735453], "shapeUIy": [162.96055050844438, 121.81898872621801, 140.33007468595218, 214.17046425937593, 282.2127820925427], "shapeUOx": [197.20254348083668, 320.2376579765325, 422.0560027408536, 492.63077583409614, 525.6193495862813], "shapeUOy": [152.61433904306966, 88.53275418037845, 128.3897358802139, 192.04109487514995, 260.1358583882778], "shapeLIx": [190.0218538649117, 278.51941993664946, 348.5246414746487, 476.1075354933696, 502.14077478735453], "shapeLIy": [162.96055050844438, 343.04990320531226, 378.7592013730097, 323.0585809184539, 282.2127820925427], "shapeLOx": [203.27122440246674, 271.97425810222404, 408.5933488196544, 481.3213044840053, 516.6959584734043], "shapeLOy": [248.6317280590818, 333.61621749852475, 337.0215535025075, 312.0457852843196, 268.29236395907174], "pplXY": [[326.7715103585257, 108.85680484714342], [429.5613975084945, 221.9036225435133], [321.423046688834, 382.9919020178954], [221.2302977521048, 214.66688078046195]]}