{"shapeUIx": [187.86020044662274, 286.5247469408808, 382.5128343310583, 471.83635220205235, 502.4050359380038], "shapeUIy": [173.50965295752954, 128.82657524783477, 139.29866509399304, 201.2917876812803, 265.1160426734327], "shapeUOx": [192.918369957521, 311.40177411857815, 408.1782415849553, 489.1124725487105, 531.4434655942752], "shapeUOy": [166.60468875616422, 96.75798067247145, 124.83136405941079, 181.27014853243406, 246.8450257651678], "shapeLIx": [187.86020044662274, 269.99076204017217, 350.5165326808962, 476.5177214591534, 502.4050359380038], "shapeLIy": [173.50965295752954, 338.2646400367004, 374.54380405183537, 314.9766391247815, 265.1160426734327], "shapeLOx": [209.62584957185786, 293.92286572489127, 426.17066779704203, 492.00113980917774, 521.7167732911639], "shapeLOy": [255.56740409911217, 335.83855033514567, 327.94148469193186, 298.20561725457, 252.8793242925157], "pplXY": [[326.0307223485126, 107.01158944073597], [427.97672506469524, 219.6371141869883], [320.3601728859386, 374.8960808887738], [221.52373822294766, 212.6966321798339]]}