{"shapeUIx": [151.78705751089905, 222.5530226956446, 327.7500053157664, 407.78570952264766, 492.0537356493199], "shapeUIy": [252.24019114555654, 181.21244122609568, 137.4708368362312, 137.31430892653702, 186.2760252325065], "shapeUOx": [158.91969878410316, 241.19078262421158, 332.2624449678532, 477.5005437525721, 548.0193427894976], "shapeUOy": [225.46549849118182, 133.8376488843715, 100.44859236636685, 127.2474258907803, 173.29305122100095], "shapeLIx": [151.78705751089905, 256.0940439279068, 396.4694376013973, 461.19033370907584, 492.0537356493199], "shapeLIy": [252.24019114555654, 356.9225109445827, 357.4607148533577, 281.38198813544375, 186.2760252325065], "shapeLOx": [183.30413825651198, 318.6385331988776, 467.16245043175985, 505.57311561087215, 541.469914270818], "shapeLOy": [272.1515295551216, 354.8766454932962, 304.2465581838679, 246.69166265272196, 169.1190282783004], "pplXY": [[317.83038196010017, 104.41206859027461], [417.211825579892, 224.03248268343867], [318.40111171579, 354.62179891087925], [220.24039007671155, 229.32823817938046]]}