{"shapeUIx": [159.79200138464608, 266.6803335767801, 376.8955206439542, 469.86674589452593, 528.7453436957325], "shapeUIy": [186.99597631242935, 125.34216635011265, 121.2751125100388, 164.67583117480203, 230.8527194695169], "shapeUOx": [163.017007227276, 244.2412579238926, 366.491720625001, 488.50363095463007, 550.2262530731767], "shapeUOy": [157.8903402455664, 93.29106617792311, 85.2434916902106, 137.257747617113, 224.0277190897511], "shapeLIx": [159.79200138464608, 271.8977044817835, 380.0310247087638, 466.05183179195245, 528.7453436957325], "shapeLIy": [186.99597631242932, 352.68246733813595, 362.16491651524416, 309.17289333488503, 230.8527194695169], "shapeLOx": [166.26584670902122, 250.17348251428544, 358.7680483177268, 474.15362591326664, 548.625638816377], "shapeLOy": [228.19065099225458, 338.06018406823625, 346.9138263342853, 295.05791070943843, 218.62441090708293], "pplXY": [[323.5422220046595, 86.84634726911005], [432.3558358524275, 226.50064337939813], [322.38351837790594, 381.5831778952405], [222.05503861245876, 227.02467029009546]]}