{"shapeUIx": [178.7659034049765, 271.27451026989576, 358.4166274265126, 454.7056121496853, 512.3773891201632], "shapeUIy": [169.03569854878887, 137.66228386047246, 143.21062457342424, 194.34854290032416, 263.7977171477029], "shapeUOx": [218.2794512462257, 316.1864117472924, 407.9970766282665, 488.13758785043655, 558.7341242701457], "shapeUOy": [111.19616039111898, 84.76129804589516, 113.25472283554684, 171.6594886354345, 237.07448917243929], "shapeLIx": [178.7659034049765, 294.12640912623596, 379.00130838268734, 487.1764679012981, 512.3773891201632], "shapeLIy": [169.03569854878887, 355.60739548348636, 371.4402096862412, 312.83578309426855, 263.7977171477029], "shapeLOx": [199.06348365055254, 294.2622091803903, 420.12282159248525, 497.77203801836924, 537.0693295511926], "shapeLOy": [255.793520050386, 333.9383412436245, 322.29859779447287, 292.76985174675394, 251.39196568152767], "pplXY": [[328.6957204805608, 85.29837766755425], [441.3448073111064, 216.49211444626985], [323.9823323865096, 382.1473963585665], [215.27113634185645, 213.71729314137323]]}