{"shapeUIx": [160.53669101583594, 253.81178497039224, 365.07095685767723, 456.2004602001477, 507.1060255387985], "shapeUIy": [210.89378335155052, 144.43215984067518, 124.05211332425138, 163.26228009649776, 225.6773549579329], "shapeUOx": [176.56773414080288, 279.61546804037584, 392.6141413874048, 506.35063903761403, 551.8505179747972], "shapeUOy": [183.29328272779486, 99.0867409397312, 97.85725478897923, 146.09825909016166, 210.99339480241878], "shapeLIx": [160.53669101583594, 263.9540379703482, 389.8152584619154, 472.68435873551005, 507.1060255387985], "shapeLIy": [210.89378335155052, 362.92068080419796, 370.78495256210437, 306.3600580469314, 225.6773549579329], "shapeLOx": [188.09473430441452, 313.83899062560874, 453.12732884910247, 505.888798069315, 541.8960902328308], "shapeLOy": [251.8457993981017, 358.59235611207436, 320.60891578911276, 270.5943820557367, 207.1743848932709], "pplXY": [[320.74050109250817, 89.30514921542537], [439.3934081381367, 221.25468881680985], [320.1485887548175, 382.302116241775], [206.31227248459518, 222.60627181640712]]}