{"shapeUIx": [190.0220949003359, 292.8616489743907, 385.96320523368513, 477.27407071280106, 502.1407548966402], "shapeUIy": [162.96065218544823, 121.81891603954186, 140.32925938281218, 214.1685902508212, 282.2108442159891], "shapeUOx": [197.20303335421468, 320.2377826154918, 422.0552055018672, 492.6305551736465, 525.6203186777736], "shapeUOy": [152.61410383901506, 88.5324927996315, 128.38872319259752, 192.03954436291968, 260.1338820030442], "shapeLIx": [190.0220949003359, 278.5189782024896, 348.5246634141886, 476.10793505519877, 502.1407548966402], "shapeLIy": [162.96065218544823, 343.049386308523, 378.75900532751837, 323.05754568116845, 282.2108442159891], "shapeLOx": [203.27264121744886, 271.9782850505135, 408.5968725806887, 481.32326231006755, 516.6967171767168], "shapeLOy": [248.63229725307187, 333.6165403491604, 337.01988713543597, 312.04347381806514, 268.2903053159016], "pplXY": [[326.771582365829, 108.85524343377804], [429.56157242229176, 221.90287808841452], [321.4228747866062, 382.99124207836746], [221.2302031763235, 214.66605488880015]]}