{"shapeUIx": [159.79198369923208, 266.6803591830439, 376.8955514500573, 469.8667809141745, 528.7453452080716], "shapeUIy": [186.99596979810136, 125.34217234398348, 121.27517288866788, 164.67596950968456, 230.852862465836], "shapeUOx": [163.01696993138916, 244.24124724377424, 366.4917776855032, 488.50364684819414, 550.226181391098], "shapeUOy": [157.8903601790633, 93.29108691605822, 85.24356677808643, 137.2578622671357, 224.02786586429096], "shapeLIx": [159.79198369923208, 271.8977360753139, 380.0310230637522, 466.05180229264454, 528.7453452080716], "shapeLIy": [186.99596979810136, 352.68250511421604, 362.16493094670113, 309.1729698395608, 230.852862465836], "shapeLOx": [166.2657430773501, 250.1731869170921, 358.76778877511026, 474.15348157668257, 548.6255826475726], "shapeLOy": [228.19060952207855, 338.0601607184964, 346.9139493944357, 295.0580815884619, 218.62456349185064], "pplXY": [[323.5422165602215, 86.84646319429535], [432.3558227267196, 226.50069849570747], [322.38353094585545, 381.5832261097097], [222.05504564863259, 227.02473130584832]]}