{"shapeUIx": [165.6422748057518, 254.63203395669842, 354.8466158552341, 461.42786134490154, 524.4066471474075], "shapeUIy": [170.15535275335833, 124.4360963212439, 117.33095789920222, 164.70919782315946, 237.6924141154679], "shapeUOx": [188.68055592642816, 302.2702308340098, 398.9638599709251, 507.9875076669149, 577.2983414463787], "shapeUOy": [140.7504176600812, 72.74420159852117, 84.66114586689, 148.01211244745153, 218.86941742293124], "shapeLIx": [165.6422748057518, 274.4625348991174, 360.42596046589335, 508.0463694780111, 524.4066471474075], "shapeLIy": [170.15535275335836, 371.35753492406155, 402.8562602611493, 313.41623417989786, 237.6924141154679], "shapeLOx": [204.48984535799715, 312.6966620325664, 455.70569068244856, 527.2229350847401, 546.8743201038178], "shapeLOy": [300.4242523826139, 364.9059343287039, 334.75699391434983, 288.2295703876995, 236.31612001496697], "pplXY": [[327.05437747453817, 82.4949109383044], [440.4857846999036, 215.55162659624125], [319.67759355450215, 398.2955175851168], [207.67837921204946, 212.33673014992186]]}