{"shapeUIx": [158.79168217167654, 240.5130710728422, 344.67976552485203, 436.97830255850266, 502.49507642634046], "shapeUIy": [218.00405968283297, 150.0982736081912, 116.68128958914585, 140.41261353322182, 202.2932603836869], "shapeUOx": [183.3430463142238, 282.01850573322344, 384.11951379844083, 508.0177154070878, 562.4051039410961], "shapeUOy": [173.52716411936865, 92.52822597075979, 83.23287770563611, 126.61986137939259, 174.9125471020748], "shapeLIx": [158.79168217167654, 269.6778155218036, 394.54239353636336, 477.65881150668395, 502.49507642634046], "shapeLIy": [218.00405968283297, 368.5032900043136, 373.027947405752, 292.1450645667213, 202.2932603836869], "shapeLOx": [187.97115526899796, 330.6012086180072, 487.15298363696377, 521.7364602125092, 549.0506699626079], "shapeLOy": [256.92124328461034, 363.72358705977547, 306.25835620061736, 245.41055166407546, 174.7619116181389], "pplXY": [[322.7811092832741, 69.58517885750534], [439.7442417872338, 214.49187475315648], [320.0222674725411, 380.92776369250544], [207.06765887957522, 218.1787099069549]]}