{"shapeUIx": [190.154552839761, 292.58912870643076, 385.7387200952728, 477.0016689369653, 502.14554631230675], "shapeUIy": [163.234894130458, 121.91412940368718, 139.89639833971748, 213.0430576017433, 281.01221876415394], "shapeUOx": [197.2636668039084, 320.01431629488314, 421.24955011720556, 492.4290331907957, 526.1723815509164], "shapeUOy": [152.9700866069375, 88.65703286470259, 127.84723149817664, 191.13188009334155, 259.08199393896297], "shapeLIx": [190.154552839761, 278.0619330332933, 348.54278931516086, 476.33133451768236, 502.14554631230675], "shapeLIy": [163.234894130458, 342.6757417936769, 378.6202009996063, 322.44510107057715, 281.01221876415394], "shapeLOx": [204.23130005268473, 274.5715446746827, 410.72074703245187, 482.49575923852353, 517.1270910698402], "shapeLOy": [249.07306745104853, 333.8840924707702, 336.0599670250957, 310.718386224178, 267.1378916346808], "pplXY": [[326.7874627244022, 108.0823937048837], [429.6143659373714, 221.50447176253473], [321.3040118240499, 382.50293634033955], [221.19082267397022, 214.20887284489177]]}