{"shapeUIx": [168.1117296824312, 253.7244170280904, 344.12419837549953, 422.4290560688586, 500.4825359590853], "shapeUIy": [219.99986114788234, 172.04876975614496, 152.6440376179677, 155.95614764440444, 195.63474990928313], "shapeUOx": [210.53276918731837, 296.5261868016401, 381.7105445292758, 474.7794387521628, 558.8001410789544], "shapeUOy": [157.50362090108834, 112.44825924860807, 110.83814569277267, 132.91305718780868, 169.29866552504055], "shapeLIx": [168.1117296824312, 273.04928890902, 393.52322964985666, 465.8342269754162, 500.4825359590853], "shapeLIy": [219.99986114788234, 337.4555219419884, 341.28986595441654, 277.7276354234615, 195.63474990928313], "shapeLOx": [185.39589893097747, 292.46813218084446, 431.2376675444974, 503.00009368935764, 547.6663909627989], "shapeLOy": [254.8229996103933, 323.6662870139874, 296.7331255303943, 243.028918808858, 171.49335303430044], "pplXY": [[325.15569817947255, 95.78860724062915], [427.5230896214417, 218.20882013001489], [325.3882382494, 351.4926220877141], [225.263739499778, 222.70829334558016]]}