{"shapeUIx": [178.76590340484765, 271.2745102700819, 358.41662742673856, 454.70561214994194, 512.3773891201745], "shapeUIy": [169.0356985487456, 137.66228386051907, 143.21062457386668, 194.34854290133592, 263.7977171487486], "shapeUOx": [218.27945124594794, 316.1864117472078, 407.9970766286759, 488.1375878505511, 558.7341242696208], "shapeUOy": [111.19616039127604, 84.76129804605318, 113.2547228360975, 171.65948863627392, 237.07448917351667], "shapeLIx": [178.76590340484765, 294.1264091264626, 379.0013083826752, 487.1764679010823, 512.3773891201745], "shapeLIy": [169.0356985487456, 355.6073954837609, 371.4402096863465, 312.83578309482846, 263.7977171487486], "shapeLOx": [199.06348364979883, 294.26220917823576, 420.1228215905896, 497.7720380173144, 537.069329550781], "shapeLOy": [255.79352005008508, 333.9383412434559, 322.29859779537315, 292.76985174800484, 251.39196568264637], "pplXY": [[328.69572048052044, 85.29837766840501], [441.3448073110095, 216.49211444667367], [323.982332386601, 382.1473963589169], [215.2711363419081, 213.7172931418197]]}