{"shapeUIx": [178.77901047451869, 271.2528377178959, 358.39924715682815, 454.6848555554434, 512.3774606982228], "shapeUIy": [169.05848410634312, 137.670107020994, 143.1748272058748, 194.2577060161969, 263.7024301038986], "shapeUOx": [218.28281288535322, 316.1659878338778, 407.9270270285766, 488.1200677250425, 558.778573200145], "shapeUOy": [111.23040467707008, 84.77425845542191, 113.21153213289213, 171.58750800867097, 236.99380146818083], "shapeLIx": [178.77901047451869, 294.08699740536747, 379.0020102912887, 487.195574021618, 512.3774606982228], "shapeLIy": [169.05848410634312, 355.57567958067096, 371.42978724440684, 312.78701736249695, 263.7024301038986], "shapeLOx": [199.14793385869422, 294.4845462577696, 420.3020216973837, 497.86963839055136, 537.1033743777791], "shapeLOy": [255.83069297295705, 333.9622352952084, 322.2193126254787, 292.6625258030226, 251.30262478939], "pplXY": [[328.69690972941544, 85.23503898929172], [441.34936327340193, 216.45917789783624], [323.9719864096975, 382.1066320476076], [215.2676466826875, 213.67859774434228]]}