{"shapeUIx": [168.1851851851852, 249.18518518518516, 349.2962962962963, 445.96296296296293, 509.0], "shapeUIy": [225.74074074074073, 176.14814814814815, 156.77777777777777, 179.1851851851852, 222.5925925925926], "shapeUOx": [181.85185185185185, 266.88888888888886, 375.3703703703704, 488.29629629629625, 568.2222222222223], "shapeUOy": [194.66666666666669, 135.11111111111111, 122.88888888888889, 154.66666666666669, 206.81481481481484], "shapeLIx": [168.1851851851852, 261.6296296296296, 380.33333333333337, 471.51851851851853, 509.0], "shapeLIy": [225.74074074074073, 330.48148148148147, 341.33333333333337, 289.77777777777777, 222.5925925925926], "shapeLOx": [199.62962962962962, 305.9259259259259, 433.29629629629625, 504.96296296296293, 547.5185185185185], "shapeLOy": [266.22222222222223, 328.18518518518516, 304.9259259259259, 260.48148148148147, 208.48148148148147], "pplXY": [[326.51851851851853, 109.2962962962963], [427.11111111111114, 220.77777777777777], [323.22222222222223, 352.88888888888886], [226.18518518518516, 221.88888888888886]]}