{"shapeUIx": [151.787262178901, 222.55272350166507, 327.74965615423775, 407.78531141978016, 492.0537193816573], "shapeUIy": [252.24028876011516, 181.21238723860043, 137.47015035510995, 137.3127256288356, 186.27438727766605], "shapeUOx": [158.92009926636584, 241.19087050732574, 332.26175055612623, 477.5003527669925, 548.0201598017873], "shapeUOy": [225.46532982236803, 133.83744490942823, 100.44774066076896, 127.2461181351078, 173.2913916007019], "shapeLIx": [151.787262178901, 256.09365893324355, 396.4694559191751, 461.1906711409225, 492.0537193816573], "shapeLIy": [252.24028876011516, 356.92206995424476, 357.460548741796, 281.3811145051077, 186.27438727766605], "shapeLOx": [183.3053459573877, 318.64195404887505, 467.16543371304004, 505.5747716484858, 541.4705533823051], "shapeLOy": [272.1520168107718, 354.87692385221646, 304.24515114953977, 246.689712846876, 169.1172961056287], "pplXY": [[317.8304412607685, 104.41075736485342], [417.2119707945987, 224.03185572334033], [318.40096509134406, 354.6212355799545], [220.2403108222332, 229.32754117676495]]}