{"shapeUIx": [178.86409111572445, 270.2338520907448, 358.1556454761457, 454.17087780072944, 512.5391668187807], "shapeUIy": [171.35548385691578, 139.05314724567648, 142.88526043323435, 191.9859876985065, 260.8379102888058], "shapeUOx": [216.6478692671179, 313.4683466770292, 403.9070307625068, 487.1623652657011, 559.6690968865588], "shapeUOy": [115.7648407386245, 87.24578048330399, 112.69979074496923, 169.85761227272334, 235.67593849734288], "shapeLIx": [178.86409111572445, 291.67253245189016, 379.1063735448564, 487.4399571695243, 512.5391668187807], "shapeLIy": [171.35548385691578, 354.2555516274006, 370.837046907158, 311.5194945303944, 260.8379102888058], "shapeLOx": [201.6508082552897, 300.5098372461997, 424.2365859995654, 500.07967660286596, 537.8171011061505], "shapeLOy": [257.44014601301586, 334.89753159719294, 320.6319441656784, 290.4360621931727, 249.37996672490445], "pplXY": [[328.5205131346905, 85.11411692536362], [441.00009230520845, 216.0795068468834], [323.65668540641866, 380.338656806493], [215.38380071346137, 213.15023483929093]]}