{"shapeUIx": [178.76590341003416, 271.2745102625885, 358.4166274176473, 454.70561213961554, 512.3773891197227], "shapeUIy": [169.03569855049946, 137.66228385865148, 143.21062455606494, 194.34854286062307, 263.797717106672], "shapeUOx": [218.27945125711113, 316.1864117505948, 407.9970766121786, 488.1375878459391, 558.7341242907416], "shapeUOy": [111.19616038498516, 84.76129803971148, 113.2547228139434, 171.65948860249904, 237.07448913017362], "shapeLIx": [178.76590341003416, 294.1264091173317, 379.00130838316363, 487.17646790976477, 512.3773891197227], "shapeLIy": [169.03569855049946, 355.6073954727061, 371.4402096821057, 312.83578307229834, 263.797717106672], "shapeLOx": [199.06348368013914, 294.26220926495404, 420.12282166687737, 497.7720380597622, 537.0693295673391], "shapeLOy": [255.79352006219975, 333.9383412502479, 322.2985977591479, 292.76985169767283, 251.39196563763653], "pplXY": [[328.69572048214405, 85.29837763417837], [441.34480731490765, 216.49211443042617], [323.98233238292244, 382.14739634481003], [215.2711363398284, 213.71729312385474]]}