{"shapeUIx": [190.03138335535218, 292.84765830504614, 385.948102613673, 477.25670759162904, 502.1401918372932], "shapeUIy": [162.96764114164347, 121.8182024989408, 140.29932136281622, 214.0982631315407, 282.1378837502258], "shapeUOx": [197.2177894990478, 320.2377527639167, 422.01971057005113, 492.6210672590797, 525.6562360008661], "shapeUOy": [152.6133802042143, 88.52723091407759, 128.35176294938597, 191.98192248733673, 260.06239811428054], "shapeLIx": [190.03138335535218, 278.4992105029394, 348.5254264830951, 476.12288141582405, 502.1401918372932], "shapeLIy": [162.96764114164347, 343.0288193100341, 378.75149090130725, 323.01895182173087, 282.1378837502258], "shapeLOx": [203.32859598111008, 272.1342053818774, 408.7305922486964, 481.3972075007158, 516.7247035542614], "shapeLOy": [248.65535996430168, 333.6301250702184, 336.9576255586414, 311.9575760358904, 268.21490701171564], "pplXY": [[326.77387422466137, 108.79884225407743], [429.56743906055874, 221.87550319413685], [321.4160657370496, 382.9649260128091], [221.22684544605573, 214.63530424832675]]}