{"shapeUIx": [164.0956299524741, 276.76440090671673, 389.5599423792536, 499.14341558598215, 546.2742122851384], "shapeUIy": [174.04298343132558, 130.84273879522215, 138.0662033931251, 194.97172547539003, 259.44468043910877], "shapeUOx": [177.72486421041486, 278.5127878008119, 399.2078440795728, 513.9597340714151, 580.8148496877102], "shapeUOy": [155.86139367326828, 99.69743555472155, 103.1653662835964, 164.63873955130606, 247.3606549644503], "shapeLIx": [164.0956299524741, 267.15397783028266, 359.81132641788565, 501.5622959173873, 546.2742122851384], "shapeLIy": [174.04298343132558, 350.86348937237534, 377.85587294686906, 322.2022545915664, 259.44468043910877], "shapeLOx": [187.35622278730185, 263.6637507468014, 379.9596315567575, 505.723973389844, 552.8936642123866], "shapeLOy": [262.0028242015118, 341.6807088190451, 354.5146431694126, 314.86919382746555, 258.86752438056567], "pplXY": [[330.0739256353778, 94.64390892361698], [446.7295165271741, 219.72930153807147], [324.81028603972493, 391.42688513866017], [212.79564191195237, 216.8865514320052]]}