{"shapeUIx": [165.64409726124373, 254.6457909580513, 354.81148322277744, 461.399068916155, 524.403055606493], "shapeUIy": [170.0398449243654, 124.35312621875315, 117.26297510849577, 164.6232000890025, 237.61793870926644], "shapeUOx": [188.8303930781928, 302.44292748226553, 399.1300208567429, 508.0272274320532, 577.3631554852836], "shapeUOy": [140.44376174721003, 72.56250165910306, 84.57128505164467, 147.92116740550992, 218.6888729521548], "shapeLIx": [165.64409726124373, 274.5586042660292, 360.4278427033426, 508.0710644302797, 524.403055606493], "shapeLIy": [170.0398449243654, 371.3813453549399, 402.85954107201286, 313.36457893699105, 237.6179387092664], "shapeLOx": [204.4570979334369, 312.71535263356117, 455.81880065298094, 527.2993214345654, 546.9284237836002], "shapeLOy": [300.39029941325015, 364.8740878875361, 334.6745242761348, 288.09696108838693, 236.16233644487698], "pplXY": [[327.072837084807, 82.33771212095112], [440.5227440808133, 215.4962839537417], [319.68181264075344, 398.3282584484497], [207.66394208667307, 212.2883926025445]]}