{"shapeUIx": [158.79168218982443, 240.5130710466314, 344.67976549300806, 436.97830252233723, 502.49507642475464], "shapeUIy": [218.00405968887884, 150.09827360159244, 116.68128952680141, 140.41261339068137, 202.29326023637694], "shapeUOx": [183.3430463534158, 282.01850574522314, 384.11951374085345, 508.017715390979, 562.4051040150567], "shapeUOy": [173.5271640970973, 92.52822594841851, 83.23287762804, 126.61986126112393, 174.91254695024094], "shapeLIx": [158.79168218982443, 269.6778154899325, 394.5423935380759, 477.6588115370826, 502.49507642475464], "shapeLIy": [218.00405968887884, 368.5032899656457, 373.027947390908, 292.14506448783266, 202.29326023637694], "shapeLOx": [187.97115537513065, 330.601208921457, 487.1529839039998, 521.7364603611056, 549.0506700205956], "shapeLOy": [256.9212433269727, 363.72358708350873, 306.2583560737843, 245.41055148783357, 174.76191146049445], "pplXY": [[322.7811092889709, 69.58517873761056], [439.7442418009024, 214.49187469625676], [320.0222674596738, 380.92776364316376], [207.06765887228872, 218.17870984405286]]}