{"shapeUIx": [157.96409112019055, 252.15192581383903, 361.75931660184654, 457.80621176929174, 508.35348390739864], "shapeUIy": [196.75463619585662, 128.32912535488717, 108.46513060875941, 156.18679233208243, 229.0319558090665], "shapeUOx": [180.16797257221216, 286.8456315560529, 405.3251981978425, 516.6529437742957, 554.8852457500437], "shapeUOy": [157.45091843643186, 75.9762236013821, 82.58827438849166, 140.6251643939608, 207.41034543493848], "shapeLIx": [157.96409112019055, 275.0999210426448, 390.6905549790087, 476.9560704490809, 508.35348390739864], "shapeLIy": [196.75463619585662, 377.86781356975325, 383.02634225310567, 311.288886312021, 229.0319558090665], "shapeLOx": [182.46943077418396, 313.6363608180936, 462.5498670258515, 509.6177413288691, 544.5257863879399], "shapeLOy": [248.4884700540806, 367.2930958572171, 323.9755755251339, 270.16650761363854, 205.76326376993916], "pplXY": [[321.1329680948216, 71.54849966601864], [445.2589619595951, 218.60031401841047], [319.2068421893074, 397.20770062031403], [200.58382913910646, 220.30623367008585]]}