{"shapeUIx": [157.96409132083596, 252.15192552563, 361.7593162441565, 457.8062113638771, 508.3534838890423], "shapeUIy": [196.75463624723517, 128.32912527108516, 108.46512991011875, 156.18679074193088, 229.03195416651926], "shapeUOx": [180.16797302780807, 286.8456317139057, 405.32519758452514, 516.6529436010441, 554.8852465775267], "shapeUOy": [157.45091814622805, 75.97622332870085, 82.58827351741255, 140.6251630713741, 207.41034372671817], "shapeLIx": [157.96409132083596, 275.0999207035627, 390.6905549985345, 476.95607078826214, 508.3534838890423], "shapeLIy": [196.75463624723517, 377.86781314456874, 383.0263420881427, 311.28888543055353, 229.03195416651926], "shapeLOx": [182.46943194252657, 313.63636417599616, 462.54986999529467, 509.61774298349144, 544.525787037516], "shapeLOy": [248.48847051778165, 367.2930961141148, 323.97557410943915, 270.1665056434698, 205.76326200114627], "pplXY": [[321.13296816046994, 71.54849831776012], [445.2589621155433, 218.60031338104864], [319.2068420477537, 397.2077000780259], [200.5838290569428, 220.30623296760504]]}