{"shapeUIx": [190.04566028876155, 292.824894894772, 385.9256832772307, 477.2306194377178, 502.13970244523324], "shapeUIy": [162.9832402918612, 121.82024485688854, 140.25463964834216, 213.9906252712391, 282.02564377454655], "shapeUOx": [197.23482975034347, 320.2305760833485, 421.95726875222016, 492.60483608507, 525.7105362104888], "shapeUOy": [152.6243320132781, 88.52595315555392, 128.29674810605502, 191.89443274831117, 259.9566712632886], "shapeLIx": [190.04566028876155, 278.4642407326445, 348.52658393843444, 476.14555502264386, 502.13970244523324], "shapeLIy": [162.9832402918612, 342.9956961344297, 378.7396464647997, 322.96020665376955, 282.02564377454655], "shapeLOx": [203.4176762318133, 272.378617231284, 408.9364763906257, 481.51072436057757, 516.7668812865702], "shapeLOy": [248.69312757482786, 333.6529318338588, 336.863045325865, 311.82751409389004, 268.1019520685848], "pplXY": [[326.7767528139833, 108.71610880039205], [429.57528950384346, 221.83460330556585], [321.4051860184301, 382.92240523835846], [221.22205346466217, 214.58886902187788]]}