{"shapeUIx": [199.7846084839976, 294.40205538129175, 393.8250559889795, 488.9998774234447, 522.8919494045391], "shapeUIy": [182.5106915694921, 125.72484509652004, 122.57768582520934, 162.10952965705928, 209.56579828632593], "shapeUOx": [182.7750108731617, 298.51335459906676, 387.80445412427764, 497.3936255105442, 556.7601018551911], "shapeUOy": [199.9104624343491, 99.41350858526557, 94.05138130195375, 132.71959202733095, 196.33111395419812], "shapeLIx": [199.7846084839976, 239.6364631722435, 339.7856217167564, 493.60156384010514, 522.8919494045391], "shapeLIy": [182.5106915694921, 314.45293628194474, 374.59921310730743, 290.5076107546482, 209.56579828632593], "shapeLOx": [231.4305125456864, 314.6028909642315, 436.34343388338675, 517.0050277530543, 542.319395169093], "shapeLOy": [265.6256092680027, 345.0986412609469, 324.11779249931067, 263.38022635606274, 197.05750939340845], "pplXY": [[332.5143047395875, 87.75811577315005], [432.42692377987294, 213.2632216774676], [324.20507832160285, 369.5224184686162], [230.28336211648661, 206.53827254651637]]}