{"shapeUIx": [203.00082660734304, 260.5840936659132, 338.45410361766903, 436.7599338339274, 510.34756029193693], "shapeUIy": [247.62864815463314, 208.34883044957476, 182.02954738744688, 176.52701900801998, 212.6721611055387], "shapeUOx": [190.00143084324324, 254.71281682253485, 353.78815970917316, 475.38270401245427, 566.073135245165], "shapeUOy": [244.22419487089334, 180.58515951280992, 142.88413326346898, 154.7133938710983, 196.6839354809062], "shapeLIx": [203.00082660734304, 234.36054772380967, 314.9585238225148, 456.94453011818143, 510.34756029193693], "shapeLIy": [247.62864815463314, 296.7751816855793, 334.2006691068157, 294.92320233247216, 212.67216110553872], "shapeLOx": [212.32066602410993, 257.6119240056357, 362.0800992074274, 480.8434301584128, 547.4741882720998], "shapeLOy": [261.4943520585736, 302.9700596749898, 316.835370133993, 277.4221006660184, 201.77547336417592], "pplXY": [[332.52310204025673, 135.87441116136813], [410.48902292153224, 234.02063670313132], [325.6959537398866, 326.3531448672906], [253.59049361736106, 236.94245267047984]]}