{"shapeUIx": [153.4956667235126, 263.6973230248597, 393.5344148141874, 493.11915471438317, 520.488696822408], "shapeUIy": [188.6583320024444, 139.65608111860288, 140.21589619149825, 204.29099397296216, 266.150205920769], "shapeUOx": [149.63450206018453, 249.70795323202893, 376.25293557523486, 489.6704424793995, 547.7807659441745], "shapeUOy": [179.5504604127213, 118.31795629897296, 118.43205962837874, 176.4409081849885, 247.92234259591413], "shapeLIx": [153.4956667235126, 262.8251285114115, 357.32367849953135, 464.9947608176524, 520.488696822408], "shapeLIy": [188.6583320024444, 331.06476512020237, 343.7736328887688, 307.2158484631633, 266.150205920769], "shapeLOx": [175.42847821092772, 275.300992794614, 395.24693497086247, 479.06313770641293, 537.5466379894892], "shapeLOy": [248.09490086710025, 318.79694823564796, 322.36505714039157, 301.2149316250178, 253.2164731555672], "pplXY": [[327.44981412712895, 119.34033749117829], [419.8446622789002, 221.01618501474312], [320.4552136842222, 357.5212289124001], [228.31130312280897, 215.02373023343614]]}