{"shapeUIx": [174.48703114126778, 262.7329938294175, 365.8107023268976, 448.5256880303525, 493.26847411842476], "shapeUIy": [206.89688108821173, 144.5393467392743, 125.22772631309188, 157.6685234358484, 218.91452111124752], "shapeUOx": [193.40360622127955, 278.61197804510175, 387.4014206179286, 482.9283669998031, 540.515285627848], "shapeUOy": [152.6657738411329, 96.18400168120914, 91.56961078012993, 133.79042572137018, 188.9219951355964], "shapeLIx": [174.48703114126778, 275.96937326003325, 373.61030091723165, 456.78929899155304, 493.26847411842476], "shapeLIy": [206.89688108821173, 348.37773139185697, 358.22583880099063, 295.46919332275246, 218.91452111124752], "shapeLOx": [192.74766021081265, 317.0151521036801, 438.5281323217226, 488.21342130292135, 536.0264671276191], "shapeLOy": [251.50404442612648, 334.23178440542137, 292.1721826354251, 253.70206472667522, 196.75364350399812], "pplXY": [[327.0637422469702, 78.38803025752301], [427.3620428152738, 214.64479986552865], [322.5589182295016, 356.35639624715736], [225.43885174279762, 216.4234191960412]]}